-- phpMyAdmin SQL Dump
-- version 5.2.2
-- https://www.phpmyadmin.net/
--
-- Host: mysql:3306
-- Generation Time: Sep 17, 2025 at 05:58 PM
-- Server version: 8.0.43
-- PHP Version: 8.2.27

SET SQL_MODE = "NO_AUTO_VALUE_ON_ZERO";
START TRANSACTION;
SET time_zone = "+05:00";


/*!40101 SET @OLD_CHARACTER_SET_CLIENT=@@CHARACTER_SET_CLIENT */;
/*!40101 SET @OLD_CHARACTER_SET_RESULTS=@@CHARACTER_SET_RESULTS */;
/*!40101 SET @OLD_COLLATION_CONNECTION=@@COLLATION_CONNECTION */;
/*!40101 SET NAMES utf8mb4 */;

--
-- Database: `exepower`
--

-- --------------------------------------------------------

--
-- Table structure for table `common_meter_block_usage`
--

CREATE TABLE `common_meter_block_usage` (
  `id` int NOT NULL,
  `meter_id` int NOT NULL,
  `equipment_id` int NOT NULL,
  `date` date NOT NULL,
  `start_time` time NOT NULL,
  `end_time` time NOT NULL,
  `start_reading` decimal(14,3) NOT NULL,
  `end_reading` decimal(14,3) NOT NULL,
  `energy_consumed` decimal(14,3) NOT NULL,
  `user_id` int DEFAULT NULL,
  `created_at` timestamp NULL DEFAULT CURRENT_TIMESTAMP,
  `updated_at` timestamp NULL DEFAULT CURRENT_TIMESTAMP ON UPDATE CURRENT_TIMESTAMP
) ENGINE=InnoDB DEFAULT CHARSET=utf8mb4 COLLATE=utf8mb4_unicode_ci COMMENT='Использование общих счетчиков блоками ТГ7 и ТГ8';

--
-- Dumping data for table `common_meter_block_usage`
--

INSERT INTO `common_meter_block_usage` (`id`, `meter_id`, `equipment_id`, `date`, `start_time`, `end_time`, `start_reading`, `end_reading`, `energy_consumed`, `user_id`, `created_at`, `updated_at`) VALUES
(29, 49, 1, '2025-09-15', '01:00:00', '07:00:00', 0.000, 6.000, 72.000, 1, '2025-09-15 11:02:50', '2025-09-15 11:02:50'),
(30, 49, 2, '2025-09-15', '07:01:00', '11:02:00', 6.000, 14.000, 96.000, 1, '2025-09-15 11:02:50', '2025-09-15 11:02:50'),
(31, 49, 1, '2025-09-14', '01:00:00', '07:00:00', 0.000, 6.000, 72.000, 1, '2025-09-15 11:13:28', '2025-09-15 11:13:28'),
(32, 49, 2, '2025-09-14', '07:01:00', '11:02:00', 6.000, 14.000, 96.000, 1, '2025-09-15 11:13:28', '2025-09-15 11:13:28');

-- --------------------------------------------------------

--
-- Table structure for table `equipment`
--

CREATE TABLE `equipment` (
  `id` int NOT NULL,
  `name` varchar(100) CHARACTER SET utf8mb4 COLLATE utf8mb4_unicode_ci NOT NULL,
  `type_id` int NOT NULL,
  `description` text CHARACTER SET utf8mb4 COLLATE utf8mb4_unicode_ci
) ENGINE=InnoDB DEFAULT CHARSET=utf8mb4 COLLATE=utf8mb4_unicode_ci;

--
-- Dumping data for table `equipment`
--

INSERT INTO `equipment` (`id`, `name`, `type_id`, `description`) VALUES
(1, 'Блок ТГ7', 1, 'Турбогенератор блок 7'),
(2, 'Блок ТГ8', 1, 'Турбогенератор блок 8'),
(3, 'ГТ 1', 2, 'Газовая установка 1'),
(4, 'ПТ 1', 2, 'Паровая установка 1'),
(5, 'ГТ 2', 2, 'Газовая установка 2'),
(6, 'ПТ 2', 2, 'Паровая установка 2'),
(7, 'ОЧ-130', 1, 'ОЧ-130');

-- --------------------------------------------------------

--
-- Table structure for table `equipment_events`
--

CREATE TABLE `equipment_events` (
  `id` int NOT NULL,
  `equipment_id` int NOT NULL,
  `event_type` enum('pusk','ostanov') CHARACTER SET utf8mb4 COLLATE utf8mb4_unicode_ci NOT NULL,
  `event_time` datetime NOT NULL,
  `shift_id` int DEFAULT NULL,
  `user_id` int DEFAULT NULL,
  `reason_id` int DEFAULT NULL,
  `comment` varchar(255) CHARACTER SET utf8mb4 COLLATE utf8mb4_unicode_ci DEFAULT NULL,
  `created_at` timestamp NULL DEFAULT CURRENT_TIMESTAMP
) ENGINE=InnoDB DEFAULT CHARSET=utf8mb4 COLLATE=utf8mb4_unicode_ci;

--
-- Dumping data for table `equipment_events`
--

INSERT INTO `equipment_events` (`id`, `equipment_id`, `event_type`, `event_time`, `shift_id`, `user_id`, `reason_id`, `comment`, `created_at`) VALUES
(359, 2, 'pusk', '2025-09-12 20:00:00', 3, 1, 1, '', '2025-09-14 14:53:57'),
(364, 1, 'pusk', '2025-09-13 20:31:00', 3, 1, 1, '', '2025-09-17 15:31:44'),
(367, 1, 'ostanov', '2025-09-17 05:45:00', 1, 1, 1, '', '2025-09-17 15:38:33');

-- --------------------------------------------------------

--
-- Table structure for table `equipment_tool_events`
--

CREATE TABLE `equipment_tool_events` (
  `id` int NOT NULL,
  `equipment_id` int NOT NULL,
  `tool_type` enum('evaporator','aos') CHARACTER SET utf8mb4 COLLATE utf8mb4_unicode_ci NOT NULL,
  `event_type` enum('on','off') CHARACTER SET utf8mb4 COLLATE utf8mb4_unicode_ci NOT NULL,
  `event_time` datetime NOT NULL,
  `shift_id` int DEFAULT NULL,
  `user_id` int DEFAULT NULL,
  `comment` varchar(255) CHARACTER SET utf8mb4 COLLATE utf8mb4_unicode_ci DEFAULT NULL,
  `created_at` timestamp NULL DEFAULT CURRENT_TIMESTAMP
) ENGINE=InnoDB DEFAULT CHARSET=utf8mb4 COLLATE=utf8mb4_unicode_ci;

-- --------------------------------------------------------

--
-- Table structure for table `equipment_types`
--

CREATE TABLE `equipment_types` (
  `id` int NOT NULL,
  `name` varchar(50) CHARACTER SET utf8mb4 COLLATE utf8mb4_unicode_ci NOT NULL,
  `description` text CHARACTER SET utf8mb4 COLLATE utf8mb4_unicode_ci
) ENGINE=InnoDB DEFAULT CHARSET=utf8mb4 COLLATE=utf8mb4_unicode_ci;

--
-- Dumping data for table `equipment_types`
--

INSERT INTO `equipment_types` (`id`, `name`, `description`) VALUES
(1, 'ТГ', 'Турбогенератор (Блок)'),
(2, 'ПГУ', 'Парогазовая установка');

-- --------------------------------------------------------

--
-- Table structure for table `functions`
--

CREATE TABLE `functions` (
  `id` int NOT NULL,
  `name` varchar(255) NOT NULL,
  `symbol` varchar(50) NOT NULL,
  `unit` varchar(50) NOT NULL
) ENGINE=InnoDB DEFAULT CHARSET=utf8mb4 COLLATE=utf8mb4_0900_ai_ci;

--
-- Dumping data for table `functions`
--

INSERT INTO `functions` (`id`, `name`, `symbol`, `unit`) VALUES
(1, 'На изменение cosφГТ', 'MW', 'ΔNcosφгт'),
(2, 'На изменение cosφПТ', 'MW', 'ΔNcosφпт'),
(5, 'На изменение температуры мокрого термометра в градирню', 'MW', 'ΔNбл'),
(6, 'На  давление топливного газа', 'MW', 'ΔNРт.газа'),
(7, 'На температуру топливного газа', 'MW', 'ΔNtт.газа'),
(8, 'На температуру окружающей среды и относительную влажность (применяется в Вкл условии испар. охл.)', '-', 'ktн.в'),
(9, 'На температуру на входе компрессора (применяется в Откл условии испар. охл.)', '-', 'ktвх.к'),
(10, 'На изменение барометрического давления и температуры на входе компрессора (применяется при условии Вкл и Откл испар. охл.)', '-', 'kРбар'),
(11, 'На относительную влажность и температуру на входе компрессора (применяется при условии Откл испар. охл.)', '-', 'kφвх.к'),
(12, 'На отклонение низшей теплоты сгорания топлива', '-', 'kQнр'),
(13, 'На изменение частоты ГТ (применяется при условии Вкл и Откл испар. охл.)', '-', 'kν'),
(14, 'Кривая деградации ГТУ', '-', 'kd'),
(15, 'Исходно-номинальный УРТ ПГУ, g/kWh', '', 'bэ(ином)пгу'),
(16, 'На занос КВОУ', '-', 'kΔNквоу'),
(17, 'На включение антиобледенительной системы (АОС)', '-', 'kΔNаос');

-- --------------------------------------------------------

--
-- Table structure for table `function_coefficients`
--

CREATE TABLE `function_coefficients` (
  `id` int NOT NULL,
  `coeff_set_id` int NOT NULL,
  `coeff_index` tinyint NOT NULL,
  `coeff_value` varchar(60) NOT NULL
) ENGINE=InnoDB DEFAULT CHARSET=utf8mb4 COLLATE=utf8mb4_0900_ai_ci;

--
-- Dumping data for table `function_coefficients`
--

INSERT INTO `function_coefficients` (`id`, `coeff_set_id`, `coeff_index`, `coeff_value`) VALUES
(1, 2, 0, '1755.2900390625'),
(2, 2, 1, '-3.205090045928955'),
(3, 2, 2, '0.05486280098557472'),
(4, 2, 3, '-0.00021166099759284407'),
(5, 2, 4, '0.0000003550269980223675'),
(6, 3, 0, '1657.9200439453125'),
(7, 3, 1, '1.1666500568389893'),
(8, 3, 2, '0.0057877302169799805'),
(9, 3, 3, '0.000034862001484725624'),
(10, 3, 4, '-0.000000054505498781054484'),
(11, 4, 0, '1604.8399658203125'),
(12, 4, 1, '2.3590800762176514'),
(13, 4, 2, '0.003359379945322871'),
(14, 4, 3, '0.000029723600164288655'),
(15, 4, 4, '-0.000000012745999811158981'),
(16, 5, 0, '1555.1800537109375'),
(17, 5, 1, '4.974629878997803'),
(18, 5, 2, '-0.029911700636148453'),
(19, 5, 3, '0.00021919200662523508'),
(20, 5, 4, '-0.00000034930599213112146'),
(21, 6, 0, '1143.06005859375'),
(22, 6, 1, '-26.166799545288086'),
(23, 6, 2, '0.8006089925765991'),
(24, 6, 3, '-0.009191659279167652'),
(25, 6, 4, '0.000038746598875150084'),
(26, 7, 0, '823.3779907226562'),
(27, 7, 1, '-0.5977259874343872'),
(28, 7, 2, '0.1083339974284172'),
(29, 7, 3, '-0.0011761400382965803'),
(30, 7, 4, '0.00000580712003284134'),
(31, 8, 0, '503.6910095214844'),
(32, 8, 1, '24.971399307250977'),
(33, 8, 2, '-0.5839400291442871'),
(34, 8, 3, '0.0068393899127841'),
(35, 8, 4, '-0.000027132400646223687'),
(36, 9, 0, '184.00399780273438'),
(37, 9, 1, '50.54050064086914'),
(38, 9, 2, '-1.2762099504470825'),
(39, 9, 3, '0.014854899607598782'),
(40, 9, 4, '-0.00006007189949741587'),
(41, 10, 0, '-2258.969970703125'),
(42, 10, 1, '181.37899780273438'),
(43, 10, 2, '-1.2210999727249146'),
(44, 10, 3, '0.7589390277862549'),
(45, 10, 4, '-0.027979999780654907'),
(46, 11, 0, '11709.099609375'),
(47, 11, 1, '-2784.800048828125'),
(48, 11, 2, '246.26100158691406'),
(49, 11, 3, '-9.73622989654541'),
(50, 11, 4, '0.14245499670505524'),
(51, 12, 0, '-45.964298248291016'),
(52, 12, 1, '4.827079772949219'),
(53, 12, 2, '-0.05074400082230568'),
(54, 12, 3, '0.0032291701063513756'),
(55, 12, 4, '-0.00004613100099959411'),
(56, 13, 0, '0.9689080119132996'),
(57, 13, 1, '0.0003156570019200444'),
(58, 13, 2, '0.00014696399739477783'),
(59, 13, 3, '-0.000005482860160554992'),
(60, 13, 4, '0.00000009937119926917148'),
(61, 14, 0, '0.9599990248680115'),
(62, 14, 1, '0.002653149887919426'),
(63, 14, 2, '-0.00003143159847240895'),
(64, 14, 3, '0.0000013571500403486425'),
(65, 14, 4, '-0.00000002131999998766787'),
(66, 15, 0, '0.9515349864959717'),
(67, 15, 1, '0.005012880079448223'),
(68, 15, 2, '-0.0002166699996450916'),
(69, 15, 3, '0.000009106630386668257'),
(70, 15, 4, '-0.0000001673389959933047'),
(71, 16, 0, '1.0010199546813965'),
(72, 16, 1, '-0.005077649839222431'),
(73, 16, 2, '0.0005469620227813721'),
(74, 16, 3, '-0.000015791099940543063'),
(75, 16, 4, '0.00000020399799893766613'),
(76, 17, 0, '0.9417200088500977'),
(77, 17, 1, '0.010191399604082108'),
(78, 17, 2, '-0.0007922369986772537'),
(79, 17, 3, '0.000040521499613532797'),
(80, 17, 4, '-0.0000009228569979313761'),
(81, 18, 0, '0.971930980682373'),
(82, 18, 1, '0.0037383600138127804'),
(83, 18, 2, '-0.00012977700680494308'),
(84, 18, 3, '0.00001051520030159736'),
(85, 18, 4, '-0.0000003104970005551877'),
(86, 19, 0, '0.9779049754142761'),
(87, 19, 1, '0.0008858800283633173'),
(88, 19, 2, '0.00013807200593873858'),
(89, 19, 3, '0.0000005849850026606873'),
(90, 19, 4, '-0.00000014898699873810983'),
(91, 20, 0, '5.1519598960876465'),
(92, 20, 1, '-0.010167700238525867'),
(93, 20, 2, '0.0000096167696028715'),
(94, 20, 3, '-0.000000004335249936815444'),
(95, 20, 4, '0.0000000000007381049981283749'),
(96, 21, 0, '11.614399909973145'),
(97, 21, 1, '-0.03615809977054596'),
(98, 21, 2, '0.00004875849845120683'),
(99, 21, 3, '-0.00000003050169894436294'),
(100, 21, 4, '0.000000000007290790367264766'),
(101, 22, 0, '12.050999641418457'),
(102, 22, 1, '-0.037794001400470734'),
(103, 22, 2, '0.00005103430157760158'),
(104, 22, 3, '-0.00000003189540009884695'),
(105, 22, 4, '0.000000000007607960268718461'),
(106, 23, 0, '10.117899894714355'),
(107, 23, 1, '-0.03013090044260025'),
(108, 23, 2, '0.00003964930147049017'),
(109, 23, 3, '-0.000000024381899166314724'),
(110, 23, 4, '0.0000000000057494898599019795'),
(111, 24, 0, '-0.4032599925994873'),
(112, 24, 1, '0.011545100249350071'),
(113, 24, 2, '-0.000022243999410420656'),
(114, 24, 3, '0.000000016455500073675466'),
(115, 24, 4, '-0.0000000000043493902056324085'),
(116, 25, 0, '3.6476099491119385'),
(117, 25, 1, '-0.004994669929146767'),
(118, 25, 2, '0.0000030867399800627027'),
(119, 25, 3, '-0.0000000007819629943561779'),
(120, 25, 4, '0.00000000000004619649931689174'),
(121, 26, 0, '1.001039981842041'),
(122, 26, 1, '-0.00001184859956993023'),
(123, 26, 2, '-0.000000008912640403480054'),
(124, 26, 3, '0.0000000011128300503315813'),
(125, 26, 4, '-0.0000000000185371006738988'),
(126, 27, 0, '1.0027600526809692'),
(127, 27, 1, '-0.00002991129986185115'),
(128, 27, 2, '-0.00000002004549948253498'),
(129, 27, 3, '0.0000000009597610484135544'),
(130, 27, 4, '-0.000000000014456599979617568'),
(131, 28, 0, '1.0059399604797363'),
(132, 28, 1, '-0.00006159880285849795'),
(133, 28, 2, '-0.00000023280199457076378'),
(134, 28, 3, '0.000000006190369994385492'),
(135, 28, 4, '-0.00000000006904200128277083'),
(136, 29, 0, '1.0061700344085693'),
(137, 29, 1, '-0.00006967419903958216'),
(138, 29, 2, '0.000000021887300860612413'),
(139, 29, 3, '0.000000000676119993325841'),
(140, 29, 4, '-0.000000000011072399941358668'),
(141, 30, 0, '1.018470048904419'),
(142, 30, 1, '-0.00023955899814609438'),
(143, 30, 2, '0.0000010818699820447364'),
(144, 30, 3, '-0.000000010547499762481038'),
(145, 30, 4, '0.0000000000292165007464984'),
(146, 31, 0, '1.0210800170898438'),
(147, 31, 1, '-0.0003951030084863305'),
(148, 31, 2, '0.000006046930138836615'),
(149, 31, 3, '-0.00000010144700013370311'),
(150, 31, 4, '0.0000000008339530177536858'),
(151, 32, 0, '0.9475730061531067'),
(152, 32, 1, '0.0000016474399444632581'),
(153, 32, 2, '-0.000000000011708399874632569'),
(154, 33, 0, '0.9499959945678711'),
(155, 33, 1, '0.000001576480030962557'),
(156, 33, 2, '-0.000000000010949199880094795'),
(157, 34, 0, '0.949386'),
(158, 34, 1, '0.00000163193'),
(159, 34, 2, '-0.00000000001152942'),
(160, 35, 0, '164.85800170898438'),
(161, 35, 1, '-489.6239929199219'),
(162, 35, 2, '487.01300048828125'),
(163, 35, 3, '-161.2480010986328'),
(164, 36, 0, '133.80099487304688'),
(165, 36, 1, '-392.1960144042969'),
(166, 36, 2, '385.5429992675781'),
(167, 36, 3, '-126.14800262451172'),
(168, 37, 0, '27.14929962158203'),
(169, 37, 1, '-68.68309783935547'),
(170, 37, 2, '58.860801696777344'),
(171, 37, 3, '-16.32699966430664'),
(172, 38, 0, '42.0625'),
(173, 38, 1, '-113.06600189208984'),
(174, 38, 2, '102.91899871826172'),
(175, 38, 3, '-3.0915699005126953'),
(176, 39, 0, '287.2489929199219'),
(177, 39, 1, '-836.5789794921875'),
(178, 39, 2, '815.3889770507812'),
(179, 39, 3, '-265.0589904785156'),
(180, 40, 0, '443.9630126953125'),
(181, 40, 1, '-1305.8199462890625'),
(182, 40, 2, '1284.52001953125'),
(183, 40, 3, '-421.6629943847656'),
(184, 41, 0, '0.00474285714'),
(185, 41, 1, '0.000547085714'),
(186, 41, 2, '-0.0000000498285714'),
(187, 41, 3, '0.000000000001792'),
(188, 42, 0, '1.614'),
(189, 42, 1, '0.0000786285714'),
(190, 42, 2, '-0.0000000010857143'),
(191, 43, 0, '0.99026'),
(192, 43, 1, '0.00000974'),
(193, 44, 0, '1.00003698'),
(194, 44, 1, '0.00502014479'),
(195, 44, 2, '-0.00001124809'),
(196, 45, 0, '448.5652770027'),
(197, 45, 1, '-2.1475024881'),
(198, 45, 2, '0.007231743'),
(199, 45, 3, '-0.0000082402'),
(200, 46, 0, '0.2109403744'),
(201, 46, 1, '742.3358617859');

-- --------------------------------------------------------

--
-- Table structure for table `function_coeff_sets`
--

CREATE TABLE `function_coeff_sets` (
  `id` int NOT NULL,
  `function_id` int NOT NULL,
  `x_value` double NOT NULL,
  `created_at` timestamp NOT NULL DEFAULT CURRENT_TIMESTAMP
) ENGINE=InnoDB DEFAULT CHARSET=utf8mb4 COLLATE=utf8mb4_0900_ai_ci;

--
-- Dumping data for table `function_coeff_sets`
--

INSERT INTO `function_coeff_sets` (`id`, `function_id`, `x_value`, `created_at`) VALUES
(2, 1, 1, '2025-05-09 03:55:58'),
(3, 1, 0.95, '2025-05-09 03:55:58'),
(4, 1, 0.9, '2025-05-09 03:55:58'),
(5, 1, 0.85, '2025-05-09 03:55:58'),
(6, 2, 1, '2025-05-09 03:55:58'),
(7, 2, 0.95, '2025-05-09 03:55:58'),
(8, 2, 0.9, '2025-05-09 03:55:58'),
(9, 2, 0.85, '2025-05-09 03:55:58'),
(10, 5, 0, '2025-05-09 03:55:58'),
(11, 6, 0, '2025-05-09 03:55:58'),
(12, 7, 0, '2025-05-09 03:55:58'),
(13, 8, 10, '2025-05-09 03:55:58'),
(14, 8, 20, '2025-05-09 03:55:58'),
(15, 8, 40, '2025-05-09 03:55:58'),
(16, 8, 58, '2025-05-09 03:55:58'),
(17, 8, 80, '2025-05-09 03:55:58'),
(18, 8, 100, '2025-05-09 03:55:58'),
(19, 9, 0, '2025-05-09 03:55:58'),
(20, 10, -15, '2025-05-09 03:55:58'),
(21, 10, -3, '2025-05-09 03:55:58'),
(22, 10, 9, '2025-05-09 03:55:58'),
(23, 10, 10, '2025-05-09 03:55:58'),
(24, 10, 33, '2025-05-09 03:55:58'),
(25, 10, 45, '2025-05-09 03:55:58'),
(26, 11, -15, '2025-05-09 03:55:58'),
(27, 11, -3, '2025-05-09 03:55:58'),
(28, 11, 9, '2025-05-09 03:55:58'),
(29, 11, 10, '2025-05-09 03:55:58'),
(30, 11, 33, '2025-05-09 03:55:58'),
(31, 11, 45, '2025-05-09 03:55:58'),
(32, 12, 4, '2025-05-09 03:55:58'),
(33, 12, 3.911, '2025-05-09 03:55:58'),
(34, 12, 3.829, '2025-05-09 03:55:58'),
(35, 13, -15, '2025-05-09 03:55:58'),
(36, 13, -3, '2025-05-09 03:55:58'),
(37, 13, 9, '2025-05-09 03:55:58'),
(38, 13, 10, '2025-05-09 03:55:58'),
(39, 13, 33, '2025-05-09 03:55:58'),
(40, 13, 45, '2025-05-09 03:55:58'),
(41, 14, 10000, '2025-05-09 03:55:58'),
(42, 14, 10001, '2025-05-09 03:55:58'),
(43, 16, 0, '2025-05-09 03:55:58'),
(44, 17, 0, '2025-05-09 03:55:58'),
(45, 15, 212.31, '2025-05-09 03:55:58'),
(46, 15, 212.3, '2025-05-09 03:55:58');

-- --------------------------------------------------------

--
-- Table structure for table `meters`
--

CREATE TABLE `meters` (
  `id` int NOT NULL,
  `meter_type_id` int NOT NULL,
  `equipment_id` int DEFAULT NULL,
  `serial_number` varchar(50) NOT NULL,
  `scale` decimal(12,3) NOT NULL,
  `coefficient_k` decimal(10,3) NOT NULL DEFAULT '1.000',
  `name` varchar(100) NOT NULL,
  `is_active` tinyint(1) NOT NULL DEFAULT '1',
  `created_at` timestamp NOT NULL DEFAULT CURRENT_TIMESTAMP,
  `updated_at` timestamp NOT NULL DEFAULT CURRENT_TIMESTAMP ON UPDATE CURRENT_TIMESTAMP
) ENGINE=InnoDB DEFAULT CHARSET=utf8mb4 COLLATE=utf8mb4_0900_ai_ci;

--
-- Dumping data for table `meters`
--

INSERT INTO `meters` (`id`, `meter_type_id`, `equipment_id`, `serial_number`, `scale`, `coefficient_k`, `name`, `is_active`, `created_at`, `updated_at`) VALUES
(36, 1, 1, 'TG7A12', 999999.999, 315000.000, 'ТГ-7', 1, '2025-08-20 15:15:10', '2025-08-20 15:15:10'),
(37, 1, 2, 'TG8B93', 999999.999, 315000.000, 'ТГ-8', 1, '2025-08-20 15:15:10', '2025-08-20 15:15:10'),
(38, 1, 3, 'GTG1Z8', 999999.999, 1620000.000, 'ГТГ-1', 1, '2025-08-20 15:15:10', '2025-08-20 15:15:10'),
(39, 1, 4, 'PTG1X7', 999999.999, 805000.000, 'ПТГ-1', 1, '2025-08-20 15:15:10', '2025-08-20 15:15:10'),
(40, 1, 5, 'GTG2L9', 999999.999, 1620000.000, 'ГТГ-2', 1, '2025-08-20 15:15:10', '2025-08-20 15:15:10'),
(41, 1, 6, 'PTG2K3', 999999.999, 805000.000, 'ПТГ-2', 1, '2025-08-20 15:15:10', '2025-08-20 15:15:10'),
(42, 2, NULL, '6AA743', 999999.999, 24000.000, 'ТСР-3-6а', 1, '2025-08-20 15:15:10', '2025-08-20 15:15:10'),
(43, 2, NULL, 'B1C02A', 999999.999, 24000.000, 'ТСР-3-6б', 1, '2025-08-20 15:15:10', '2025-08-20 15:15:10'),
(44, 2, 1, '95XAD2', 999999.999, 18000.000, 'ТСБ-7 ВСР-13', 1, '2025-08-20 15:15:10', '2025-08-20 15:15:10'),
(45, 2, 1, '7GH6WQ', 999999.999, 18000.000, 'ТСБ-7 ВСР-14', 1, '2025-08-20 15:15:10', '2025-08-20 15:15:10'),
(46, 2, 2, 'XLM812', 999999.999, 18000.000, 'ТСБ-8 ВСР-15', 1, '2025-08-20 15:15:10', '2025-08-20 15:15:10'),
(47, 2, 2, 'LPO9F1', 999999.999, 18000.000, 'ТСБ-8 ВСР-16', 1, '2025-08-20 15:15:10', '2025-08-20 15:15:10'),
(48, 2, NULL, 'UUE1Z0', 999999.999, 12000.000, 'Т-5 ВРП-1', 1, '2025-08-20 15:15:10', '2025-08-20 15:15:10'),
(49, 2, NULL, 'MKTQ6Z', 999999.999, 12000.000, 'Т-5 ВРП-2', 1, '2025-08-20 15:15:10', '2025-08-20 15:15:10'),
(50, 2, NULL, '3KVP03', 999999.999, 12000.000, 'Т-6 ВСР-1', 1, '2025-08-20 15:15:10', '2025-08-20 15:15:10'),
(51, 2, NULL, 'TXD6YY', 999999.999, 12000.000, 'Т-6 ВСР-2', 1, '2025-08-20 15:15:10', '2025-08-20 15:15:10'),
(52, 2, NULL, 'LA1BL5', 999999.999, 14000.000, 'Л-БН-1', 1, '2025-08-20 15:15:10', '2025-08-20 15:15:10'),
(53, 2, NULL, 'LB2GG4', 999999.999, 7000.000, 'Л-БН-2', 1, '2025-08-20 15:15:10', '2025-08-20 15:15:10'),
(54, 2, 3, 'TSN1PG', 999999.999, 234000.000, 'ТСН-1 (ПГУ)', 1, '2025-08-20 15:15:10', '2025-08-20 15:15:10'),
(55, 2, 5, 'TSN2PG', 999999.999, 234000.000, 'ТСН-2 (ПГУ)', 1, '2025-08-20 15:15:10', '2025-08-20 15:15:10'),
(56, 3, 1, 'TV7ABC', 999999.999, 6300.000, 'ТВ-7', 1, '2025-08-20 15:15:10', '2025-08-20 15:15:10'),
(57, 3, 2, 'TV8XYZ', 999999.999, 12600.000, 'ТВ-8', 1, '2025-08-20 15:15:10', '2025-08-20 15:15:10'),
(58, 3, NULL, 'RB3KL7', 999999.999, 3600.000, 'РВ-3', 1, '2025-08-20 15:15:10', '2025-08-20 15:15:10'),
(59, 4, NULL, 'OKRSL2', 999999.999, 1000.000, 'Хоз. нужды', 1, '2025-08-20 15:15:10', '2025-08-22 18:11:58');

-- --------------------------------------------------------

--
-- Table structure for table `meter_readings`
--

CREATE TABLE `meter_readings` (
  `id` bigint NOT NULL,
  `meter_id` int NOT NULL,
  `date` date NOT NULL,
  `r0` decimal(14,3) NOT NULL,
  `r8` decimal(14,3) DEFAULT NULL,
  `r16` decimal(14,3) DEFAULT NULL,
  `r24` decimal(14,3) DEFAULT NULL,
  `shift1` decimal(14,3) DEFAULT NULL,
  `shift2` decimal(14,3) DEFAULT NULL,
  `shift3` decimal(14,3) DEFAULT NULL,
  `total` decimal(14,3) DEFAULT NULL,
  `user_id` int DEFAULT NULL,
  `created_at` timestamp NOT NULL DEFAULT CURRENT_TIMESTAMP,
  `updated_at` timestamp NOT NULL DEFAULT CURRENT_TIMESTAMP ON UPDATE CURRENT_TIMESTAMP
) ENGINE=InnoDB DEFAULT CHARSET=utf8mb4 COLLATE=utf8mb4_0900_ai_ci;

--
-- Dumping data for table `meter_readings`
--

INSERT INTO `meter_readings` (`id`, `meter_id`, `date`, `r0`, `r8`, `r16`, `r24`, `shift1`, `shift2`, `shift3`, `total`, `user_id`, `created_at`, `updated_at`) VALUES
(160, 36, '2025-09-14', 0.000, 0.000, 0.000, 20.000, 0.000, 0.000, 6300.000, 6300.000, 1, '2025-09-14 20:51:41', '2025-09-15 05:07:03'),
(161, 37, '2025-09-14', 0.000, 68.382, NULL, NULL, 21540.330, NULL, NULL, 21540.330, 1, '2025-09-14 20:54:38', '2025-09-15 05:07:03'),
(162, 36, '2025-09-15', 20.000, 25.000, 30.000, 35.000, 1575.000, 1575.000, 1575.000, 4725.000, 1, '2025-09-15 05:07:11', '2025-09-15 11:01:41'),
(165, 48, '2025-09-15', 2.000, 6.000, NULL, NULL, 48.000, NULL, NULL, 48.000, 1, '2025-09-15 05:10:59', '2025-09-15 11:01:41'),
(166, 37, '2025-09-15', 5.000, 7.000, 9.000, 11.000, 630.000, 630.000, 630.000, 1890.000, 1, '2025-09-15 05:14:42', '2025-09-15 11:01:41'),
(167, 49, '2025-09-15', 0.000, 10.000, NULL, NULL, 120.000, NULL, NULL, 120.000, 1, '2025-09-15 07:06:16', '2025-09-15 11:01:41'),
(168, 49, '2025-09-14', 0.000, 10.000, NULL, NULL, 120.000, NULL, NULL, 120.000, 1, '2025-09-15 11:13:33', '2025-09-15 11:13:33');

-- --------------------------------------------------------

--
-- Table structure for table `meter_reading_history`
--

CREATE TABLE `meter_reading_history` (
  `history_id` bigint NOT NULL,
  `reading_id` bigint NOT NULL,
  `old_r0` decimal(14,3) DEFAULT NULL,
  `old_r8` decimal(14,3) DEFAULT NULL,
  `old_r16` decimal(14,3) DEFAULT NULL,
  `old_r24` decimal(14,3) DEFAULT NULL,
  `new_r0` decimal(14,3) DEFAULT NULL,
  `new_r8` decimal(14,3) DEFAULT NULL,
  `new_r16` decimal(14,3) DEFAULT NULL,
  `new_r24` decimal(14,3) DEFAULT NULL,
  `user_id` int DEFAULT NULL,
  `changed_at` timestamp NOT NULL DEFAULT CURRENT_TIMESTAMP,
  `comment` varchar(255) DEFAULT NULL
) ENGINE=InnoDB DEFAULT CHARSET=utf8mb4 COLLATE=utf8mb4_0900_ai_ci;

-- --------------------------------------------------------

--
-- Table structure for table `meter_replacements`
--

CREATE TABLE `meter_replacements` (
  `id` bigint NOT NULL,
  `meter_id` int NOT NULL,
  `replacement_date` date NOT NULL,
  `replacement_time` time NOT NULL,
  `old_serial` varchar(50) NOT NULL,
  `old_coefficient` decimal(10,4) NOT NULL,
  `old_scale` decimal(12,3) NOT NULL,
  `old_reading` decimal(14,3) NOT NULL,
  `new_serial` varchar(50) NOT NULL,
  `new_coefficient` decimal(10,4) NOT NULL,
  `new_scale` decimal(12,3) NOT NULL,
  `new_reading` decimal(14,3) NOT NULL,
  `downtime_min` int NOT NULL DEFAULT '0',
  `power_mw` decimal(8,3) NOT NULL DEFAULT '0.000',
  `user_id` int DEFAULT NULL,
  `comment` varchar(255) CHARACTER SET utf8mb4 COLLATE utf8mb4_0900_ai_ci DEFAULT NULL,
  `created_at` timestamp NOT NULL DEFAULT CURRENT_TIMESTAMP
) ENGINE=InnoDB DEFAULT CHARSET=utf8mb4 COLLATE=utf8mb4_0900_ai_ci;

-- --------------------------------------------------------

--
-- Table structure for table `meter_replacement_cancellations`
--

CREATE TABLE `meter_replacement_cancellations` (
  `id` bigint NOT NULL,
  `meter_id` int NOT NULL,
  `replacement_id` bigint NOT NULL,
  `cancellation_date` date NOT NULL,
  `user_id` int DEFAULT NULL,
  `comment` varchar(255) CHARACTER SET utf8mb4 COLLATE utf8mb4_0900_ai_ci DEFAULT NULL,
  `created_at` timestamp NOT NULL DEFAULT CURRENT_TIMESTAMP
) ENGINE=InnoDB DEFAULT CHARSET=utf8mb4 COLLATE=utf8mb4_0900_ai_ci;

-- --------------------------------------------------------

--
-- Table structure for table `meter_reserve_assignments`
--

CREATE TABLE `meter_reserve_assignments` (
  `id` bigint NOT NULL,
  `reserve_meter_id` int NOT NULL,
  `primary_meter_id` int NOT NULL,
  `start_time` datetime NOT NULL,
  `start_reading` decimal(14,3) NOT NULL,
  `end_time` datetime DEFAULT NULL,
  `end_reading` decimal(14,3) DEFAULT NULL,
  `user_id` int DEFAULT NULL,
  `comment` varchar(255) CHARACTER SET utf8mb4 COLLATE utf8mb4_unicode_ci DEFAULT NULL,
  `created_at` timestamp NULL DEFAULT CURRENT_TIMESTAMP
) ENGINE=InnoDB DEFAULT CHARSET=utf8mb4 COLLATE=utf8mb4_unicode_ci;

-- --------------------------------------------------------

--
-- Table structure for table `meter_types`
--

CREATE TABLE `meter_types` (
  `id` int NOT NULL,
  `name` varchar(100) NOT NULL,
  `description` text
) ENGINE=InnoDB DEFAULT CHARSET=utf8mb4 COLLATE=utf8mb4_0900_ai_ci;

--
-- Dumping data for table `meter_types`
--

INSERT INTO `meter_types` (`id`, `name`, `description`) VALUES
(1, 'Выработка электроэнергии', 'Учёт выработанной энергии'),
(2, 'Расход на собственные нужды', 'Учёт расхода на собственные нужды станции'),
(3, 'Тиристорные', 'Учёт тиристорных возбудителей'),
(4, 'Расход на хозяйственные нужды', 'Учёт расхода на хозяйственные нужды');

-- --------------------------------------------------------

--
-- Table structure for table `parameters`
--

CREATE TABLE `parameters` (
  `id` int NOT NULL,
  `name` varchar(100) CHARACTER SET utf8mb4 COLLATE utf8mb4_unicode_ci NOT NULL,
  `description` text CHARACTER SET utf8mb4 COLLATE utf8mb4_unicode_ci,
  `unit` varchar(50) CHARACTER SET utf8mb4 COLLATE utf8mb4_unicode_ci DEFAULT NULL,
  `equipment_type_id` int NOT NULL
) ENGINE=InnoDB DEFAULT CHARSET=utf8mb4 COLLATE=utf8mb4_unicode_ci;

--
-- Dumping data for table `parameters`
--

INSERT INTO `parameters` (`id`, `name`, `description`, `unit`, `equipment_type_id`) VALUES
(11, 'Отпуск тепла на теплоцентраль', 'Отпуск тепла на теплоцентраль', 'Гкал', 2),
(12, 'Отпуск тепла на блоки', 'Отпуск тепла на блоки', 'Гкал', 2),
(13, 'Барометрическое давление', 'Барометрическое давление', 'мбар', 2),
(14, 'Относительная влажность атмосферного воздуха', 'Относительная влажность атмосферного воздуха', '%', 2),
(15, 'Относительная влажность на входе компрессора', 'Относительная влажность на входе компрессора', '%', 2),
(16, 'cosφГТ', 'Коэффициент мощности газовой турбины', '', 2),
(17, 'Частота ГТ', 'Частота газовой турбины', 'Гц', 2),
(18, 'cosφПТ', 'Коэффициент мощности паровой турбины', '', 2),
(19, 'Температура влажного термометра на входе в градирни', 'Температура влажного термометра на входе в градирни', '°C', 2),
(20, 'Температура наружного воздуха', 'Температура наружного воздуха', '°C', 2),
(21, 'Температура воздуха на входе в компрессор', 'Температура воздуха на входе в компрессор', '°C', 2),
(22, 'Давление природного газа на входе в ГДКС', 'Давление природного газа на входе в ГДКС', 'бар', 2),
(23, 'Температура природного газа на входе в ГДКС', 'Температура природного газа на входе в ГДКС', '°C', 2),
(24, 'Расход топлива на ГТУ', 'Расход топлива на ГТУ', 'тысяч м³', 2),
(25, 'Плотность природного газа', 'Плотность природного газа', 'кг/м³', 2),
(26, 'Соотношение Н/С', 'Соотношение водорода к углероду', '', 2),
(27, 'Низшая теплота сгорания топлива на ГТУ', 'Низшая теплота сгорания топлива на ГТУ', 'кДж/кг', 2),
(28, 'Сопротивление КВОУ', 'Сопротивление котла-утилизатора очистки уходящих газов', 'Па', 2),
(29, 'P острого пара перед т/а', 'Давление острого пара перед турбоагрегатом', 'kg/sm²', 1),
(30, 't острого пара перед т/а', 'Температура острого пара перед турбоагрегатом', '°C', 1),
(31, 't в циркводы на входе', 'Температура циркуляционной воды на входе', '°C', 1),
(32, 't в циркводы на выходе', 'Температура циркуляционной воды на выходе', '°C', 1),
(33, 't питательной воды', 'Температура питательной воды', '°C', 1),
(34, 'Расход дистиллята', 'Расход дистиллята', 'т/ч', 1),
(35, 'Выработка пара котлами', 'Выработка пара котлами', 't', 1),
(36, 'Продувка', 'Продувка котла', '%', 1),
(37, 'Расход питательной воды', 'Расход питательной воды', 't', 1),
(38, 't пара после промперегрева', 'Температура пара после промежуточного перегрева', '°C', 1),
(39, 't пара до промперегрева', 'Температура пара до промежуточного перегрева', '°C', 1),
(40, 't питательной воды ПВД', 'Температура питательной воды после ПВД', '°C', 1),
(41, 'P кс питательной воды', 'Давление питательной воды', '°C', 1),
(42, 't холодного воздуха', 'Температура холодного воздуха', '°C', 1),
(43, 'Факт Qнр (газ)', 'Фактическая низшая теплота сгорания газа', 'kcal/nm³', 1),
(44, 'Факт Qнр (мазут)', 'Фактическая низшая теплота сгорания мазута', 'kcal/kg', 1),
(45, 'В топлива за месяц (газ)', 'Расход топлива за месяц (газ)', 'nm³', 1),
(46, 'В топлива за месяц (мазут)', 'Расход топлива за месяц (мазут)', 't', 1),
(47, 'Температура уходящих газов', 'Температура уходящих газов', '°C', 1),
(48, 'α- уходящих', 'Коэффициент избытка воздуха уходящих газов', '', 1),
(49, 'Продолжительность работы тг от даты разр.', '', 'ч', 1),
(50, 'Qкбр', 'Теплопроизводительность котла брутто', 'Gkal', 1),
(51, 'Dпара', 'Расход пара промперегрева', 'т/ч', 1),
(52, 'Pабс пара п.п. после к/а', 'Абсолютное давление пара п.п. после к/а', 'kg/sm2', 1),
(53, 'Pабс пара п.п. до к/а', 'Абсолютное давление пара п.п. до к/а', 'kg/sm2', 1),
(54, 'i острого пара', 'Энтальпия острого пара', 'kcal/kg', 1),
(55, 'i горячего п.п.', 'Энтальпия горячего пара промперегрева', 'kcal/kg', 1),
(56, 'i холодного п.п.', 'Энтальпия холодного пара промперегрева', 'kcal/kg', 1),
(57, 'i питательной воды', 'Энтальпия питательной воды', 'kcal/kg', 1);

-- --------------------------------------------------------

--
-- Table structure for table `parameter_values`
--

CREATE TABLE `parameter_values` (
  `id` int NOT NULL,
  `parameter_id` int NOT NULL,
  `equipment_id` int NOT NULL,
  `value` decimal(10,4) NOT NULL,
  `date` date NOT NULL,
  `shift_id` int NOT NULL,
  `user_id` int NOT NULL,
  `created_at` timestamp NULL DEFAULT CURRENT_TIMESTAMP,
  `cell` varchar(20) CHARACTER SET utf8mb4 COLLATE utf8mb4_unicode_ci DEFAULT NULL
) ENGINE=InnoDB DEFAULT CHARSET=utf8mb4 COLLATE=utf8mb4_unicode_ci;

--
-- Dumping data for table `parameter_values`
--

INSERT INTO `parameter_values` (`id`, `parameter_id`, `equipment_id`, `value`, `date`, `shift_id`, `user_id`, `created_at`, `cell`) VALUES
(157, 13, 3, 999.6000, '2025-08-22', 1, 1, '2025-08-22 17:37:03', 'D14'),
(158, 14, 3, 32.6000, '2025-08-22', 1, 1, '2025-08-22 17:37:03', 'D15'),
(159, 16, 3, 0.9540, '2025-08-22', 1, 1, '2025-08-22 17:37:03', 'D17'),
(160, 17, 3, 50.0000, '2025-08-22', 1, 1, '2025-08-22 17:37:03', 'D18'),
(161, 20, 3, 28.7000, '2025-08-22', 1, 1, '2025-08-22 17:37:03', 'D21'),
(162, 21, 3, 26.3000, '2025-08-22', 1, 1, '2025-08-22 17:37:03', 'D22'),
(163, 22, 3, 12.3000, '2025-08-22', 1, 1, '2025-08-22 17:37:03', 'D25'),
(164, 23, 3, 23.4000, '2025-08-22', 1, 1, '2025-08-22 17:37:03', 'D26'),
(165, 24, 3, 30328.3120, '2025-08-22', 1, 1, '2025-08-22 17:37:03', 'D27'),
(166, 25, 3, 0.7200, '2025-08-22', 1, 1, '2025-08-22 17:37:03', 'D28'),
(167, 27, 3, 47246.8750, '2025-08-22', 1, 1, '2025-08-22 17:37:03', 'D30'),
(168, 28, 3, 1849.0000, '2025-08-22', 1, 1, '2025-08-22 17:37:03', 'D31'),
(169, 11, 4, 534.3570, '2025-08-22', 1, 1, '2025-08-22 17:37:04', 'E6'),
(170, 18, 4, 0.9530, '2025-08-22', 1, 1, '2025-08-22 17:37:04', 'E19'),
(171, 19, 4, 9.2000, '2025-08-22', 1, 1, '2025-08-22 17:37:04', 'E20'),
(172, 11, 6, 437.4930, '2025-08-22', 1, 1, '2025-08-22 17:43:34', 'H6'),
(173, 13, 5, 999.5000, '2025-08-22', 1, 1, '2025-08-22 21:58:30', 'G14'),
(174, 14, 5, 34.4000, '2025-08-22', 1, 1, '2025-08-22 21:58:30', 'G15'),
(175, 16, 5, 0.9570, '2025-08-22', 1, 1, '2025-08-22 21:58:30', 'G17'),
(176, 17, 5, 50.0000, '2025-08-22', 1, 1, '2025-08-22 21:58:30', 'G18'),
(177, 20, 5, 29.0000, '2025-08-22', 1, 1, '2025-08-22 21:58:30', 'G21'),
(178, 21, 5, 27.1000, '2025-08-22', 1, 1, '2025-08-22 21:58:30', 'G22'),
(179, 22, 5, 12.3000, '2025-08-22', 1, 1, '2025-08-22 21:58:30', 'G25'),
(180, 23, 5, 23.4000, '2025-08-22', 1, 1, '2025-08-22 21:58:30', 'G26'),
(181, 24, 5, 32697.8160, '2025-08-22', 1, 1, '2025-08-22 21:58:30', 'G27'),
(182, 25, 5, 0.7200, '2025-08-22', 1, 1, '2025-08-22 21:58:30', 'G28'),
(183, 27, 5, 47246.8750, '2025-08-22', 1, 1, '2025-08-22 21:58:30', 'G30'),
(184, 28, 5, 1068.0000, '2025-08-22', 1, 1, '2025-08-22 21:58:30', 'G31'),
(185, 18, 6, 0.9580, '2025-08-22', 1, 1, '2025-08-22 21:58:31', 'H19'),
(186, 19, 6, 9.2000, '2025-08-22', 1, 1, '2025-08-22 21:58:31', 'H20'),
(187, 29, 1, 25.0000, '2025-09-04', 1, 1, '2025-09-04 16:16:48', 'С14'),
(188, 30, 1, 23.0000, '2025-09-04', 1, 1, '2025-09-04 16:17:07', 'C15'),
(189, 29, 7, 14.5000, '2025-09-04', 1, 1, '2025-09-04 16:18:45', 'E14'),
(190, 30, 7, 11.5000, '2025-09-04', 1, 1, '2025-09-04 16:19:25', 'E15'),
(191, 29, 2, 4.0000, '2025-09-04', 1, 1, '2025-09-04 16:19:32', 'D14'),
(192, 31, 2, 5.0000, '2025-09-04', 1, 1, '2025-09-04 16:19:35', 'D16'),
(193, 46, 2, 33.0000, '2025-09-04', 1, 1, '2025-09-04 16:20:16', 'D31'),
(194, 35, 1, 3.0000, '2025-09-04', 1, 1, '2025-09-04 16:47:45', 'C20'),
(195, 35, 2, 2.0000, '2025-09-04', 1, 1, '2025-09-04 16:47:45', 'D20'),
(196, 35, 7, 5.0000, '2025-09-04', 1, 1, '2025-09-04 16:47:45', 'E20'),
(197, 29, 1, 25.0000, '2025-09-04', 2, 1, '2025-09-04 16:48:54', 'С14'),
(198, 29, 2, 23.0000, '2025-09-04', 2, 1, '2025-09-04 16:48:54', 'D14'),
(199, 29, 7, 24.0000, '2025-09-04', 2, 1, '2025-09-04 16:48:54', 'E14'),
(200, 31, 1, 25.2000, '2025-09-04', 1, 1, '2025-09-04 17:09:03', 'C16'),
(201, 31, 7, 0.0000, '2025-09-04', 1, 1, '2025-09-04 17:09:03', 'E16'),
(202, 32, 1, 25.0000, '2025-09-04', 1, 1, '2025-09-04 17:09:15', 'C17'),
(203, 32, 2, 25.2500, '2025-09-04', 1, 1, '2025-09-04 17:09:15', 'D17'),
(204, 32, 7, 0.0000, '2025-09-04', 1, 1, '2025-09-04 17:09:15', 'E17'),
(205, 33, 1, 25.0000, '2025-09-04', 1, 1, '2025-09-04 17:11:20', 'C18'),
(206, 33, 2, 25.0000, '2025-09-04', 1, 1, '2025-09-04 17:11:20', 'D18'),
(207, 33, 7, 0.0000, '2025-09-04', 1, 1, '2025-09-04 17:11:20', 'E18'),
(208, 30, 1, 25.0000, '2025-09-04', 2, 1, '2025-09-04 17:15:00', 'C15'),
(209, 31, 1, 3.0000, '2025-09-04', 2, 1, '2025-09-04 17:15:00', 'C16'),
(210, 32, 1, 2.0000, '2025-09-04', 2, 1, '2025-09-04 17:15:00', 'C17'),
(211, 30, 2, 23.0000, '2025-09-04', 2, 1, '2025-09-04 17:15:00', 'D15'),
(212, 31, 2, 5.0000, '2025-09-04', 2, 1, '2025-09-04 17:15:00', 'D16'),
(213, 30, 7, 24.0000, '2025-09-04', 2, 1, '2025-09-04 17:15:00', 'E15'),
(214, 31, 7, 2.0000, '2025-09-04', 2, 1, '2025-09-04 17:15:00', 'E16'),
(216, 37, 7, 71945.0000, '2025-09-14', 1, 1, '2025-09-14 15:01:27', 'E22'),
(217, 30, 2, 540.0000, '2025-09-14', 1, 1, '2025-09-14 16:48:26', 'D15'),
(218, 31, 2, 29.0000, '2025-09-14', 1, 1, '2025-09-14 16:48:26', 'D16'),
(219, 30, 7, 270.0000, '2025-09-14', 1, 1, '2025-09-14 16:48:26', 'E15'),
(220, 32, 2, 41.0000, '2025-09-14', 1, 1, '2025-09-14 16:49:06', 'D17'),
(225, 49, 1, 1000.0000, '2025-09-15', 1, 1, '2025-09-14 19:38:02', 'C12'),
(226, 49, 2, 1200.0000, '2025-09-15', 1, 1, '2025-09-14 19:38:02', 'D12'),
(227, 49, 1, 82407.0000, '2025-09-14', 1, 1, '2025-09-14 19:40:11', 'C12'),
(228, 49, 2, 75730.0000, '2025-09-14', 1, 1, '2025-09-14 19:40:11', 'D12'),
(229, 49, 1, 900.0000, '2025-09-13', 1, 1, '2025-09-14 19:40:58', 'C12'),
(230, 49, 2, 200.0000, '2025-09-13', 1, 1, '2025-09-14 19:40:58', 'D12'),
(231, 29, 2, 102.0000, '2025-09-14', 1, 1, '2025-09-14 20:47:11', 'D14'),
(232, 33, 2, 210.0000, '2025-09-14', 1, 1, '2025-09-14 20:47:11', 'D18'),
(233, 34, 2, 23.0000, '2025-09-14', 1, 1, '2025-09-14 20:47:11', 'D19'),
(234, 35, 2, 79605.0000, '2025-09-14', 1, 1, '2025-09-14 20:47:11', 'D20'),
(235, 36, 2, 0.9000, '2025-09-14', 1, 1, '2025-09-14 20:47:11', 'D21'),
(236, 37, 2, 71945.0000, '2025-09-14', 1, 1, '2025-09-14 20:47:11', 'D22'),
(237, 38, 2, 540.0000, '2025-09-14', 1, 1, '2025-09-14 20:47:11', 'D23'),
(238, 39, 2, 327.0000, '2025-09-14', 1, 1, '2025-09-14 20:47:11', 'D24'),
(239, 40, 2, 210.0000, '2025-09-14', 1, 1, '2025-09-14 20:47:11', 'D25'),
(240, 41, 2, 199.0000, '2025-09-14', 1, 1, '2025-09-14 20:47:11', 'D26'),
(241, 42, 2, 49.0000, '2025-09-14', 1, 1, '2025-09-14 20:47:11', 'D27'),
(242, 45, 2, 7981.5110, '2025-09-14', 1, 1, '2025-09-14 20:47:11', 'D30'),
(243, 47, 2, 118.0000, '2025-09-14', 1, 1, '2025-09-14 20:47:11', 'D32'),
(244, 48, 2, 1.3700, '2025-09-14', 1, 1, '2025-09-14 20:47:11', 'D33'),
(245, 29, 7, 51.0000, '2025-09-14', 1, 1, '2025-09-14 20:47:11', 'E14'),
(246, 31, 7, 28.0000, '2025-09-14', 1, 1, '2025-09-14 20:47:11', 'E16'),
(247, 32, 7, 39.0000, '2025-09-14', 1, 1, '2025-09-14 20:47:11', 'E17'),
(248, 33, 7, 215.0000, '2025-09-14', 1, 1, '2025-09-14 20:47:11', 'E18'),
(249, 34, 7, 23.0000, '2025-09-14', 1, 1, '2025-09-14 20:47:11', 'E19'),
(250, 35, 7, 79605.0000, '2025-09-14', 1, 1, '2025-09-14 20:47:11', 'E20'),
(251, 43, 7, 8125.0000, '2025-09-14', 1, 1, '2025-09-14 20:47:11', 'E28'),
(252, 44, 7, 9498.0000, '2025-09-14', 1, 1, '2025-09-14 20:47:11', 'E29'),
(253, 45, 7, 7981.5100, '2025-09-14', 1, 1, '2025-09-14 20:47:11', 'E30'),
(254, 46, 7, 0.0000, '2025-09-14', 1, 1, '2025-09-14 20:47:11', 'E31'),
(255, 43, 7, 2500.0000, '2025-09-16', 1, 1, '2025-09-16 11:18:12', 'E28'),
(256, 44, 7, 3000.0000, '2025-09-16', 1, 1, '2025-09-16 11:18:12', 'E29'),
(257, 43, 7, 1000.0000, '2025-09-16', 2, 1, '2025-09-16 11:34:36', 'E28'),
(258, 44, 7, 1599.0000, '2025-09-16', 2, 1, '2025-09-16 11:34:36', 'E29'),
(259, 45, 1, 1500.0000, '2025-09-16', 1, 1, '2025-09-16 13:35:57', 'C30'),
(260, 45, 2, 2300.0000, '2025-09-16', 1, 1, '2025-09-16 13:35:57', 'D30'),
(261, 45, 7, 3800.0000, '2025-09-16', 1, 1, '2025-09-16 13:35:57', 'E30'),
(262, 46, 1, 232.0000, '2025-09-16', 1, 1, '2025-09-16 13:40:08', 'C31'),
(263, 46, 2, 2242.0000, '2025-09-16', 1, 1, '2025-09-16 13:40:08', 'D31'),
(264, 46, 7, 2474.0000, '2025-09-16', 1, 1, '2025-09-16 13:40:08', 'E31'),
(265, 51, 1, 21.1250, '2025-09-14', 1, 1, '2025-09-17 15:12:35', 'C39'),
(266, 50, 1, 2112.5000, '2025-09-14', 1, 1, '2025-09-17 15:12:35', 'C38'),
(267, 52, 1, 50.0000, '2025-09-14', 1, 1, '2025-09-17 15:12:35', 'C40'),
(268, 53, 1, 52.6316, '2025-09-14', 1, 1, '2025-09-17 15:12:35', 'C41'),
(269, 54, 1, 826.3158, '2025-09-14', 1, 1, '2025-09-17 15:12:35', 'C42'),
(270, 55, 1, 876.3158, '2025-09-14', 1, 1, '2025-09-17 15:12:35', 'C43'),
(271, 56, 1, 776.3158, '2025-09-14', 1, 1, '2025-09-17 15:12:35', 'C44'),
(272, 57, 1, 155.2632, '2025-09-14', 1, 1, '2025-09-17 15:12:35', 'C45'),
(273, 51, 2, 8198.5486, '2025-09-14', 1, 1, '2025-09-17 15:12:35', 'D39'),
(274, 50, 2, 819854.8625, '2025-09-14', 1, 1, '2025-09-17 15:12:35', 'D38'),
(275, 52, 2, 50.0000, '2025-09-14', 1, 1, '2025-09-17 15:12:35', 'D40'),
(276, 53, 2, 52.6316, '2025-09-14', 1, 1, '2025-09-17 15:12:35', 'D41'),
(277, 54, 2, 826.3158, '2025-09-14', 1, 1, '2025-09-17 15:12:35', 'D42'),
(278, 55, 2, 876.3158, '2025-09-14', 1, 1, '2025-09-17 15:12:35', 'D43'),
(279, 56, 2, 776.3158, '2025-09-14', 1, 1, '2025-09-17 15:12:35', 'D44'),
(280, 57, 2, 155.2632, '2025-09-14', 1, 1, '2025-09-17 15:12:35', 'D45'),
(281, 35, 2, 21.0000, '2025-09-17', 1, 1, '2025-09-17 15:59:29', 'D20'),
(282, 51, 2, 23.4877, '2025-09-17', 1, 1, '2025-09-17 15:59:29', 'D39'),
(283, 50, 2, 0.0000, '2025-09-17', 1, 1, '2025-09-17 15:59:29', 'D38'),
(284, 52, 2, 0.0000, '2025-09-17', 1, 1, '2025-09-17 15:59:29', 'D40'),
(285, 53, 2, 52.6316, '2025-09-17', 1, 1, '2025-09-17 15:59:29', 'D41'),
(286, 54, 2, 800.0000, '2025-09-17', 1, 1, '2025-09-17 15:59:29', 'D42'),
(287, 55, 2, 850.0000, '2025-09-17', 1, 1, '2025-09-17 15:59:29', 'D43'),
(288, 56, 2, 750.0000, '2025-09-17', 1, 1, '2025-09-17 15:59:29', 'D44'),
(289, 57, 2, 150.0000, '2025-09-17', 1, 1, '2025-09-17 15:59:29', 'D45'),
(290, 35, 7, 21.0000, '2025-09-17', 1, 1, '2025-09-17 15:59:29', 'E20'),
(291, 52, 7, 0.0000, '2025-09-17', 1, 1, '2025-09-17 16:07:44', 'E40'),
(292, 54, 7, 800.0000, '2025-09-17', 1, 1, '2025-09-17 16:07:44', 'E42'),
(293, 57, 7, 150.0000, '2025-09-17', 1, 1, '2025-09-17 16:07:44', 'E45'),
(294, 55, 7, 850.0000, '2025-09-17', 1, 1, '2025-09-17 16:07:44', 'E43'),
(295, 56, 7, 750.0000, '2025-09-17', 1, 1, '2025-09-17 16:07:44', 'E44'),
(296, 50, 7, 0.0000, '2025-09-17', 1, 1, '2025-09-17 16:07:44', 'E38');

-- --------------------------------------------------------

--
-- Table structure for table `pgu_fullparams`
--

CREATE TABLE `pgu_fullparams` (
  `id` int NOT NULL,
  `code` varchar(50) CHARACTER SET utf8mb4 COLLATE utf8mb4_unicode_ci NOT NULL,
  `title` text CHARACTER SET utf8mb4 COLLATE utf8mb4_unicode_ci NOT NULL,
  `unit` varchar(50) CHARACTER SET utf8mb4 COLLATE utf8mb4_unicode_ci DEFAULT NULL,
  `row_num` int DEFAULT NULL
) ENGINE=InnoDB DEFAULT CHARSET=utf8mb4 COLLATE=utf8mb4_unicode_ci;

--
-- Dumping data for table `pgu_fullparams`
--

INSERT INTO `pgu_fullparams` (`id`, `code`, `title`, `unit`, `row_num`) VALUES
(1, 'Эвыр_гту', 'Выработка э.э газовой турбиной', 'x10^3 kWh', 10),
(2, 'Эвыр_пту', 'Выработка э.э паровой турбиной', 'x10^3 kWh', 11),
(3, 'Эвыр_пгу', 'Выработка электроэнергии ПГУ', 'x10^3 kWh', 12),
(4, 'Эотп_пгу', 'Отпуск электроэнергии от блока', 'x10^3 kWh', 13),
(5, 'Qотп_пгу', 'Отпуск тепла', 'Гкал', 14),
(6, 'Эсн', 'СН блока э.э., %', '%', 15),
(7, 'τрабПГУ', 'Число часов работы ПГУ', 'часы', 16),
(8, 'τАОС', 'Число часов работы ПГУ с системой АОС', 'часы', 17),
(9, 'τИО', 'Число часов работы ПГУ с испарительным охладителем', 'часы', 18),
(10, 'τхарак_пт', 'Наработка блока на момент составления характеристик', 'часы', 19),
(11, 'tн.в', 'Температура наружного воздуха', '°C', 20),
(12, 'tвх.к', 'Температура на входе компрессора по сухому термометру', '°C', 21),
(13, 'Испаритель', 'Испаритель включен-1, выключен-0', '', 22),
(14, 'Рбар', 'Барометрическое давление', 'mbar', 23),
(15, 'φвоз', 'Относительная влажность атмосферного воздуха', '%', 24),
(16, 'φвх.к', 'Относительная влажность на входе компрессора', '%', 25),
(17, 'tвл.т.вх.град', 'Температура влажного термометра на входе в градирни', '°C', 26),
(18, 'cosφГТ', 'Коэффициент мощности газовой турбины', '', 27),
(19, 'ν', 'Системная частота (относительная частота вращения двигателя ГТ)', '', 28),
(20, 'cosφПТ', 'Коэффициент мощности паровой турбины', '', 29),
(21, 'Qнр', 'Низшая теплота сгорания топлива, kJ/kg', 'kJ/kg', 30),
(22, 'Qнр_ккал', 'Низшая теплота сгорания топлива, kcal/nm3', 'kcal/nm3', 31),
(23, 'Ргаза', 'Давление топливного газа', 'bara', 32),
(24, 'Тгаза', 'Температура топливного газа', '°C', 33),
(25, 'Qотб', 'Тепловая нагрузка', 'Gcal/h', 34),
(26, 'ΔРКВОУ', 'Сопротивление КВОУ', 'kPa', 35),
(27, 'Δt', 'Разница температуры наружного воздуха и на входе компрессора', '°C', 36),
(28, 'H/C', 'Соотношение H/C', '', 37),
(29, 'Q′нр', 'Отклонение низшей теплоты от проектной', '%', 38),
(30, 'τнараб_пгу', 'Эквивалентные часы работы блока', 'часы', 39),
(31, 'nпуск_пгу', 'Количество пусков ПГУ по диспетчерскому графику', '', 40),
(32, 'BнатПГУ', 'Количество топлива в натуральном исчислении за месяц', 'м³', 41),
(33, 'Впгуф', 'Фактический расход топлива на ПГУ (условное)', 'т.усл.топл./мес', 42),
(34, 'ρг', 'Плотность природного газа', 'kg/m³', 43);

-- --------------------------------------------------------

--
-- Table structure for table `pgu_fullparam_values`
--

CREATE TABLE `pgu_fullparam_values` (
  `id` bigint NOT NULL,
  `fullparam_id` int NOT NULL,
  `pgu_id` int NOT NULL,
  `date` date NOT NULL,
  `shift_id` int NOT NULL,
  `value` decimal(20,4) DEFAULT NULL,
  `cell` varchar(20) CHARACTER SET utf8mb4 COLLATE utf8mb4_unicode_ci DEFAULT NULL
) ENGINE=InnoDB DEFAULT CHARSET=utf8mb4 COLLATE=utf8mb4_unicode_ci;

--
-- Dumping data for table `pgu_fullparam_values`
--

INSERT INTO `pgu_fullparam_values` (`id`, `fullparam_id`, `pgu_id`, `date`, `shift_id`, `value`, `cell`) VALUES
(897, 14, 1, '2025-08-22', 1, 999.6000, 'F23'),
(898, 15, 1, '2025-08-22', 1, 32.6000, 'F24'),
(899, 18, 1, '2025-08-22', 1, 0.9540, 'F27'),
(900, 19, 1, '2025-08-22', 1, 50.0000, 'F28'),
(901, 11, 1, '2025-08-22', 1, 28.7000, 'F20'),
(902, 12, 1, '2025-08-22', 1, 26.3000, 'F21'),
(903, 23, 1, '2025-08-22', 1, 12.3000, 'F32'),
(904, 24, 1, '2025-08-22', 1, 23.4000, 'F33'),
(905, 32, 1, '2025-08-22', 1, 30328.3120, 'F41'),
(906, 34, 1, '2025-08-22', 1, 0.7200, 'F43'),
(907, 21, 1, '2025-08-22', 1, 47246.8750, 'F30'),
(908, 26, 1, '2025-08-22', 1, 1849.0000, 'F35'),
(909, 22, 1, '2025-08-22', 1, 8125.0000, 'F31'),
(910, 27, 1, '2025-08-22', 1, -2.4000, 'F36'),
(911, 29, 1, '2025-08-22', 1, -1.5587, 'F38'),
(912, 33, 1, '2025-08-22', 1, 35202.5050, 'F42'),
(913, 5, 1, '2025-08-22', 1, 534.3570, 'F14'),
(914, 20, 1, '2025-08-22', 1, 0.9530, 'F29'),
(915, 17, 1, '2025-08-22', 1, 9.2000, 'F26'),
(916, 14, 2, '2025-08-22', 1, 999.5000, 'G23'),
(917, 15, 2, '2025-08-22', 1, 34.4000, 'G24'),
(918, 18, 2, '2025-08-22', 1, 0.9570, 'G27'),
(919, 19, 2, '2025-08-22', 1, 50.0000, 'G28'),
(920, 11, 2, '2025-08-22', 1, 29.0000, 'G20'),
(921, 12, 2, '2025-08-22', 1, 27.1000, 'G21'),
(922, 23, 2, '2025-08-22', 1, 12.3000, 'G32'),
(923, 24, 2, '2025-08-22', 1, 23.4000, 'G33'),
(924, 32, 2, '2025-08-22', 1, 32697.8160, 'G41'),
(925, 34, 2, '2025-08-22', 1, 0.7200, 'G43'),
(926, 21, 2, '2025-08-22', 1, 47246.8750, 'G30'),
(927, 26, 2, '2025-08-22', 1, 1068.0000, 'G35'),
(928, 22, 2, '2025-08-22', 1, 8125.0000, 'G31'),
(929, 27, 2, '2025-08-22', 1, -1.9000, 'G36'),
(930, 29, 2, '2025-08-22', 1, -1.5587, 'G38'),
(931, 33, 2, '2025-08-22', 1, 37952.8221, 'G42'),
(932, 5, 2, '2025-08-22', 1, 437.4930, 'G14'),
(933, 20, 2, '2025-08-22', 1, 0.9580, 'G29'),
(934, 17, 2, '2025-08-22', 1, 9.2000, 'G26'),
(935, 1, 2, '2025-08-23', 1, 8100.0000, 'G10'),
(936, 1, 2, '2025-08-23', 2, 8100.0000, 'G10'),
(937, 1, 2, '2025-08-23', 3, 16200.0000, 'G10'),
(938, 3, 2, '2025-08-23', 1, 12125.0000, 'G12'),
(939, 4, 2, '2025-08-23', 1, 11891.0000, 'G13'),
(940, 3, 2, '2025-08-23', 2, 12125.0000, 'G12'),
(941, 4, 2, '2025-08-23', 2, 11891.0000, 'G13'),
(942, 3, 2, '2025-08-23', 3, 24250.0000, 'G12'),
(943, 4, 2, '2025-08-23', 3, 24016.0000, 'G13'),
(944, 2, 2, '2025-08-23', 1, 4025.0000, 'G11'),
(945, 2, 2, '2025-08-23', 2, 4025.0000, 'G11'),
(946, 2, 2, '2025-08-23', 3, 8050.0000, 'G11'),
(947, 1, 1, '2025-08-22', 1, 1620.0000, 'F10'),
(948, 1, 1, '2025-08-22', 2, 1134.0000, 'F10'),
(949, 1, 1, '2025-08-22', 3, 972.0000, 'F10'),
(950, 3, 1, '2025-08-22', 1, 3230.0000, 'F12'),
(951, 4, 1, '2025-08-22', 1, 3113.0000, 'F13'),
(952, 3, 1, '2025-08-22', 2, 402.5000, 'F12'),
(953, 4, 1, '2025-08-22', 2, 308.9000, 'F13'),
(954, 3, 1, '2025-08-22', 3, 1207.5000, 'F12'),
(955, 4, 1, '2025-08-22', 3, 1090.5000, 'F13'),
(956, 2, 1, '2025-08-22', 1, 1610.0000, 'F11'),
(957, 2, 1, '2025-08-22', 2, 402.5000, 'F11'),
(958, 2, 1, '2025-08-22', 3, 1207.5000, 'F11'),
(959, 1, 2, '2025-08-22', 1, 1296.0000, 'G10'),
(960, 1, 2, '2025-08-22', 2, 1458.0000, 'G10'),
(961, 1, 2, '2025-08-22', 3, 1458.0000, 'G10'),
(962, 3, 2, '2025-08-22', 1, 2101.0000, 'G12'),
(963, 4, 2, '2025-08-22', 1, 1960.6000, 'G13'),
(964, 3, 2, '2025-08-22', 2, 2182.5000, 'G12'),
(965, 4, 2, '2025-08-22', 2, 2018.7000, 'G13'),
(966, 3, 2, '2025-08-22', 3, 2343.5000, 'G12'),
(967, 4, 2, '2025-08-22', 3, 2203.1000, 'G13'),
(968, 2, 2, '2025-08-22', 1, 805.0000, 'G11'),
(969, 2, 2, '2025-08-22', 2, 724.5000, 'G11'),
(970, 2, 2, '2025-08-22', 3, 885.5000, 'G11'),
(971, 7, 1, '2025-08-25', 1, 8.0000, 'F16'),
(972, 7, 2, '2025-08-25', 1, 8.0000, 'G16'),
(973, 7, 3, '2025-08-25', 1, 16.0000, 'H16'),
(974, 8, 1, '2025-08-25', 1, 8.0000, 'F17'),
(975, 8, 2, '2025-08-25', 1, 8.0000, 'G17'),
(976, 8, 3, '2025-08-25', 1, 16.0000, 'H17'),
(977, 9, 1, '2025-08-25', 1, 8.0000, 'F18'),
(978, 9, 2, '2025-08-25', 1, 8.0000, 'G18'),
(979, 9, 3, '2025-08-25', 1, 16.0000, 'H18'),
(980, 10, 1, '2025-08-25', 1, 0.0000, 'F19'),
(981, 10, 2, '2025-08-25', 1, 0.0000, 'G19'),
(982, 10, 3, '2025-08-25', 1, 0.0000, 'H19'),
(983, 13, 1, '2025-08-25', 1, 1.0000, 'F22'),
(984, 13, 2, '2025-08-25', 1, 1.0000, 'G22'),
(985, 13, 3, '2025-08-25', 1, 1.0000, 'H22'),
(986, 25, 3, '2025-08-25', 1, 0.0000, 'H34'),
(987, 30, 1, '2025-08-25', 1, 261.1800, 'F39'),
(988, 30, 2, '2025-08-25', 1, 265.1800, 'G39'),
(989, 30, 3, '2025-08-25', 1, 526.3700, 'H39'),
(990, 31, 1, '2025-08-25', 1, 0.0000, 'F40'),
(991, 31, 2, '2025-08-25', 1, 0.0000, 'G40'),
(992, 31, 3, '2025-08-25', 1, 0.0000, 'H40'),
(993, 7, 1, '2025-08-25', 2, 8.0000, 'F16'),
(994, 7, 2, '2025-08-25', 2, 8.0000, 'G16'),
(995, 7, 3, '2025-08-25', 2, 16.0000, 'H16'),
(996, 8, 1, '2025-08-25', 2, 2.8400, 'F17'),
(997, 8, 2, '2025-08-25', 2, 8.0000, 'G17'),
(998, 8, 3, '2025-08-25', 2, 10.8400, 'H17'),
(999, 9, 1, '2025-08-25', 2, 2.8400, 'F18'),
(1000, 9, 2, '2025-08-25', 2, 8.0000, 'G18'),
(1001, 9, 3, '2025-08-25', 2, 10.8400, 'H18'),
(1002, 10, 1, '2025-08-25', 2, 0.0000, 'F19'),
(1003, 10, 2, '2025-08-25', 2, 0.0000, 'G19'),
(1004, 10, 3, '2025-08-25', 2, 0.0000, 'H19'),
(1005, 13, 1, '2025-08-25', 2, 0.0000, 'F22'),
(1006, 13, 2, '2025-08-25', 2, 1.0000, 'G22'),
(1007, 13, 3, '2025-08-25', 2, 1.0000, 'H22'),
(1008, 25, 3, '2025-08-25', 2, 0.0000, 'H34'),
(1009, 30, 1, '2025-08-25', 2, 261.1800, 'F39'),
(1010, 30, 2, '2025-08-25', 2, 265.1800, 'G39'),
(1011, 30, 3, '2025-08-25', 2, 526.3700, 'H39'),
(1012, 31, 1, '2025-08-25', 2, 0.0000, 'F40'),
(1013, 31, 2, '2025-08-25', 2, 0.0000, 'G40'),
(1014, 31, 3, '2025-08-25', 2, 0.0000, 'H40'),
(1015, 7, 1, '2025-08-25', 3, 8.0000, 'F16'),
(1016, 7, 2, '2025-08-25', 3, 8.0000, 'G16'),
(1017, 7, 3, '2025-08-25', 3, 16.0000, 'H16'),
(1018, 8, 1, '2025-08-25', 3, 0.0000, 'F17'),
(1019, 8, 2, '2025-08-25', 3, 8.0000, 'G17'),
(1020, 8, 3, '2025-08-25', 3, 8.0000, 'H17'),
(1021, 9, 1, '2025-08-25', 3, 0.0000, 'F18'),
(1022, 9, 2, '2025-08-25', 3, 8.0000, 'G18'),
(1023, 9, 3, '2025-08-25', 3, 8.0000, 'H18'),
(1024, 10, 1, '2025-08-25', 3, 0.0000, 'F19'),
(1025, 10, 2, '2025-08-25', 3, 0.0000, 'G19'),
(1026, 10, 3, '2025-08-25', 3, 0.0000, 'H19'),
(1027, 13, 1, '2025-08-25', 3, 0.0000, 'F22'),
(1028, 13, 2, '2025-08-25', 3, 1.0000, 'G22'),
(1029, 13, 3, '2025-08-25', 3, 1.0000, 'H22'),
(1030, 25, 3, '2025-08-25', 3, 0.0000, 'H34'),
(1031, 30, 1, '2025-08-25', 3, 261.1800, 'F39'),
(1032, 30, 2, '2025-08-25', 3, 265.1800, 'G39'),
(1033, 30, 3, '2025-08-25', 3, 526.3700, 'H39'),
(1034, 31, 1, '2025-08-25', 3, 0.0000, 'F40'),
(1035, 31, 2, '2025-08-25', 3, 0.0000, 'G40'),
(1036, 31, 3, '2025-08-25', 3, 0.0000, 'H40'),
(1037, 7, 1, '2025-08-22', 1, 0.0000, 'F16'),
(1038, 7, 2, '2025-08-22', 1, 0.0000, 'G16'),
(1039, 7, 3, '2025-08-22', 1, 0.0000, 'H16'),
(1040, 8, 1, '2025-08-22', 1, 0.0000, 'F17'),
(1041, 8, 2, '2025-08-22', 1, 0.0000, 'G17'),
(1042, 8, 3, '2025-08-22', 1, 0.0000, 'H17'),
(1043, 9, 1, '2025-08-22', 1, 0.0000, 'F18'),
(1044, 9, 2, '2025-08-22', 1, 0.0000, 'G18'),
(1045, 9, 3, '2025-08-22', 1, 0.0000, 'H18'),
(1046, 10, 1, '2025-08-22', 1, 0.0000, 'F19'),
(1047, 10, 2, '2025-08-22', 1, 0.0000, 'G19'),
(1048, 10, 3, '2025-08-22', 1, 0.0000, 'H19'),
(1049, 13, 1, '2025-08-22', 1, 0.0000, 'F22'),
(1050, 13, 2, '2025-08-22', 1, 0.0000, 'G22'),
(1051, 13, 3, '2025-08-22', 1, 0.0000, 'H22'),
(1052, 25, 1, '2025-08-22', 1, 66.9360, 'F34'),
(1053, 25, 2, '2025-08-22', 1, 54.6887, 'G34'),
(1054, 25, 3, '2025-08-22', 1, 0.0000, 'H34'),
(1055, 30, 1, '2025-08-22', 1, 0.0000, 'F39'),
(1056, 30, 2, '2025-08-22', 1, 0.0000, 'G39'),
(1057, 30, 3, '2025-08-22', 1, 0.0000, 'H39'),
(1058, 31, 1, '2025-08-22', 1, 0.0000, 'F40'),
(1059, 31, 2, '2025-08-22', 1, 0.0000, 'G40'),
(1060, 31, 3, '2025-08-22', 1, 0.0000, 'H40'),
(1061, 7, 1, '2025-08-22', 2, 0.0000, 'F16'),
(1062, 7, 2, '2025-08-22', 2, 0.0000, 'G16'),
(1063, 7, 3, '2025-08-22', 2, 0.0000, 'H16'),
(1064, 8, 1, '2025-08-22', 2, 0.0000, 'F17'),
(1065, 8, 2, '2025-08-22', 2, 0.0000, 'G17'),
(1066, 8, 3, '2025-08-22', 2, 0.0000, 'H17'),
(1067, 9, 1, '2025-08-22', 2, 0.0000, 'F18'),
(1068, 9, 2, '2025-08-22', 2, 0.0000, 'G18'),
(1069, 9, 3, '2025-08-22', 2, 0.0000, 'H18'),
(1070, 10, 1, '2025-08-22', 2, 0.0000, 'F19'),
(1071, 10, 2, '2025-08-22', 2, 0.0000, 'G19'),
(1072, 10, 3, '2025-08-22', 2, 0.0000, 'H19'),
(1073, 13, 1, '2025-08-22', 2, 0.0000, 'F22'),
(1074, 13, 2, '2025-08-22', 2, 0.0000, 'G22'),
(1075, 13, 3, '2025-08-22', 2, 0.0000, 'H22'),
(1076, 25, 3, '2025-08-22', 2, 0.0000, 'H34'),
(1077, 30, 1, '2025-08-22', 2, 0.0000, 'F39'),
(1078, 30, 2, '2025-08-22', 2, 0.0000, 'G39'),
(1079, 30, 3, '2025-08-22', 2, 0.0000, 'H39'),
(1080, 31, 1, '2025-08-22', 2, 0.0000, 'F40'),
(1081, 31, 2, '2025-08-22', 2, 0.0000, 'G40'),
(1082, 31, 3, '2025-08-22', 2, 0.0000, 'H40'),
(1083, 7, 1, '2025-08-22', 3, 0.0000, 'F16'),
(1084, 7, 2, '2025-08-22', 3, 0.0000, 'G16'),
(1085, 7, 3, '2025-08-22', 3, 0.0000, 'H16'),
(1086, 8, 1, '2025-08-22', 3, 0.0000, 'F17'),
(1087, 8, 2, '2025-08-22', 3, 0.0000, 'G17'),
(1088, 8, 3, '2025-08-22', 3, 0.0000, 'H17'),
(1089, 9, 1, '2025-08-22', 3, 0.0000, 'F18'),
(1090, 9, 2, '2025-08-22', 3, 0.0000, 'G18'),
(1091, 9, 3, '2025-08-22', 3, 0.0000, 'H18'),
(1092, 10, 1, '2025-08-22', 3, 0.0000, 'F19'),
(1093, 10, 2, '2025-08-22', 3, 0.0000, 'G19'),
(1094, 10, 3, '2025-08-22', 3, 0.0000, 'H19'),
(1095, 13, 1, '2025-08-22', 3, 0.0000, 'F22'),
(1096, 13, 2, '2025-08-22', 3, 0.0000, 'G22'),
(1097, 13, 3, '2025-08-22', 3, 0.0000, 'H22'),
(1098, 25, 3, '2025-08-22', 3, 0.0000, 'H34'),
(1099, 30, 1, '2025-08-22', 3, 0.0000, 'F39'),
(1100, 30, 2, '2025-08-22', 3, 0.0000, 'G39'),
(1101, 30, 3, '2025-08-22', 3, 0.0000, 'H39'),
(1102, 31, 1, '2025-08-22', 3, 0.0000, 'F40'),
(1103, 31, 2, '2025-08-22', 3, 0.0000, 'G40'),
(1104, 31, 3, '2025-08-22', 3, 0.0000, 'H40'),
(1105, 1, 1, '2025-08-25', 1, 16200.0000, 'F10'),
(1106, 3, 1, '2025-08-25', 1, 32300.0000, 'F12'),
(1107, 4, 1, '2025-08-25', 1, 29960.0000, 'F13'),
(1108, 3, 1, '2025-08-25', 2, 0.0000, 'F12'),
(1109, 4, 1, '2025-08-25', 2, 0.0000, 'F13'),
(1110, 3, 1, '2025-08-25', 3, 0.0000, 'F12'),
(1111, 4, 1, '2025-08-25', 3, 0.0000, 'F13'),
(1112, 2, 1, '2025-08-25', 1, 16100.0000, 'F11'),
(1113, 7, 1, '2025-08-28', 1, 8.0000, 'F16'),
(1114, 7, 2, '2025-08-28', 1, 8.0000, 'G16'),
(1115, 7, 3, '2025-08-28', 1, 16.0000, 'H16'),
(1116, 8, 1, '2025-08-28', 1, 0.0000, 'F17'),
(1117, 8, 2, '2025-08-28', 1, 8.0000, 'G17'),
(1118, 8, 3, '2025-08-28', 1, 8.0000, 'H17'),
(1119, 9, 1, '2025-08-28', 1, 0.0000, 'F18'),
(1120, 9, 2, '2025-08-28', 1, 8.0000, 'G18'),
(1121, 9, 3, '2025-08-28', 1, 8.0000, 'H18'),
(1122, 10, 1, '2025-08-28', 1, 0.0000, 'F19'),
(1123, 10, 2, '2025-08-28', 1, 0.0000, 'G19'),
(1124, 10, 3, '2025-08-28', 1, 0.0000, 'H19'),
(1125, 13, 1, '2025-08-28', 1, 0.0000, 'F22'),
(1126, 13, 2, '2025-08-28', 1, 1.0000, 'G22'),
(1127, 13, 3, '2025-08-28', 1, 1.0000, 'H22'),
(1128, 25, 3, '2025-08-28', 1, 0.0000, 'H34'),
(1129, 30, 1, '2025-08-28', 1, 337.1800, 'F39'),
(1130, 30, 2, '2025-08-28', 1, 337.1800, 'G39'),
(1131, 30, 3, '2025-08-28', 1, 674.3700, 'H39'),
(1132, 31, 1, '2025-08-28', 1, 0.0000, 'F40'),
(1133, 31, 2, '2025-08-28', 1, 0.0000, 'G40'),
(1134, 31, 3, '2025-08-28', 1, 0.0000, 'H40'),
(1135, 7, 1, '2025-08-28', 2, 8.0000, 'F16'),
(1136, 7, 2, '2025-08-28', 2, 8.0000, 'G16'),
(1137, 7, 3, '2025-08-28', 2, 16.0000, 'H16'),
(1138, 8, 1, '2025-08-28', 2, 0.0000, 'F17'),
(1139, 8, 2, '2025-08-28', 2, 8.0000, 'G17'),
(1140, 8, 3, '2025-08-28', 2, 8.0000, 'H17'),
(1141, 9, 1, '2025-08-28', 2, 0.0000, 'F18'),
(1142, 9, 2, '2025-08-28', 2, 8.0000, 'G18'),
(1143, 9, 3, '2025-08-28', 2, 8.0000, 'H18'),
(1144, 10, 1, '2025-08-28', 2, 0.0000, 'F19'),
(1145, 10, 2, '2025-08-28', 2, 0.0000, 'G19'),
(1146, 10, 3, '2025-08-28', 2, 0.0000, 'H19'),
(1147, 13, 1, '2025-08-28', 2, 0.0000, 'F22'),
(1148, 13, 2, '2025-08-28', 2, 1.0000, 'G22'),
(1149, 13, 3, '2025-08-28', 2, 1.0000, 'H22'),
(1150, 25, 3, '2025-08-28', 2, 0.0000, 'H34'),
(1151, 30, 1, '2025-08-28', 2, 337.1800, 'F39'),
(1152, 30, 2, '2025-08-28', 2, 337.1800, 'G39'),
(1153, 30, 3, '2025-08-28', 2, 674.3700, 'H39'),
(1154, 31, 1, '2025-08-28', 2, 0.0000, 'F40'),
(1155, 31, 2, '2025-08-28', 2, 0.0000, 'G40'),
(1156, 31, 3, '2025-08-28', 2, 0.0000, 'H40'),
(1157, 7, 1, '2025-08-28', 3, 8.0000, 'F16'),
(1158, 7, 2, '2025-08-28', 3, 8.0000, 'G16'),
(1159, 7, 3, '2025-08-28', 3, 16.0000, 'H16'),
(1160, 8, 1, '2025-08-28', 3, 0.0000, 'F17'),
(1161, 8, 2, '2025-08-28', 3, 8.0000, 'G17'),
(1162, 8, 3, '2025-08-28', 3, 8.0000, 'H17'),
(1163, 9, 1, '2025-08-28', 3, 0.0000, 'F18'),
(1164, 9, 2, '2025-08-28', 3, 8.0000, 'G18'),
(1165, 9, 3, '2025-08-28', 3, 8.0000, 'H18'),
(1166, 10, 1, '2025-08-28', 3, 0.0000, 'F19'),
(1167, 10, 2, '2025-08-28', 3, 0.0000, 'G19'),
(1168, 10, 3, '2025-08-28', 3, 0.0000, 'H19'),
(1169, 13, 1, '2025-08-28', 3, 0.0000, 'F22'),
(1170, 13, 2, '2025-08-28', 3, 1.0000, 'G22'),
(1171, 13, 3, '2025-08-28', 3, 1.0000, 'H22'),
(1172, 25, 3, '2025-08-28', 3, 0.0000, 'H34'),
(1173, 30, 1, '2025-08-28', 3, 337.1800, 'F39'),
(1174, 30, 2, '2025-08-28', 3, 337.1800, 'G39'),
(1175, 30, 3, '2025-08-28', 3, 674.3700, 'H39'),
(1176, 31, 1, '2025-08-28', 3, 0.0000, 'F40'),
(1177, 31, 2, '2025-08-28', 3, 0.0000, 'G40'),
(1178, 31, 3, '2025-08-28', 3, 0.0000, 'H40'),
(1179, 7, 1, '2025-08-21', 1, 7.9997, 'F16'),
(1180, 7, 2, '2025-08-21', 1, 7.9997, 'G16'),
(1181, 7, 3, '2025-08-21', 1, 15.9994, 'H16'),
(1182, 8, 1, '2025-08-21', 1, 0.0000, 'F17'),
(1183, 8, 2, '2025-08-21', 1, 0.0000, 'G17'),
(1184, 8, 3, '2025-08-21', 1, 0.0000, 'H17'),
(1185, 9, 1, '2025-08-21', 1, 3.9997, 'F18'),
(1186, 9, 2, '2025-08-21', 1, 7.9997, 'G18'),
(1187, 9, 3, '2025-08-21', 1, 11.9994, 'H18'),
(1188, 10, 1, '2025-08-21', 1, 0.0000, 'F19'),
(1189, 10, 2, '2025-08-21', 1, 0.0000, 'G19'),
(1190, 10, 3, '2025-08-21', 1, 0.0000, 'H19'),
(1191, 13, 1, '2025-08-21', 1, 1.0000, 'F22'),
(1192, 13, 2, '2025-08-21', 1, 1.0000, 'G22'),
(1193, 13, 3, '2025-08-21', 1, 1.0000, 'H22'),
(1194, 25, 3, '2025-08-21', 1, 0.0000, 'H34'),
(1195, 30, 1, '2025-08-21', 1, 158.1833, 'F39'),
(1196, 30, 2, '2025-08-21', 1, 169.1831, 'G39'),
(1197, 30, 3, '2025-08-21', 1, 327.3664, 'H39'),
(1198, 31, 1, '2025-08-21', 1, 0.0000, 'F40'),
(1199, 31, 2, '2025-08-21', 1, 0.0000, 'G40'),
(1200, 31, 3, '2025-08-21', 1, 0.0000, 'H40'),
(1201, 7, 1, '2025-08-21', 2, 5.0000, 'F16'),
(1202, 7, 2, '2025-08-21', 2, 7.9997, 'G16'),
(1203, 7, 3, '2025-08-21', 2, 12.9997, 'H16'),
(1204, 8, 1, '2025-08-21', 2, 0.0000, 'F17'),
(1205, 8, 2, '2025-08-21', 2, 0.0000, 'G17'),
(1206, 8, 3, '2025-08-21', 2, 0.0000, 'H17'),
(1207, 9, 1, '2025-08-21', 2, 5.0000, 'F18'),
(1208, 9, 2, '2025-08-21', 2, 7.9997, 'G18'),
(1209, 9, 3, '2025-08-21', 2, 12.9997, 'H18'),
(1210, 10, 1, '2025-08-21', 2, 0.0000, 'F19'),
(1211, 10, 2, '2025-08-21', 2, 0.0000, 'G19'),
(1212, 10, 3, '2025-08-21', 2, 0.0000, 'H19'),
(1213, 13, 1, '2025-08-21', 2, 1.0000, 'F22'),
(1214, 13, 2, '2025-08-21', 2, 1.0000, 'G22'),
(1215, 13, 3, '2025-08-21', 2, 1.0000, 'H22'),
(1216, 25, 3, '2025-08-21', 2, 0.0000, 'H34'),
(1217, 30, 1, '2025-08-21', 2, 158.1833, 'F39'),
(1218, 30, 2, '2025-08-21', 2, 169.1831, 'G39'),
(1219, 30, 3, '2025-08-21', 2, 327.3664, 'H39'),
(1220, 31, 1, '2025-08-21', 2, 0.0000, 'F40'),
(1221, 31, 2, '2025-08-21', 2, 0.0000, 'G40'),
(1222, 31, 3, '2025-08-21', 2, 0.0000, 'H40'),
(1223, 7, 1, '2025-08-21', 3, 0.0000, 'F16'),
(1224, 7, 2, '2025-08-21', 3, 7.9997, 'G16'),
(1225, 7, 3, '2025-08-21', 3, 7.9997, 'H16'),
(1226, 8, 1, '2025-08-21', 3, 0.0000, 'F17'),
(1227, 8, 2, '2025-08-21', 3, 0.0000, 'G17'),
(1228, 8, 3, '2025-08-21', 3, 0.0000, 'H17'),
(1229, 9, 1, '2025-08-21', 3, 0.0000, 'F18'),
(1230, 9, 2, '2025-08-21', 3, 7.9997, 'G18'),
(1231, 9, 3, '2025-08-21', 3, 7.9997, 'H18'),
(1232, 10, 1, '2025-08-21', 3, 0.0000, 'F19'),
(1233, 10, 2, '2025-08-21', 3, 0.0000, 'G19'),
(1234, 10, 3, '2025-08-21', 3, 0.0000, 'H19'),
(1235, 13, 1, '2025-08-21', 3, 1.0000, 'F22'),
(1236, 13, 2, '2025-08-21', 3, 1.0000, 'G22'),
(1237, 13, 3, '2025-08-21', 3, 1.0000, 'H22'),
(1238, 25, 3, '2025-08-21', 3, 0.0000, 'H34'),
(1239, 30, 1, '2025-08-21', 3, 158.1833, 'F39'),
(1240, 30, 2, '2025-08-21', 3, 169.1831, 'G39'),
(1241, 30, 3, '2025-08-21', 3, 327.3664, 'H39'),
(1242, 31, 1, '2025-08-21', 3, 0.0000, 'F40'),
(1243, 31, 2, '2025-08-21', 3, 0.0000, 'G40'),
(1244, 31, 3, '2025-08-21', 3, 0.0000, 'H40'),
(1245, 1, 1, '2025-08-23', 1, 16200.0000, 'F10'),
(1246, 3, 1, '2025-08-23', 1, 24250.0000, 'F12'),
(1247, 4, 1, '2025-08-23', 1, 23080.0000, 'F13'),
(1248, 3, 1, '2025-08-23', 2, 0.0000, 'F12'),
(1249, 4, 1, '2025-08-23', 2, 0.0000, 'F13'),
(1250, 3, 1, '2025-08-23', 3, 0.0000, 'F12'),
(1251, 4, 1, '2025-08-23', 3, 0.0000, 'F13'),
(1252, 1, 1, '2025-08-28', 1, 16200.0000, 'F10'),
(1253, 1, 1, '2025-08-28', 2, 16200.0000, 'F10'),
(1254, 1, 1, '2025-08-28', 3, 16200.0000, 'F10'),
(1255, 3, 1, '2025-08-28', 1, 16200.0000, 'F12'),
(1256, 4, 1, '2025-08-28', 1, 16200.0000, 'F13'),
(1257, 3, 1, '2025-08-28', 2, 16200.0000, 'F12'),
(1258, 4, 1, '2025-08-28', 2, 16200.0000, 'F13'),
(1259, 3, 1, '2025-08-28', 3, 16200.0000, 'F12'),
(1260, 4, 1, '2025-08-28', 3, 16200.0000, 'F13'),
(1261, 2, 1, '2025-08-23', 1, 8050.0000, 'F11'),
(1262, 7, 1, '2025-08-23', 1, 8.0000, 'F16'),
(1263, 7, 2, '2025-08-23', 1, 8.0000, 'G16'),
(1264, 7, 3, '2025-08-23', 1, 16.0000, 'H16'),
(1265, 8, 1, '2025-08-23', 1, 0.0000, 'F17'),
(1266, 8, 2, '2025-08-23', 1, 0.0000, 'G17'),
(1267, 8, 3, '2025-08-23', 1, 0.0000, 'H17'),
(1268, 9, 1, '2025-08-23', 1, 8.0000, 'F18'),
(1269, 9, 2, '2025-08-23', 1, 0.0000, 'G18'),
(1270, 9, 3, '2025-08-23', 1, 8.0000, 'H18'),
(1271, 10, 1, '2025-08-23', 1, 0.0000, 'F19'),
(1272, 10, 2, '2025-08-23', 1, 0.0000, 'G19'),
(1273, 10, 3, '2025-08-23', 1, 0.0000, 'H19'),
(1274, 13, 1, '2025-08-23', 1, 1.0000, 'F22'),
(1275, 13, 2, '2025-08-23', 1, 0.0000, 'G22'),
(1276, 13, 3, '2025-08-23', 1, 1.0000, 'H22'),
(1277, 25, 3, '2025-08-23', 1, 0.0000, 'H34'),
(1278, 30, 1, '2025-08-23', 1, 217.1800, 'F39'),
(1279, 30, 2, '2025-08-23', 1, 217.1800, 'G39'),
(1280, 30, 3, '2025-08-23', 1, 434.3700, 'H39'),
(1281, 31, 1, '2025-08-23', 1, 0.0000, 'F40'),
(1282, 31, 2, '2025-08-23', 1, 0.0000, 'G40'),
(1283, 31, 3, '2025-08-23', 1, 0.0000, 'H40'),
(1284, 6, 1, '2025-08-22', 1, 3.2914, 'F15'),
(1285, 6, 2, '2025-08-22', 1, 6.2661, 'G15'),
(1286, 7, 1, '2025-08-29', 1, 4.5000, 'F16'),
(1287, 7, 2, '2025-08-29', 1, 8.0000, 'G16'),
(1288, 7, 3, '2025-08-29', 1, 12.5000, 'H16'),
(1289, 8, 1, '2025-08-29', 1, 0.0000, 'F17'),
(1290, 8, 2, '2025-08-29', 1, 0.0000, 'G17'),
(1291, 8, 3, '2025-08-29', 1, 0.0000, 'H17'),
(1292, 9, 1, '2025-08-29', 1, 2.5000, 'F18'),
(1293, 9, 2, '2025-08-29', 1, 0.0000, 'G18'),
(1294, 9, 3, '2025-08-29', 1, 2.5000, 'H18'),
(1295, 10, 1, '2025-08-29', 1, 0.0000, 'F19'),
(1296, 10, 2, '2025-08-29', 1, 0.0000, 'G19'),
(1297, 10, 3, '2025-08-29', 1, 0.0000, 'H19'),
(1298, 13, 1, '2025-08-29', 1, 0.0000, 'F22'),
(1299, 13, 2, '2025-08-29', 1, 0.0000, 'G22'),
(1300, 13, 3, '2025-08-29', 1, 0.0000, 'H22'),
(1301, 25, 3, '2025-08-29', 1, 0.0000, 'H34'),
(1302, 30, 1, '2025-08-29', 1, 341.6800, 'F39'),
(1303, 30, 2, '2025-08-29', 1, 361.1800, 'G39'),
(1304, 30, 3, '2025-08-29', 1, 702.8700, 'H39'),
(1305, 31, 1, '2025-08-29', 1, 0.0000, 'F40'),
(1306, 31, 2, '2025-08-29', 1, 0.0000, 'G40'),
(1307, 31, 3, '2025-08-29', 1, 0.0000, 'H40'),
(1308, 7, 1, '2025-08-29', 2, 0.0000, 'F16'),
(1309, 7, 2, '2025-08-29', 2, 8.0000, 'G16'),
(1310, 7, 3, '2025-08-29', 2, 8.0000, 'H16'),
(1311, 8, 1, '2025-08-29', 2, 0.0000, 'F17'),
(1312, 8, 2, '2025-08-29', 2, 0.0000, 'G17'),
(1313, 8, 3, '2025-08-29', 2, 0.0000, 'H17'),
(1314, 9, 1, '2025-08-29', 2, 0.0000, 'F18'),
(1315, 9, 2, '2025-08-29', 2, 0.0000, 'G18'),
(1316, 9, 3, '2025-08-29', 2, 0.0000, 'H18'),
(1317, 10, 1, '2025-08-29', 2, 0.0000, 'F19'),
(1318, 10, 2, '2025-08-29', 2, 0.0000, 'G19'),
(1319, 10, 3, '2025-08-29', 2, 0.0000, 'H19'),
(1320, 13, 1, '2025-08-29', 2, 0.0000, 'F22'),
(1321, 13, 2, '2025-08-29', 2, 0.0000, 'G22'),
(1322, 13, 3, '2025-08-29', 2, 0.0000, 'H22'),
(1323, 25, 3, '2025-08-29', 2, 0.0000, 'H34'),
(1324, 30, 1, '2025-08-29', 2, 341.6800, 'F39'),
(1325, 30, 2, '2025-08-29', 2, 361.1800, 'G39'),
(1326, 30, 3, '2025-08-29', 2, 702.8700, 'H39'),
(1327, 31, 1, '2025-08-29', 2, 0.0000, 'F40'),
(1328, 31, 2, '2025-08-29', 2, 0.0000, 'G40'),
(1329, 31, 3, '2025-08-29', 2, 0.0000, 'H40'),
(1330, 7, 1, '2025-08-29', 3, 0.0000, 'F16'),
(1331, 7, 2, '2025-08-29', 3, 8.0000, 'G16'),
(1332, 7, 3, '2025-08-29', 3, 8.0000, 'H16'),
(1333, 8, 1, '2025-08-29', 3, 0.0000, 'F17'),
(1334, 8, 2, '2025-08-29', 3, 0.0000, 'G17'),
(1335, 8, 3, '2025-08-29', 3, 0.0000, 'H17'),
(1336, 9, 1, '2025-08-29', 3, 0.0000, 'F18'),
(1337, 9, 2, '2025-08-29', 3, 0.0000, 'G18'),
(1338, 9, 3, '2025-08-29', 3, 0.0000, 'H18'),
(1339, 10, 1, '2025-08-29', 3, 0.0000, 'F19'),
(1340, 10, 2, '2025-08-29', 3, 0.0000, 'G19'),
(1341, 10, 3, '2025-08-29', 3, 0.0000, 'H19'),
(1342, 13, 1, '2025-08-29', 3, 0.0000, 'F22'),
(1343, 13, 2, '2025-08-29', 3, 0.0000, 'G22'),
(1344, 13, 3, '2025-08-29', 3, 0.0000, 'H22'),
(1345, 25, 3, '2025-08-29', 3, 0.0000, 'H34'),
(1346, 30, 1, '2025-08-29', 3, 341.6800, 'F39'),
(1347, 30, 2, '2025-08-29', 3, 361.1800, 'G39'),
(1348, 30, 3, '2025-08-29', 3, 702.8700, 'H39'),
(1349, 31, 1, '2025-08-29', 3, 0.0000, 'F40'),
(1350, 31, 2, '2025-08-29', 3, 0.0000, 'G40'),
(1351, 31, 3, '2025-08-29', 3, 0.0000, 'H40'),
(1352, 33, 3, '2025-08-22', 1, 73155.3271, 'H42'),
(1353, 7, 1, '2025-09-12', 1, 7.9997, 'F16'),
(1354, 7, 2, '2025-09-12', 1, 7.9997, 'G16'),
(1355, 7, 3, '2025-09-12', 1, 15.9994, 'H16'),
(1356, 8, 1, '2025-09-12', 1, 0.0000, 'F17'),
(1357, 8, 2, '2025-09-12', 1, 0.0000, 'G17'),
(1358, 8, 3, '2025-09-12', 1, 0.0000, 'H17'),
(1359, 9, 1, '2025-09-12', 1, 0.0000, 'F18'),
(1360, 9, 2, '2025-09-12', 1, 0.0000, 'G18'),
(1361, 9, 3, '2025-09-12', 1, 0.0000, 'H18'),
(1362, 10, 1, '2025-09-12', 1, 0.0000, 'F19'),
(1363, 10, 2, '2025-09-12', 1, 0.0000, 'G19'),
(1364, 10, 3, '2025-09-12', 1, 0.0000, 'H19'),
(1365, 13, 1, '2025-09-12', 1, 0.0000, 'F22'),
(1366, 13, 2, '2025-09-12', 1, 0.0000, 'G22'),
(1367, 13, 3, '2025-09-12', 1, 0.0000, 'H22'),
(1368, 25, 3, '2025-09-12', 1, 0.0000, 'H34'),
(1369, 30, 1, '2025-09-12', 1, 686.1664, 'F39'),
(1370, 30, 2, '2025-09-12', 1, 697.1831, 'G39'),
(1371, 30, 3, '2025-09-12', 1, 1383.3494, 'H39'),
(1372, 31, 1, '2025-09-12', 1, 0.0000, 'F40'),
(1373, 31, 2, '2025-09-12', 1, 0.0000, 'G40'),
(1374, 31, 3, '2025-09-12', 1, 0.0000, 'H40'),
(1375, 7, 1, '2025-09-12', 2, 7.9997, 'F16'),
(1376, 7, 2, '2025-09-12', 2, 7.9997, 'G16'),
(1377, 7, 3, '2025-09-12', 2, 15.9994, 'H16'),
(1378, 8, 1, '2025-09-12', 2, 0.0000, 'F17'),
(1379, 8, 2, '2025-09-12', 2, 0.0000, 'G17'),
(1380, 8, 3, '2025-09-12', 2, 0.0000, 'H17'),
(1381, 9, 1, '2025-09-12', 2, 0.0000, 'F18'),
(1382, 9, 2, '2025-09-12', 2, 0.0000, 'G18'),
(1383, 9, 3, '2025-09-12', 2, 0.0000, 'H18'),
(1384, 10, 1, '2025-09-12', 2, 0.0000, 'F19'),
(1385, 10, 2, '2025-09-12', 2, 0.0000, 'G19'),
(1386, 10, 3, '2025-09-12', 2, 0.0000, 'H19'),
(1387, 13, 1, '2025-09-12', 2, 0.0000, 'F22'),
(1388, 13, 2, '2025-09-12', 2, 0.0000, 'G22'),
(1389, 13, 3, '2025-09-12', 2, 0.0000, 'H22'),
(1390, 25, 3, '2025-09-12', 2, 0.0000, 'H34'),
(1391, 30, 1, '2025-09-12', 2, 686.1664, 'F39'),
(1392, 30, 2, '2025-09-12', 2, 697.1831, 'G39'),
(1393, 30, 3, '2025-09-12', 2, 1383.3494, 'H39'),
(1394, 31, 1, '2025-09-12', 2, 0.0000, 'F40'),
(1395, 31, 2, '2025-09-12', 2, 0.0000, 'G40'),
(1396, 31, 3, '2025-09-12', 2, 0.0000, 'H40'),
(1397, 7, 1, '2025-09-12', 3, 7.9997, 'F16'),
(1398, 7, 2, '2025-09-12', 3, 7.9997, 'G16'),
(1399, 7, 3, '2025-09-12', 3, 15.9994, 'H16'),
(1400, 8, 1, '2025-09-12', 3, 0.0000, 'F17'),
(1401, 8, 2, '2025-09-12', 3, 0.0000, 'G17'),
(1402, 8, 3, '2025-09-12', 3, 0.0000, 'H17'),
(1403, 9, 1, '2025-09-12', 3, 0.0000, 'F18'),
(1404, 9, 2, '2025-09-12', 3, 0.0000, 'G18'),
(1405, 9, 3, '2025-09-12', 3, 0.0000, 'H18'),
(1406, 10, 1, '2025-09-12', 3, 0.0000, 'F19'),
(1407, 10, 2, '2025-09-12', 3, 0.0000, 'G19'),
(1408, 10, 3, '2025-09-12', 3, 0.0000, 'H19'),
(1409, 13, 1, '2025-09-12', 3, 0.0000, 'F22'),
(1410, 13, 2, '2025-09-12', 3, 0.0000, 'G22'),
(1411, 13, 3, '2025-09-12', 3, 0.0000, 'H22'),
(1412, 25, 3, '2025-09-12', 3, 0.0000, 'H34'),
(1413, 30, 1, '2025-09-12', 3, 686.1664, 'F39'),
(1414, 30, 2, '2025-09-12', 3, 697.1831, 'G39'),
(1415, 30, 3, '2025-09-12', 3, 1383.3494, 'H39'),
(1416, 31, 1, '2025-09-12', 3, 0.0000, 'F40'),
(1417, 31, 2, '2025-09-12', 3, 0.0000, 'G40'),
(1418, 31, 3, '2025-09-12', 3, 0.0000, 'H40'),
(1419, 7, 1, '2025-09-13', 1, 0.0000, 'F16'),
(1420, 7, 2, '2025-09-13', 1, 0.0000, 'G16'),
(1421, 7, 3, '2025-09-13', 1, 0.0000, 'H16'),
(1422, 8, 1, '2025-09-13', 1, 0.0000, 'F17'),
(1423, 8, 2, '2025-09-13', 1, 0.0000, 'G17'),
(1424, 8, 3, '2025-09-13', 1, 0.0000, 'H17'),
(1425, 9, 1, '2025-09-13', 1, 0.0000, 'F18'),
(1426, 9, 2, '2025-09-13', 1, 0.0000, 'G18'),
(1427, 9, 3, '2025-09-13', 1, 0.0000, 'H18'),
(1428, 10, 1, '2025-09-13', 1, 0.0000, 'F19'),
(1429, 10, 2, '2025-09-13', 1, 0.0000, 'G19'),
(1430, 10, 3, '2025-09-13', 1, 0.0000, 'H19'),
(1431, 13, 1, '2025-09-13', 1, 0.0000, 'F22'),
(1432, 13, 2, '2025-09-13', 1, 0.0000, 'G22'),
(1433, 13, 3, '2025-09-13', 1, 0.0000, 'H22'),
(1434, 25, 3, '2025-09-13', 1, 0.0000, 'H34'),
(1435, 30, 1, '2025-09-13', 1, 0.0000, 'F39'),
(1436, 30, 2, '2025-09-13', 1, 0.0000, 'G39'),
(1437, 30, 3, '2025-09-13', 1, 0.0000, 'H39'),
(1438, 31, 1, '2025-09-13', 1, 0.0000, 'F40'),
(1439, 31, 2, '2025-09-13', 1, 0.0000, 'G40'),
(1440, 31, 3, '2025-09-13', 1, 0.0000, 'H40'),
(1441, 7, 1, '2025-09-13', 2, 0.0000, 'F16'),
(1442, 7, 2, '2025-09-13', 2, 0.0000, 'G16'),
(1443, 7, 3, '2025-09-13', 2, 0.0000, 'H16'),
(1444, 8, 1, '2025-09-13', 2, 0.0000, 'F17'),
(1445, 8, 2, '2025-09-13', 2, 0.0000, 'G17'),
(1446, 8, 3, '2025-09-13', 2, 0.0000, 'H17'),
(1447, 9, 1, '2025-09-13', 2, 0.0000, 'F18'),
(1448, 9, 2, '2025-09-13', 2, 0.0000, 'G18'),
(1449, 9, 3, '2025-09-13', 2, 0.0000, 'H18'),
(1450, 10, 1, '2025-09-13', 2, 0.0000, 'F19'),
(1451, 10, 2, '2025-09-13', 2, 0.0000, 'G19'),
(1452, 10, 3, '2025-09-13', 2, 0.0000, 'H19'),
(1453, 13, 1, '2025-09-13', 2, 0.0000, 'F22'),
(1454, 13, 2, '2025-09-13', 2, 0.0000, 'G22'),
(1455, 13, 3, '2025-09-13', 2, 0.0000, 'H22'),
(1456, 25, 3, '2025-09-13', 2, 0.0000, 'H34'),
(1457, 30, 1, '2025-09-13', 2, 0.0000, 'F39'),
(1458, 30, 2, '2025-09-13', 2, 0.0000, 'G39'),
(1459, 30, 3, '2025-09-13', 2, 0.0000, 'H39'),
(1460, 31, 1, '2025-09-13', 2, 0.0000, 'F40'),
(1461, 31, 2, '2025-09-13', 2, 0.0000, 'G40'),
(1462, 31, 3, '2025-09-13', 2, 0.0000, 'H40'),
(1463, 7, 1, '2025-09-13', 3, 0.0000, 'F16'),
(1464, 7, 2, '2025-09-13', 3, 0.0000, 'G16'),
(1465, 7, 3, '2025-09-13', 3, 0.0000, 'H16'),
(1466, 8, 1, '2025-09-13', 3, 0.0000, 'F17'),
(1467, 8, 2, '2025-09-13', 3, 0.0000, 'G17'),
(1468, 8, 3, '2025-09-13', 3, 0.0000, 'H17'),
(1469, 9, 1, '2025-09-13', 3, 0.0000, 'F18'),
(1470, 9, 2, '2025-09-13', 3, 0.0000, 'G18'),
(1471, 9, 3, '2025-09-13', 3, 0.0000, 'H18'),
(1472, 10, 1, '2025-09-13', 3, 0.0000, 'F19'),
(1473, 10, 2, '2025-09-13', 3, 0.0000, 'G19'),
(1474, 10, 3, '2025-09-13', 3, 0.0000, 'H19'),
(1475, 13, 1, '2025-09-13', 3, 0.0000, 'F22'),
(1476, 13, 2, '2025-09-13', 3, 0.0000, 'G22'),
(1477, 13, 3, '2025-09-13', 3, 0.0000, 'H22'),
(1478, 25, 3, '2025-09-13', 3, 0.0000, 'H34'),
(1479, 30, 1, '2025-09-13', 3, 0.0000, 'F39'),
(1480, 30, 2, '2025-09-13', 3, 0.0000, 'G39'),
(1481, 30, 3, '2025-09-13', 3, 0.0000, 'H39'),
(1482, 31, 1, '2025-09-13', 3, 0.0000, 'F40'),
(1483, 31, 2, '2025-09-13', 3, 0.0000, 'G40'),
(1484, 31, 3, '2025-09-13', 3, 0.0000, 'H40'),
(1485, 7, 1, '2025-09-16', 1, 0.0000, 'F16'),
(1486, 7, 2, '2025-09-16', 1, 0.0000, 'G16'),
(1487, 7, 3, '2025-09-16', 1, 0.0000, 'H16'),
(1488, 8, 1, '2025-09-16', 1, 0.0000, 'F17'),
(1489, 8, 2, '2025-09-16', 1, 0.0000, 'G17'),
(1490, 8, 3, '2025-09-16', 1, 0.0000, 'H17'),
(1491, 9, 1, '2025-09-16', 1, 0.0000, 'F18'),
(1492, 9, 2, '2025-09-16', 1, 0.0000, 'G18'),
(1493, 9, 3, '2025-09-16', 1, 0.0000, 'H18'),
(1494, 10, 1, '2025-09-16', 1, 0.0000, 'F19'),
(1495, 10, 2, '2025-09-16', 1, 0.0000, 'G19'),
(1496, 10, 3, '2025-09-16', 1, 0.0000, 'H19'),
(1497, 13, 1, '2025-09-16', 1, 0.0000, 'F22'),
(1498, 13, 2, '2025-09-16', 1, 0.0000, 'G22'),
(1499, 13, 3, '2025-09-16', 1, 0.0000, 'H22'),
(1500, 25, 3, '2025-09-16', 1, 0.0000, 'H34'),
(1501, 30, 1, '2025-09-16', 1, 0.0000, 'F39'),
(1502, 30, 2, '2025-09-16', 1, 0.0000, 'G39'),
(1503, 30, 3, '2025-09-16', 1, 0.0000, 'H39'),
(1504, 31, 1, '2025-09-16', 1, 0.0000, 'F40'),
(1505, 31, 2, '2025-09-16', 1, 0.0000, 'G40'),
(1506, 31, 3, '2025-09-16', 1, 0.0000, 'H40');

-- --------------------------------------------------------

--
-- Table structure for table `pgu_result_params`
--

CREATE TABLE `pgu_result_params` (
  `id` int NOT NULL,
  `name` varchar(255) CHARACTER SET utf8mb4 COLLATE utf8mb4_unicode_ci NOT NULL,
  `unit` varchar(50) CHARACTER SET utf8mb4 COLLATE utf8mb4_unicode_ci DEFAULT NULL,
  `symbol` varchar(50) CHARACTER SET utf8mb4 COLLATE utf8mb4_unicode_ci DEFAULT NULL,
  `row_num` varchar(20) CHARACTER SET utf8mb4 COLLATE utf8mb4_unicode_ci DEFAULT NULL
) ENGINE=InnoDB DEFAULT CHARSET=utf8mb4 COLLATE=utf8mb4_unicode_ci;

--
-- Dumping data for table `pgu_result_params`
--

INSERT INTO `pgu_result_params` (`id`, `name`, `unit`, `symbol`, `row_num`) VALUES
(38, 'Электрическая нагрузка ПГУ, MW, брутто', 'MW', 'Nпгубр', '47'),
(39, 'Электрическая нагрузка ПГУ, MW, нетто', 'MW', 'Nпгун', '48'),
(40, 'Электрическая нагрузка ГТУ, MW, нетто', 'MW', 'Nгтун', '49'),
(41, 'Электрическая нагрузка ПТУ, MW, нетто', 'MW', 'Nптун', '50'),
(42, 'Исходно-номинальный УРТ ПГУ, g/kWh', 'g/kWh', 'bэ(ином)пгу', '51'),
(43, 'Фактический расход топлива за месяц на ПГУ в пересчете на условное, т.усл.топл./мес', 'т.усл.топл./мес', 'Впгуф', '52'),
(44, 'на изменение cosφГТ, MW', 'MW', 'ΔNcosφгт', '54'),
(45, 'на изменение cosφПТ, MW', 'MW', 'ΔNcosφпт', '55'),
(46, 'на отпуск тепла на блоки, MW', 'MW', 'ΔNт.бл', '56'),
(47, 'на изменение температуры мокрого термометра в градирню, MW', 'MW', 'ΔNбл', '57'),
(48, 'на давление топливного газа, MW', 'MW', 'ΔNРт.газа', '58'),
(49, 'на температуру топливного газа, MW', 'MW', 'ΔNtт.газа', '59'),
(50, 'на температуру окружающей среды и относительную влажность (при Вкл испар. охл.)', NULL, 'ktн.в', '60'),
(51, 'на температуру на входе компрессора (при Откл. испар. охл.)', NULL, 'ktвх.к', '61'),
(52, 'на изменение барометрического давления и температуры на входе компрессора (при Вкл и Откл испар. охл.)', NULL, 'kРбар', '62'),
(53, 'на относительную влажность и температуру на входе компрессора (при Откл испар. охл.)', NULL, 'kφвх.к', '63'),
(54, 'на отклонение низшей теплоты сгорания топлива', NULL, 'kQнр', '64'),
(55, 'на изменение частоты ГТ (при Вкл и Откл испар. охл.)', NULL, 'kν', '65'),
(56, 'Кривая деградации ГТУ', NULL, 'kd', '66'),
(57, 'Кривая деградации ГТУ, MW', 'MW', 'ΔNkd', '67'),
(58, 'на занос КВОУ', NULL, 'kΔNквоу', '68'),
(59, 'на включение антиобледенительной системы (АОС)', NULL, 'kΔNаос', '69'),
(60, 'Расчетная мощность, приведённая к фактическим внешним условиям ПГУ, MW', 'MW', 'N′пгу', '70'),
(61, 'Изменение мощности ПГУ на внешние факторы, MW', 'MW', 'ΔN', '71'),
(62, 'Расход топлива на изменение мощности за счёт изменения внешних факторов, т.усл.топл.', 'т.усл.топл.', 'ΔB', '72'),
(63, 'Исходно-номинальный расход топлива на ПГУ по энергетическим характеристикам, т.усл.топл.', 'т.усл.топл.', 'Вт', '73'),
(64, 'Расход топлива на тепловую нагрузку, т.усл.топл.', 'т.усл.топл.', 'ΔBтепл', '74'),
(65, 'Расход топлива на ПГУ с учётом влияния внешних факторов и тепловой нагрузки, т.усл.топл.', 'т.усл.топл.', 'В′т', '75'),
(66, 'Мощность тепла топлива ПГУ, MW', 'MW', 'Nтоп', '76'),
(67, 'КПД нетто ПГУ (установки), %', '%', 'ηбрпгу', '77'),
(68, 'Электрические СН ПГУ, %', '%', 'эснпгу', '78'),
(69, 'Электрические СН ПГУ, MW', 'MW', 'Nснпгу', '79'),
(70, 'Номинальный удельный расход топлива на отпуск электроэнергии, приведённый к внешним факторам, g/kWh', 'g/kWh', 'bэ(ном)', '80'),
(71, 'Затраты топлива на пуски ПГУ по диспетчерскому графику, g/kWh', 'g/kWh', 'Δbпуск', '81'),
(72, 'Номинальный удельный расход топлива на отпуск электроэнергии с учётом пусков, g/kWh', 'g/kWh', 'b′э(ном)', '82'),
(73, 'Фактический удельный расход топлива на отпуск электроэнергии с учётом пусков, g/kWh', 'g/kWh', 'b′э(факт)', '83'),
(74, 'Экономия (+)/пережог (-) топлива, g/kWh', 'g/kWh', 'b′э(ном)', '84');

-- --------------------------------------------------------

--
-- Table structure for table `pgu_result_values`
--

CREATE TABLE `pgu_result_values` (
  `id` bigint NOT NULL,
  `param_id` int NOT NULL,
  `pgu_id` int NOT NULL,
  `date` date NOT NULL,
  `shift_id` int DEFAULT NULL COMMENT 'NULL для суточных расчетов',
  `value` decimal(15,6) NOT NULL,
  `user_id` int DEFAULT NULL,
  `period_type` enum('shift','day','period') CHARACTER SET utf8mb4 COLLATE utf8mb4_unicode_ci NOT NULL,
  `period_start` date DEFAULT NULL,
  `period_end` date DEFAULT NULL,
  `created_at` timestamp NULL DEFAULT CURRENT_TIMESTAMP,
  `updated_at` timestamp NULL DEFAULT CURRENT_TIMESTAMP ON UPDATE CURRENT_TIMESTAMP,
  `cell` varchar(20) CHARACTER SET utf8mb4 COLLATE utf8mb4_unicode_ci DEFAULT NULL
) ENGINE=InnoDB DEFAULT CHARSET=utf8mb4 COLLATE=utf8mb4_unicode_ci;

--
-- Dumping data for table `pgu_result_values`
--

INSERT INTO `pgu_result_values` (`id`, `param_id`, `pgu_id`, `date`, `shift_id`, `value`, `user_id`, `period_type`, `period_start`, `period_end`, `created_at`, `updated_at`, `cell`) VALUES
(9537, 46, 1, '2025-08-29', 1, 0.000000, 1, 'shift', NULL, NULL, '2025-08-29 01:48:46', '2025-08-29 01:48:46', 'F56'),
(9538, 46, 2, '2025-08-29', 1, 0.000000, 1, 'shift', NULL, NULL, '2025-08-29 01:48:46', '2025-08-29 01:48:46', 'G56'),
(9539, 50, 1, '2025-08-29', 1, 1.000000, 1, 'shift', NULL, NULL, '2025-08-29 01:48:46', '2025-08-29 01:48:46', 'F60'),
(9540, 50, 2, '2025-08-29', 1, 1.000000, 1, 'shift', NULL, NULL, '2025-08-29 01:48:46', '2025-08-29 01:48:46', 'G60'),
(9541, 51, 1, '2025-08-29', 1, 1.000000, 1, 'shift', NULL, NULL, '2025-08-29 01:48:46', '2025-08-29 01:48:46', 'F61'),
(9542, 51, 2, '2025-08-29', 1, 1.000000, 1, 'shift', NULL, NULL, '2025-08-29 01:48:46', '2025-08-29 01:48:46', 'G61'),
(9543, 52, 1, '2025-08-29', 1, 5.717500, 1, 'shift', NULL, NULL, '2025-08-29 01:48:46', '2025-08-29 01:48:46', 'F62'),
(9544, 52, 2, '2025-08-29', 1, 11.614400, 1, 'shift', NULL, NULL, '2025-08-29 01:48:46', '2025-08-29 01:48:46', 'G62'),
(9545, 53, 1, '2025-08-29', 1, 1.000000, 1, 'shift', NULL, NULL, '2025-08-29 01:48:46', '2025-08-29 01:48:46', 'F63'),
(9546, 53, 2, '2025-08-29', 1, 1.000000, 1, 'shift', NULL, NULL, '2025-08-29 01:48:46', '2025-08-29 01:48:46', 'G63'),
(9547, 54, 1, '2025-08-29', 1, 0.949400, 1, 'shift', NULL, NULL, '2025-08-29 01:48:46', '2025-08-29 01:48:46', 'F64'),
(9548, 54, 2, '2025-08-29', 1, 0.949400, 1, 'shift', NULL, NULL, '2025-08-29 01:48:46', '2025-08-29 01:48:46', 'G64'),
(9549, 55, 1, '2025-08-29', 1, 1.000000, 1, 'shift', NULL, NULL, '2025-08-29 01:48:46', '2025-08-29 01:48:46', 'F65'),
(9550, 55, 2, '2025-08-29', 1, 1.000000, 1, 'shift', NULL, NULL, '2025-08-29 01:48:46', '2025-08-29 01:48:46', 'G65'),
(9551, 56, 1, '2025-08-29', 1, 1.001900, 1, 'shift', NULL, NULL, '2025-08-29 01:48:46', '2025-08-29 01:48:46', 'F66'),
(9552, 56, 2, '2025-08-29', 1, 1.002000, 1, 'shift', NULL, NULL, '2025-08-29 01:48:46', '2025-08-29 01:48:46', 'G66'),
(9553, 59, 1, '2025-08-29', 1, 1.000000, 1, 'shift', NULL, NULL, '2025-08-29 01:48:46', '2025-08-29 01:48:46', 'F69'),
(9554, 59, 2, '2025-08-29', 1, 1.000000, 1, 'shift', NULL, NULL, '2025-08-29 01:48:46', '2025-08-29 01:48:46', 'G69'),
(11928, 46, 1, '2025-08-21', 1, 0.000000, 1, 'shift', NULL, NULL, '2025-09-11 22:46:43', '2025-09-11 22:46:43', 'F56'),
(11929, 46, 2, '2025-08-21', 1, 0.000000, 1, 'shift', NULL, NULL, '2025-09-11 22:46:43', '2025-09-11 22:46:43', 'G56'),
(11930, 50, 1, '2025-08-21', 1, 0.985000, 1, 'shift', NULL, NULL, '2025-09-11 22:46:43', '2025-09-11 22:46:43', 'F60'),
(11931, 50, 2, '2025-08-21', 1, 1.000000, 1, 'shift', NULL, NULL, '2025-09-11 22:46:43', '2025-09-11 22:46:43', 'G60'),
(11932, 51, 1, '2025-08-21', 1, 1.000000, 1, 'shift', NULL, NULL, '2025-09-11 22:46:43', '2025-09-11 22:46:43', 'F61'),
(11933, 51, 2, '2025-08-21', 1, 1.000000, 1, 'shift', NULL, NULL, '2025-09-11 22:46:43', '2025-09-11 22:46:43', 'G61'),
(11934, 52, 1, '2025-08-21', 1, 6.525500, 1, 'shift', NULL, NULL, '2025-09-11 22:46:43', '2025-09-11 22:46:43', 'F62'),
(11935, 52, 2, '2025-08-21', 1, 12.051000, 1, 'shift', NULL, NULL, '2025-09-11 22:46:43', '2025-09-11 22:46:43', 'G62'),
(11936, 53, 1, '2025-08-21', 1, 1.000000, 1, 'shift', NULL, NULL, '2025-09-11 22:46:43', '2025-09-11 22:46:43', 'F63'),
(11937, 53, 2, '2025-08-21', 1, 1.000000, 1, 'shift', NULL, NULL, '2025-09-11 22:46:43', '2025-09-11 22:46:43', 'G63'),
(11938, 54, 1, '2025-08-21', 1, 0.949400, 1, 'shift', NULL, NULL, '2025-09-11 22:46:43', '2025-09-11 22:46:43', 'F64'),
(11939, 54, 2, '2025-08-21', 1, 0.949400, 1, 'shift', NULL, NULL, '2025-09-11 22:46:43', '2025-09-11 22:46:43', 'G64'),
(11940, 55, 1, '2025-08-21', 1, 1.000000, 1, 'shift', NULL, NULL, '2025-09-11 22:46:43', '2025-09-11 22:46:43', 'F65'),
(11941, 55, 2, '2025-08-21', 1, 1.000000, 1, 'shift', NULL, NULL, '2025-09-11 22:46:43', '2025-09-11 22:46:43', 'G65'),
(11942, 56, 1, '2025-08-21', 1, 1.001000, 1, 'shift', NULL, NULL, '2025-09-11 22:46:43', '2025-09-11 22:46:43', 'F66'),
(11943, 56, 2, '2025-08-21', 1, 1.001000, 1, 'shift', NULL, NULL, '2025-09-11 22:46:43', '2025-09-11 22:46:43', 'G66'),
(11944, 59, 1, '2025-08-21', 1, 1.000000, 1, 'shift', NULL, NULL, '2025-09-11 22:46:43', '2025-09-11 22:46:43', 'F69'),
(11945, 59, 2, '2025-08-21', 1, 1.000000, 1, 'shift', NULL, NULL, '2025-09-11 22:46:43', '2025-09-11 22:46:43', 'G69'),
(11946, 46, 1, '2025-08-21', 2, 0.000000, 1, 'shift', NULL, NULL, '2025-09-11 22:46:43', '2025-09-11 22:46:43', 'F56'),
(11947, 46, 2, '2025-08-21', 2, 0.000000, 1, 'shift', NULL, NULL, '2025-09-11 22:46:43', '2025-09-11 22:46:43', 'G56'),
(11948, 50, 1, '2025-08-21', 2, 0.969900, 1, 'shift', NULL, NULL, '2025-09-11 22:46:43', '2025-09-11 22:46:43', 'F60'),
(11949, 50, 2, '2025-08-21', 2, 1.000000, 1, 'shift', NULL, NULL, '2025-09-11 22:46:43', '2025-09-11 22:46:43', 'G60'),
(11950, 51, 1, '2025-08-21', 2, 1.000000, 1, 'shift', NULL, NULL, '2025-09-11 22:46:43', '2025-09-11 22:46:43', 'F61'),
(11951, 51, 2, '2025-08-21', 2, 1.000000, 1, 'shift', NULL, NULL, '2025-09-11 22:46:43', '2025-09-11 22:46:43', 'G61'),
(11952, 52, 1, '2025-08-21', 2, 12.051000, 1, 'shift', NULL, NULL, '2025-09-11 22:46:43', '2025-09-11 22:46:43', 'F62'),
(11953, 52, 2, '2025-08-21', 2, 12.051000, 1, 'shift', NULL, NULL, '2025-09-11 22:46:43', '2025-09-11 22:46:43', 'G62'),
(11954, 53, 1, '2025-08-21', 2, 1.000000, 1, 'shift', NULL, NULL, '2025-09-11 22:46:43', '2025-09-11 22:46:43', 'F63'),
(11955, 53, 2, '2025-08-21', 2, 1.000000, 1, 'shift', NULL, NULL, '2025-09-11 22:46:43', '2025-09-11 22:46:43', 'G63'),
(11956, 54, 1, '2025-08-21', 2, 0.949400, 1, 'shift', NULL, NULL, '2025-09-11 22:46:43', '2025-09-11 22:46:43', 'F64'),
(11957, 54, 2, '2025-08-21', 2, 0.949400, 1, 'shift', NULL, NULL, '2025-09-11 22:46:43', '2025-09-11 22:46:43', 'G64'),
(11958, 55, 1, '2025-08-21', 2, 1.000000, 1, 'shift', NULL, NULL, '2025-09-11 22:46:43', '2025-09-11 22:46:43', 'F65'),
(11959, 55, 2, '2025-08-21', 2, 1.000000, 1, 'shift', NULL, NULL, '2025-09-11 22:46:43', '2025-09-11 22:46:43', 'G65'),
(11960, 56, 1, '2025-08-21', 2, 1.001000, 1, 'shift', NULL, NULL, '2025-09-11 22:46:43', '2025-09-11 22:46:43', 'F66'),
(11961, 56, 2, '2025-08-21', 2, 1.001000, 1, 'shift', NULL, NULL, '2025-09-11 22:46:43', '2025-09-11 22:46:43', 'G66'),
(11962, 59, 1, '2025-08-21', 2, 1.000000, 1, 'shift', NULL, NULL, '2025-09-11 22:46:43', '2025-09-11 22:46:43', 'F69'),
(11963, 59, 2, '2025-08-21', 2, 1.000000, 1, 'shift', NULL, NULL, '2025-09-11 22:46:43', '2025-09-11 22:46:43', 'G69'),
(11964, 46, 1, '2025-08-21', 3, 0.000000, 1, 'shift', NULL, NULL, '2025-09-11 22:46:43', '2025-09-11 22:46:43', 'F56'),
(11965, 46, 2, '2025-08-21', 3, 0.000000, 1, 'shift', NULL, NULL, '2025-09-11 22:46:43', '2025-09-11 22:46:43', 'G56'),
(11966, 50, 1, '2025-08-21', 3, 0.969900, 1, 'shift', NULL, NULL, '2025-09-11 22:46:43', '2025-09-11 22:46:43', 'F60'),
(11967, 50, 2, '2025-08-21', 3, 1.000000, 1, 'shift', NULL, NULL, '2025-09-11 22:46:43', '2025-09-11 22:46:43', 'G60'),
(11968, 51, 1, '2025-08-21', 3, 1.000000, 1, 'shift', NULL, NULL, '2025-09-11 22:46:43', '2025-09-11 22:46:43', 'F61'),
(11969, 51, 2, '2025-08-21', 3, 1.000000, 1, 'shift', NULL, NULL, '2025-09-11 22:46:43', '2025-09-11 22:46:43', 'G61'),
(11970, 52, 1, '2025-08-21', 3, 12.051000, 1, 'shift', NULL, NULL, '2025-09-11 22:46:43', '2025-09-11 22:46:43', 'F62'),
(11971, 52, 2, '2025-08-21', 3, 12.051000, 1, 'shift', NULL, NULL, '2025-09-11 22:46:43', '2025-09-11 22:46:43', 'G62'),
(11972, 53, 1, '2025-08-21', 3, 1.000000, 1, 'shift', NULL, NULL, '2025-09-11 22:46:43', '2025-09-11 22:46:43', 'F63'),
(11973, 53, 2, '2025-08-21', 3, 1.000000, 1, 'shift', NULL, NULL, '2025-09-11 22:46:43', '2025-09-11 22:46:43', 'G63'),
(11974, 54, 1, '2025-08-21', 3, 0.949400, 1, 'shift', NULL, NULL, '2025-09-11 22:46:43', '2025-09-11 22:46:43', 'F64'),
(11975, 54, 2, '2025-08-21', 3, 0.949400, 1, 'shift', NULL, NULL, '2025-09-11 22:46:43', '2025-09-11 22:46:43', 'G64'),
(11976, 55, 1, '2025-08-21', 3, 1.000000, 1, 'shift', NULL, NULL, '2025-09-11 22:46:43', '2025-09-11 22:46:43', 'F65'),
(11977, 55, 2, '2025-08-21', 3, 1.000000, 1, 'shift', NULL, NULL, '2025-09-11 22:46:43', '2025-09-11 22:46:43', 'G65'),
(11978, 56, 1, '2025-08-21', 3, 1.001000, 1, 'shift', NULL, NULL, '2025-09-11 22:46:43', '2025-09-11 22:46:43', 'F66'),
(11979, 56, 2, '2025-08-21', 3, 1.001000, 1, 'shift', NULL, NULL, '2025-09-11 22:46:43', '2025-09-11 22:46:43', 'G66'),
(11980, 59, 1, '2025-08-21', 3, 1.000000, 1, 'shift', NULL, NULL, '2025-09-11 22:46:43', '2025-09-11 22:46:43', 'F69'),
(11981, 59, 2, '2025-08-21', 3, 1.000000, 1, 'shift', NULL, NULL, '2025-09-11 22:46:43', '2025-09-11 22:46:43', 'G69'),
(11982, 46, 1, '2025-09-12', 1, 0.000000, 1, 'shift', NULL, NULL, '2025-09-12 08:32:57', '2025-09-12 08:32:57', 'F56'),
(11983, 46, 2, '2025-09-12', 1, 0.000000, 1, 'shift', NULL, NULL, '2025-09-12 08:32:57', '2025-09-12 08:32:57', 'G56'),
(11984, 50, 1, '2025-09-12', 1, 1.000000, 1, 'shift', NULL, NULL, '2025-09-12 08:32:57', '2025-09-12 08:32:57', 'F60'),
(11985, 50, 2, '2025-09-12', 1, 1.000000, 1, 'shift', NULL, NULL, '2025-09-12 08:32:57', '2025-09-12 08:32:57', 'G60'),
(11986, 51, 1, '2025-09-12', 1, 97.790500, 1, 'shift', NULL, NULL, '2025-09-12 08:32:57', '2025-09-12 08:32:57', 'F61'),
(11987, 51, 2, '2025-09-12', 1, 97.790500, 1, 'shift', NULL, NULL, '2025-09-12 08:32:57', '2025-09-12 08:32:57', 'G61'),
(11988, 52, 1, '2025-09-12', 1, 12.051000, 1, 'shift', NULL, NULL, '2025-09-12 08:32:57', '2025-09-12 08:32:57', 'F62'),
(11989, 52, 2, '2025-09-12', 1, 12.051000, 1, 'shift', NULL, NULL, '2025-09-12 08:32:57', '2025-09-12 08:32:57', 'G62'),
(11990, 53, 1, '2025-09-12', 1, 96.990800, 1, 'shift', NULL, NULL, '2025-09-12 08:32:57', '2025-09-12 08:32:57', 'F63'),
(11991, 53, 2, '2025-09-12', 1, 96.990800, 1, 'shift', NULL, NULL, '2025-09-12 08:32:57', '2025-09-12 08:32:57', 'G63'),
(11992, 54, 1, '2025-09-12', 1, 0.949400, 1, 'shift', NULL, NULL, '2025-09-12 08:32:57', '2025-09-12 08:32:57', 'F64'),
(11993, 54, 2, '2025-09-12', 1, 0.949400, 1, 'shift', NULL, NULL, '2025-09-12 08:32:57', '2025-09-12 08:32:57', 'G64'),
(11994, 55, 1, '2025-09-12', 1, 1.000000, 1, 'shift', NULL, NULL, '2025-09-12 08:32:57', '2025-09-12 08:32:57', 'F65'),
(11995, 55, 2, '2025-09-12', 1, 1.000000, 1, 'shift', NULL, NULL, '2025-09-12 08:32:57', '2025-09-12 08:32:57', 'G65'),
(11996, 56, 1, '2025-09-12', 1, 1.003600, 1, 'shift', NULL, NULL, '2025-09-12 08:32:57', '2025-09-12 08:32:57', 'F66'),
(11997, 56, 2, '2025-09-12', 1, 1.003600, 1, 'shift', NULL, NULL, '2025-09-12 08:32:57', '2025-09-12 08:32:57', 'G66'),
(11998, 59, 1, '2025-09-12', 1, 1.000000, 1, 'shift', NULL, NULL, '2025-09-12 08:32:57', '2025-09-12 08:32:57', 'F69'),
(11999, 59, 2, '2025-09-12', 1, 1.000000, 1, 'shift', NULL, NULL, '2025-09-12 08:32:57', '2025-09-12 08:32:57', 'G69'),
(12000, 46, 1, '2025-09-12', 2, 0.000000, 1, 'shift', NULL, NULL, '2025-09-12 08:32:57', '2025-09-12 08:32:57', 'F56'),
(12001, 46, 2, '2025-09-12', 2, 0.000000, 1, 'shift', NULL, NULL, '2025-09-12 08:32:57', '2025-09-12 08:32:57', 'G56'),
(12002, 50, 1, '2025-09-12', 2, 1.000000, 1, 'shift', NULL, NULL, '2025-09-12 08:32:57', '2025-09-12 08:32:57', 'F60'),
(12003, 50, 2, '2025-09-12', 2, 1.000000, 1, 'shift', NULL, NULL, '2025-09-12 08:32:57', '2025-09-12 08:32:57', 'G60'),
(12004, 51, 1, '2025-09-12', 2, 97.790500, 1, 'shift', NULL, NULL, '2025-09-12 08:32:57', '2025-09-12 08:32:57', 'F61'),
(12005, 51, 2, '2025-09-12', 2, 97.790500, 1, 'shift', NULL, NULL, '2025-09-12 08:32:57', '2025-09-12 08:32:57', 'G61'),
(12006, 52, 1, '2025-09-12', 2, 12.051000, 1, 'shift', NULL, NULL, '2025-09-12 08:32:57', '2025-09-12 08:32:57', 'F62'),
(12007, 52, 2, '2025-09-12', 2, 12.051000, 1, 'shift', NULL, NULL, '2025-09-12 08:32:57', '2025-09-12 08:32:57', 'G62'),
(12008, 53, 1, '2025-09-12', 2, 96.990800, 1, 'shift', NULL, NULL, '2025-09-12 08:32:57', '2025-09-12 08:32:57', 'F63'),
(12009, 53, 2, '2025-09-12', 2, 96.990800, 1, 'shift', NULL, NULL, '2025-09-12 08:32:57', '2025-09-12 08:32:57', 'G63'),
(12010, 54, 1, '2025-09-12', 2, 0.949400, 1, 'shift', NULL, NULL, '2025-09-12 08:32:57', '2025-09-12 08:32:57', 'F64'),
(12011, 54, 2, '2025-09-12', 2, 0.949400, 1, 'shift', NULL, NULL, '2025-09-12 08:32:57', '2025-09-12 08:32:57', 'G64'),
(12012, 55, 1, '2025-09-12', 2, 1.000000, 1, 'shift', NULL, NULL, '2025-09-12 08:32:57', '2025-09-12 08:32:57', 'F65'),
(12013, 55, 2, '2025-09-12', 2, 1.000000, 1, 'shift', NULL, NULL, '2025-09-12 08:32:57', '2025-09-12 08:32:57', 'G65'),
(12014, 56, 1, '2025-09-12', 2, 1.003600, 1, 'shift', NULL, NULL, '2025-09-12 08:32:57', '2025-09-12 08:32:57', 'F66'),
(12015, 56, 2, '2025-09-12', 2, 1.003600, 1, 'shift', NULL, NULL, '2025-09-12 08:32:57', '2025-09-12 08:32:57', 'G66'),
(12016, 59, 1, '2025-09-12', 2, 1.000000, 1, 'shift', NULL, NULL, '2025-09-12 08:32:57', '2025-09-12 08:32:57', 'F69'),
(12017, 59, 2, '2025-09-12', 2, 1.000000, 1, 'shift', NULL, NULL, '2025-09-12 08:32:57', '2025-09-12 08:32:57', 'G69'),
(12018, 46, 1, '2025-09-12', 3, 0.000000, 1, 'shift', NULL, NULL, '2025-09-12 08:32:57', '2025-09-12 08:32:57', 'F56'),
(12019, 46, 2, '2025-09-12', 3, 0.000000, 1, 'shift', NULL, NULL, '2025-09-12 08:32:57', '2025-09-12 08:32:57', 'G56'),
(12020, 50, 1, '2025-09-12', 3, 1.000000, 1, 'shift', NULL, NULL, '2025-09-12 08:32:57', '2025-09-12 08:32:57', 'F60'),
(12021, 50, 2, '2025-09-12', 3, 1.000000, 1, 'shift', NULL, NULL, '2025-09-12 08:32:57', '2025-09-12 08:32:57', 'G60'),
(12022, 51, 1, '2025-09-12', 3, 97.790500, 1, 'shift', NULL, NULL, '2025-09-12 08:32:57', '2025-09-12 08:32:57', 'F61'),
(12023, 51, 2, '2025-09-12', 3, 97.790500, 1, 'shift', NULL, NULL, '2025-09-12 08:32:57', '2025-09-12 08:32:57', 'G61'),
(12024, 52, 1, '2025-09-12', 3, 12.051000, 1, 'shift', NULL, NULL, '2025-09-12 08:32:57', '2025-09-12 08:32:57', 'F62'),
(12025, 52, 2, '2025-09-12', 3, 12.051000, 1, 'shift', NULL, NULL, '2025-09-12 08:32:57', '2025-09-12 08:32:57', 'G62'),
(12026, 53, 1, '2025-09-12', 3, 96.990800, 1, 'shift', NULL, NULL, '2025-09-12 08:32:57', '2025-09-12 08:32:57', 'F63'),
(12027, 53, 2, '2025-09-12', 3, 96.990800, 1, 'shift', NULL, NULL, '2025-09-12 08:32:57', '2025-09-12 08:32:57', 'G63'),
(12028, 54, 1, '2025-09-12', 3, 0.949400, 1, 'shift', NULL, NULL, '2025-09-12 08:32:57', '2025-09-12 08:32:57', 'F64'),
(12029, 54, 2, '2025-09-12', 3, 0.949400, 1, 'shift', NULL, NULL, '2025-09-12 08:32:57', '2025-09-12 08:32:57', 'G64'),
(12030, 55, 1, '2025-09-12', 3, 1.000000, 1, 'shift', NULL, NULL, '2025-09-12 08:32:57', '2025-09-12 08:32:57', 'F65'),
(12031, 55, 2, '2025-09-12', 3, 1.000000, 1, 'shift', NULL, NULL, '2025-09-12 08:32:57', '2025-09-12 08:32:57', 'G65'),
(12032, 56, 1, '2025-09-12', 3, 1.003600, 1, 'shift', NULL, NULL, '2025-09-12 08:32:57', '2025-09-12 08:32:57', 'F66'),
(12033, 56, 2, '2025-09-12', 3, 1.003600, 1, 'shift', NULL, NULL, '2025-09-12 08:32:57', '2025-09-12 08:32:57', 'G66'),
(12034, 59, 1, '2025-09-12', 3, 1.000000, 1, 'shift', NULL, NULL, '2025-09-12 08:32:57', '2025-09-12 08:32:57', 'F69'),
(12035, 59, 2, '2025-09-12', 3, 1.000000, 1, 'shift', NULL, NULL, '2025-09-12 08:32:57', '2025-09-12 08:32:57', 'G69'),
(12066, 50, 1, '2025-09-13', 1, 1.000000, 1, 'shift', NULL, NULL, '2025-09-13 14:01:06', '2025-09-13 14:01:06', 'F60'),
(12067, 50, 2, '2025-09-13', 1, 1.000000, 1, 'shift', NULL, NULL, '2025-09-13 14:01:06', '2025-09-13 14:01:06', 'G60'),
(12068, 51, 1, '2025-09-13', 1, 1.000000, 1, 'shift', NULL, NULL, '2025-09-13 14:01:06', '2025-09-13 14:01:06', 'F61'),
(12069, 51, 2, '2025-09-13', 1, 1.000000, 1, 'shift', NULL, NULL, '2025-09-13 14:01:06', '2025-09-13 14:01:06', 'G61'),
(12070, 53, 1, '2025-09-13', 1, 1.000000, 1, 'shift', NULL, NULL, '2025-09-13 14:01:06', '2025-09-13 14:01:06', 'F63'),
(12071, 53, 2, '2025-09-13', 1, 1.000000, 1, 'shift', NULL, NULL, '2025-09-13 14:01:06', '2025-09-13 14:01:06', 'G63'),
(12072, 54, 1, '2025-09-13', 1, 0.949400, 1, 'shift', NULL, NULL, '2025-09-13 14:01:06', '2025-09-13 14:01:06', 'F64'),
(12073, 54, 2, '2025-09-13', 1, 0.949400, 1, 'shift', NULL, NULL, '2025-09-13 14:01:06', '2025-09-13 14:01:06', 'G64'),
(12074, 55, 1, '2025-09-13', 1, 1.000000, 1, 'shift', NULL, NULL, '2025-09-13 14:01:06', '2025-09-13 14:01:06', 'F65'),
(12075, 55, 2, '2025-09-13', 1, 1.000000, 1, 'shift', NULL, NULL, '2025-09-13 14:01:06', '2025-09-13 14:01:06', 'G65'),
(12076, 56, 1, '2025-09-13', 1, 1.000000, 1, 'shift', NULL, NULL, '2025-09-13 14:01:06', '2025-09-13 14:01:06', 'F66'),
(12077, 56, 2, '2025-09-13', 1, 1.000000, 1, 'shift', NULL, NULL, '2025-09-13 14:01:06', '2025-09-13 14:01:06', 'G66'),
(12078, 59, 1, '2025-09-13', 1, 1.000000, 1, 'shift', NULL, NULL, '2025-09-13 14:01:06', '2025-09-13 14:01:06', 'F69'),
(12079, 59, 2, '2025-09-13', 1, 1.000000, 1, 'shift', NULL, NULL, '2025-09-13 14:01:06', '2025-09-13 14:01:06', 'G69'),
(12080, 50, 1, '2025-09-13', 2, 1.000000, 1, 'shift', NULL, NULL, '2025-09-13 14:01:06', '2025-09-13 14:01:06', 'F60'),
(12081, 50, 2, '2025-09-13', 2, 1.000000, 1, 'shift', NULL, NULL, '2025-09-13 14:01:06', '2025-09-13 14:01:06', 'G60'),
(12082, 51, 1, '2025-09-13', 2, 1.000000, 1, 'shift', NULL, NULL, '2025-09-13 14:01:06', '2025-09-13 14:01:06', 'F61'),
(12083, 51, 2, '2025-09-13', 2, 1.000000, 1, 'shift', NULL, NULL, '2025-09-13 14:01:06', '2025-09-13 14:01:06', 'G61'),
(12084, 53, 1, '2025-09-13', 2, 1.000000, 1, 'shift', NULL, NULL, '2025-09-13 14:01:06', '2025-09-13 14:01:06', 'F63'),
(12085, 53, 2, '2025-09-13', 2, 1.000000, 1, 'shift', NULL, NULL, '2025-09-13 14:01:06', '2025-09-13 14:01:06', 'G63'),
(12086, 54, 1, '2025-09-13', 2, 0.949400, 1, 'shift', NULL, NULL, '2025-09-13 14:01:06', '2025-09-13 14:01:06', 'F64'),
(12087, 54, 2, '2025-09-13', 2, 0.949400, 1, 'shift', NULL, NULL, '2025-09-13 14:01:06', '2025-09-13 14:01:06', 'G64'),
(12088, 55, 1, '2025-09-13', 2, 1.000000, 1, 'shift', NULL, NULL, '2025-09-13 14:01:06', '2025-09-13 14:01:06', 'F65'),
(12089, 55, 2, '2025-09-13', 2, 1.000000, 1, 'shift', NULL, NULL, '2025-09-13 14:01:06', '2025-09-13 14:01:06', 'G65'),
(12090, 56, 1, '2025-09-13', 2, 1.000000, 1, 'shift', NULL, NULL, '2025-09-13 14:01:06', '2025-09-13 14:01:06', 'F66'),
(12091, 56, 2, '2025-09-13', 2, 1.000000, 1, 'shift', NULL, NULL, '2025-09-13 14:01:06', '2025-09-13 14:01:06', 'G66'),
(12092, 59, 1, '2025-09-13', 2, 1.000000, 1, 'shift', NULL, NULL, '2025-09-13 14:01:06', '2025-09-13 14:01:06', 'F69'),
(12093, 59, 2, '2025-09-13', 2, 1.000000, 1, 'shift', NULL, NULL, '2025-09-13 14:01:06', '2025-09-13 14:01:06', 'G69'),
(12094, 50, 1, '2025-09-13', 3, 1.000000, 1, 'shift', NULL, NULL, '2025-09-13 14:01:06', '2025-09-13 14:01:06', 'F60'),
(12095, 50, 2, '2025-09-13', 3, 1.000000, 1, 'shift', NULL, NULL, '2025-09-13 14:01:06', '2025-09-13 14:01:06', 'G60'),
(12096, 51, 1, '2025-09-13', 3, 1.000000, 1, 'shift', NULL, NULL, '2025-09-13 14:01:06', '2025-09-13 14:01:06', 'F61'),
(12097, 51, 2, '2025-09-13', 3, 1.000000, 1, 'shift', NULL, NULL, '2025-09-13 14:01:06', '2025-09-13 14:01:06', 'G61'),
(12098, 53, 1, '2025-09-13', 3, 1.000000, 1, 'shift', NULL, NULL, '2025-09-13 14:01:06', '2025-09-13 14:01:06', 'F63'),
(12099, 53, 2, '2025-09-13', 3, 1.000000, 1, 'shift', NULL, NULL, '2025-09-13 14:01:06', '2025-09-13 14:01:06', 'G63'),
(12100, 54, 1, '2025-09-13', 3, 0.949400, 1, 'shift', NULL, NULL, '2025-09-13 14:01:06', '2025-09-13 14:01:06', 'F64'),
(12101, 54, 2, '2025-09-13', 3, 0.949400, 1, 'shift', NULL, NULL, '2025-09-13 14:01:06', '2025-09-13 14:01:06', 'G64'),
(12102, 55, 1, '2025-09-13', 3, 1.000000, 1, 'shift', NULL, NULL, '2025-09-13 14:01:06', '2025-09-13 14:01:06', 'F65'),
(12103, 55, 2, '2025-09-13', 3, 1.000000, 1, 'shift', NULL, NULL, '2025-09-13 14:01:06', '2025-09-13 14:01:06', 'G65'),
(12104, 56, 1, '2025-09-13', 3, 1.000000, 1, 'shift', NULL, NULL, '2025-09-13 14:01:06', '2025-09-13 14:01:06', 'F66'),
(12105, 56, 2, '2025-09-13', 3, 1.000000, 1, 'shift', NULL, NULL, '2025-09-13 14:01:06', '2025-09-13 14:01:06', 'G66'),
(12106, 59, 1, '2025-09-13', 3, 1.000000, 1, 'shift', NULL, NULL, '2025-09-13 14:01:06', '2025-09-13 14:01:06', 'F69'),
(12107, 59, 2, '2025-09-13', 3, 1.000000, 1, 'shift', NULL, NULL, '2025-09-13 14:01:06', '2025-09-13 14:01:06', 'G69'),
(12108, 38, 1, '2025-08-22', 1, 404.604700, 1, 'shift', NULL, NULL, '2025-09-13 18:43:36', '2025-09-13 18:43:36', 'F47'),
(12109, 38, 2, '2025-08-22', 1, 262.634800, 1, 'shift', NULL, NULL, '2025-09-13 18:43:36', '2025-09-13 18:43:36', 'G47'),
(12110, 38, 3, '2025-08-22', 1, 667.092100, 1, 'shift', NULL, NULL, '2025-09-13 18:43:36', '2025-09-13 18:43:36', 'H47'),
(12111, 39, 1, '2025-08-22', 1, 389.948800, 1, 'shift', NULL, NULL, '2025-09-13 18:43:36', '2025-09-13 18:43:36', 'F48'),
(12112, 39, 2, '2025-08-22', 1, 245.084200, 1, 'shift', NULL, NULL, '2025-09-13 18:43:36', '2025-09-13 18:43:36', 'G48'),
(12113, 39, 3, '2025-08-22', 1, 634.882500, 1, 'shift', NULL, NULL, '2025-09-13 18:43:36', '2025-09-13 18:43:36', 'H48'),
(12114, 40, 1, '2025-08-22', 1, 188.272700, 1, 'shift', NULL, NULL, '2025-09-13 18:43:36', '2025-09-13 18:43:36', 'F49'),
(12115, 40, 2, '2025-08-22', 1, 144.455400, 1, 'shift', NULL, NULL, '2025-09-13 18:43:36', '2025-09-13 18:43:36', 'G49'),
(12116, 40, 3, '2025-08-22', 1, 332.682600, 1, 'shift', NULL, NULL, '2025-09-13 18:43:36', '2025-09-13 18:43:36', 'H49'),
(12117, 41, 1, '2025-08-22', 1, 201.676000, 1, 'shift', NULL, NULL, '2025-09-13 18:43:36', '2025-09-13 18:43:36', 'F50'),
(12118, 41, 2, '2025-08-22', 1, 100.628800, 1, 'shift', NULL, NULL, '2025-09-13 18:43:36', '2025-09-13 18:43:36', 'G50'),
(12119, 41, 3, '2025-08-22', 1, 302.199900, 1, 'shift', NULL, NULL, '2025-09-13 18:43:36', '2025-09-13 18:43:36', 'H50'),
(12120, 42, 1, '2025-08-22', 1, 222.200700, 1, 'shift', NULL, NULL, '2025-09-13 18:43:36', '2025-09-13 18:43:36', 'F51'),
(12121, 42, 2, '2025-08-22', 1, 235.323700, 1, 'shift', NULL, NULL, '2025-09-13 18:43:36', '2025-09-13 18:43:36', 'G51'),
(12122, 42, 3, '2025-08-22', 1, 227.271800, 1, 'shift', NULL, NULL, '2025-09-13 18:43:36', '2025-09-13 18:43:36', 'H51'),
(12123, 43, 1, '2025-08-22', 1, 35202.505000, 1, 'shift', NULL, NULL, '2025-09-13 18:43:36', '2025-09-13 18:43:36', 'F52'),
(12124, 43, 2, '2025-08-22', 1, 37952.822100, 1, 'shift', NULL, NULL, '2025-09-13 18:43:36', '2025-09-13 18:43:36', 'G52'),
(12125, 43, 3, '2025-08-22', 1, 73155.327100, 1, 'shift', NULL, NULL, '2025-09-13 18:43:36', '2025-09-13 18:43:36', 'H52'),
(12126, 44, 1, '2025-08-22', 1, -0.119000, 1, 'shift', NULL, NULL, '2025-09-13 18:43:36', '2025-09-13 18:43:36', 'F54'),
(12127, 44, 2, '2025-08-22', 1, -0.083300, 1, 'shift', NULL, NULL, '2025-09-13 18:43:36', '2025-09-13 18:43:36', 'G54'),
(12128, 45, 1, '2025-08-22', 1, 12.786100, 1, 'shift', NULL, NULL, '2025-09-13 18:43:36', '2025-09-13 18:43:36', 'F55'),
(12129, 45, 2, '2025-08-22', 1, -0.038600, 1, 'shift', NULL, NULL, '2025-09-13 18:43:36', '2025-09-13 18:43:36', 'G55'),
(12130, 46, 1, '2025-08-22', 1, 0.000000, 1, 'shift', NULL, NULL, '2025-09-13 18:43:36', '2025-09-13 18:43:36', 'F56'),
(12131, 46, 2, '2025-08-22', 1, 0.000000, 1, 'shift', NULL, NULL, '2025-09-13 18:43:36', '2025-09-13 18:43:36', 'G56'),
(12132, 47, 1, '2025-08-22', 1, -0.283200, 1, 'shift', NULL, NULL, '2025-09-13 18:43:36', '2025-09-13 18:43:36', 'F57'),
(12133, 47, 2, '2025-08-22', 1, -0.283200, 1, 'shift', NULL, NULL, '2025-09-13 18:43:36', '2025-09-13 18:43:36', 'G57'),
(12134, 48, 1, '2025-08-22', 1, -0.144400, 1, 'shift', NULL, NULL, '2025-09-13 18:43:36', '2025-09-13 18:43:36', 'F58'),
(12135, 48, 2, '2025-08-22', 1, -0.144400, 1, 'shift', NULL, NULL, '2025-09-13 18:43:36', '2025-09-13 18:43:36', 'G58'),
(12136, 49, 1, '2025-08-22', 1, 0.066700, 1, 'shift', NULL, NULL, '2025-09-13 18:43:36', '2025-09-13 18:43:36', 'F59'),
(12137, 49, 2, '2025-08-22', 1, 0.066700, 1, 'shift', NULL, NULL, '2025-09-13 18:43:36', '2025-09-13 18:43:36', 'G59'),
(12138, 50, 1, '2025-08-22', 1, 1.041900, 1, 'shift', NULL, NULL, '2025-09-13 18:43:36', '2025-09-13 18:43:36', 'F60'),
(12139, 50, 2, '2025-08-22', 1, 1.042800, 1, 'shift', NULL, NULL, '2025-09-13 18:43:36', '2025-09-13 18:43:36', 'G60'),
(12140, 51, 1, '2025-08-22', 1, 1.000000, 1, 'shift', NULL, NULL, '2025-09-13 18:43:36', '2025-09-13 18:43:36', 'F61'),
(12141, 51, 2, '2025-08-22', 1, 1.000000, 1, 'shift', NULL, NULL, '2025-09-13 18:43:36', '2025-09-13 18:43:36', 'G61'),
(12142, 52, 1, '2025-08-22', 1, 1.004300, 1, 'shift', NULL, NULL, '2025-09-13 18:43:36', '2025-09-13 18:43:36', 'F62'),
(12143, 52, 2, '2025-08-22', 1, 1.004400, 1, 'shift', NULL, NULL, '2025-09-13 18:43:36', '2025-09-13 18:43:36', 'G62'),
(12144, 53, 1, '2025-08-22', 1, 1.000000, 1, 'shift', NULL, NULL, '2025-09-13 18:43:36', '2025-09-13 18:43:36', 'F63'),
(12145, 53, 2, '2025-08-22', 1, 1.000000, 1, 'shift', NULL, NULL, '2025-09-13 18:43:36', '2025-09-13 18:43:36', 'G63'),
(12146, 54, 1, '2025-08-22', 1, 1.000800, 1, 'shift', NULL, NULL, '2025-09-13 18:43:36', '2025-09-13 18:43:36', 'F64'),
(12147, 54, 2, '2025-08-22', 1, 1.000800, 1, 'shift', NULL, NULL, '2025-09-13 18:43:36', '2025-09-13 18:43:36', 'G64'),
(12148, 55, 1, '2025-08-22', 1, 1.000000, 1, 'shift', NULL, NULL, '2025-09-13 18:43:36', '2025-09-13 18:43:36', 'F65'),
(12149, 55, 2, '2025-08-22', 1, 1.000000, 1, 'shift', NULL, NULL, '2025-09-13 18:43:36', '2025-09-13 18:43:36', 'G65'),
(12150, 56, 1, '2025-08-22', 1, 1.001000, 1, 'shift', NULL, NULL, '2025-09-13 18:43:36', '2025-09-13 18:43:36', 'F66'),
(12151, 56, 2, '2025-08-22', 1, 1.001100, 1, 'shift', NULL, NULL, '2025-09-13 18:43:36', '2025-09-13 18:43:36', 'G66'),
(12152, 57, 1, '2025-08-22', 1, -0.188300, 1, 'shift', NULL, NULL, '2025-09-13 18:43:36', '2025-09-13 18:43:36', 'F67'),
(12153, 57, 2, '2025-08-22', 1, -0.158900, 1, 'shift', NULL, NULL, '2025-09-13 18:43:36', '2025-09-13 18:43:36', 'G67'),
(12154, 58, 1, '2025-08-22', 1, 1.008300, 1, 'shift', NULL, NULL, '2025-09-13 18:43:36', '2025-09-13 18:43:36', 'F68'),
(12155, 58, 2, '2025-08-22', 1, 1.000700, 1, 'shift', NULL, NULL, '2025-09-13 18:43:36', '2025-09-13 18:43:36', 'G68'),
(12156, 59, 1, '2025-08-22', 1, 1.000000, 1, 'shift', NULL, NULL, '2025-09-13 18:43:36', '2025-09-13 18:43:36', 'F69'),
(12157, 59, 2, '2025-08-22', 1, 1.000000, 1, 'shift', NULL, NULL, '2025-09-13 18:43:36', '2025-09-13 18:43:36', 'G69'),
(12158, 60, 1, '2025-08-22', 1, 412.579500, 1, 'shift', NULL, NULL, '2025-09-13 18:43:36', '2025-09-13 18:43:36', 'F70'),
(12159, 60, 2, '2025-08-22', 1, 251.517600, 1, 'shift', NULL, NULL, '2025-09-13 18:43:36', '2025-09-13 18:43:36', 'G70'),
(12160, 60, 3, '2025-08-22', 1, 663.929800, 1, 'shift', NULL, NULL, '2025-09-13 18:43:36', '2025-09-13 18:43:36', 'H70'),
(12161, 61, 1, '2025-08-22', 1, 22.630800, 1, 'shift', NULL, NULL, '2025-09-13 18:43:36', '2025-09-13 18:43:36', 'F71'),
(12162, 61, 2, '2025-08-22', 1, 6.433400, 1, 'shift', NULL, NULL, '2025-09-13 18:43:36', '2025-09-13 18:43:36', 'G71'),
(12163, 61, 3, '2025-08-22', 1, 29.047300, 1, 'shift', NULL, NULL, '2025-09-13 18:43:36', '2025-09-13 18:43:36', 'H71'),
(12164, 62, 1, '2025-08-22', 1, 40.143600, 1, 'shift', NULL, NULL, '2025-09-13 18:43:36', '2025-09-13 18:43:36', 'F72'),
(12165, 62, 2, '2025-08-22', 1, 12.110900, 1, 'shift', NULL, NULL, '2025-09-13 18:43:36', '2025-09-13 18:43:36', 'G72'),
(12166, 62, 3, '2025-08-22', 1, 52.254500, 1, 'shift', NULL, NULL, '2025-09-13 18:43:36', '2025-09-13 18:43:36', 'H72'),
(12167, 63, 1, '2025-08-22', 1, 691.710600, 1, 'shift', NULL, NULL, '2025-09-13 18:43:36', '2025-09-13 18:43:36', 'F73'),
(12168, 63, 2, '2025-08-22', 1, 461.375700, 1, 'shift', NULL, NULL, '2025-09-13 18:43:36', '2025-09-13 18:43:36', 'G73'),
(12169, 63, 3, '2025-08-22', 1, 1153.086400, 1, 'shift', NULL, NULL, '2025-09-13 18:43:36', '2025-09-13 18:43:36', 'H73'),
(12170, 64, 1, '2025-08-22', 1, 86.031500, 1, 'shift', NULL, NULL, '2025-09-13 18:43:36', '2025-09-13 18:43:36', 'F74'),
(12171, 64, 2, '2025-08-22', 1, 70.436400, 1, 'shift', NULL, NULL, '2025-09-13 18:43:36', '2025-09-13 18:43:36', 'G74'),
(12172, 64, 3, '2025-08-22', 1, 156.467900, 1, 'shift', NULL, NULL, '2025-09-13 18:43:36', '2025-09-13 18:43:36', 'H74'),
(12173, 65, 1, '2025-08-22', 1, 817.885700, 1, 'shift', NULL, NULL, '2025-09-13 18:43:36', '2025-09-13 18:43:36', 'F75'),
(12174, 65, 2, '2025-08-22', 1, 545.767500, 1, 'shift', NULL, NULL, '2025-09-13 18:43:36', '2025-09-13 18:43:36', 'G75'),
(12175, 65, 3, '2025-08-22', 1, 1363.653200, 1, 'shift', NULL, NULL, '2025-09-13 18:43:36', '2025-09-13 18:43:36', 'H75'),
(12176, 66, 1, '2025-08-22', 1, 833.912800, 1, 'shift', NULL, NULL, '2025-09-13 18:43:36', '2025-09-13 18:43:36', 'F76'),
(12177, 66, 2, '2025-08-22', 1, 555.307500, 1, 'shift', NULL, NULL, '2025-09-13 18:43:36', '2025-09-13 18:43:36', 'G76'),
(12178, 66, 3, '2025-08-22', 1, 1389.220300, 1, 'shift', NULL, NULL, '2025-09-13 18:43:36', '2025-09-13 18:43:36', 'H76'),
(12179, 67, 1, '2025-08-22', 1, 49.475100, 1, 'shift', NULL, NULL, '2025-09-13 18:43:36', '2025-09-13 18:43:36', 'F77'),
(12180, 67, 2, '2025-08-22', 1, 45.293400, 1, 'shift', NULL, NULL, '2025-09-13 18:43:36', '2025-09-13 18:43:36', 'G77'),
(12181, 67, 3, '2025-08-22', 1, 47.791500, 1, 'shift', NULL, NULL, '2025-09-13 18:43:36', '2025-09-13 18:43:36', 'H77'),
(12182, 68, 1, '2025-08-22', 1, -11.978500, 1, 'shift', NULL, NULL, '2025-09-13 18:43:36', '2025-09-13 18:43:36', 'F78'),
(12183, 68, 2, '2025-08-22', 1, 2.493100, 1, 'shift', NULL, NULL, '2025-09-13 18:43:36', '2025-09-13 18:43:36', 'G78'),
(12184, 68, 3, '2025-08-22', 1, 1.753000, 1, 'shift', NULL, NULL, '2025-09-13 18:43:36', '2025-09-13 18:43:36', 'H78'),
(12185, 69, 1, '2025-08-22', 1, -49.421000, 1, 'shift', NULL, NULL, '2025-09-13 18:43:36', '2025-09-13 18:43:36', 'F79'),
(12186, 69, 2, '2025-08-22', 1, 6.270500, 1, 'shift', NULL, NULL, '2025-09-13 18:43:36', '2025-09-13 18:43:36', 'G79'),
(12187, 69, 3, '2025-08-22', 1, -43.150600, 1, 'shift', NULL, NULL, '2025-09-13 18:43:36', '2025-09-13 18:43:36', 'H79'),
(12188, 70, 1, '2025-08-22', 1, 248.321000, 1, 'shift', NULL, NULL, '2025-09-13 18:43:36', '2025-09-13 18:43:36', 'F80'),
(12189, 70, 2, '2025-08-22', 1, 271.247500, 1, 'shift', NULL, NULL, '2025-09-13 18:43:36', '2025-09-13 18:43:36', 'G80'),
(12190, 70, 3, '2025-08-22', 1, 257.068800, 1, 'shift', NULL, NULL, '2025-09-13 18:43:36', '2025-09-13 18:43:36', 'H80'),
(12191, 71, 1, '2025-08-22', 1, 0.000000, 1, 'shift', NULL, NULL, '2025-09-13 18:43:36', '2025-09-13 18:43:36', 'F81'),
(12192, 71, 2, '2025-08-22', 1, 0.000000, 1, 'shift', NULL, NULL, '2025-09-13 18:43:36', '2025-09-13 18:43:36', 'G81'),
(12193, 71, 3, '2025-08-22', 1, 0.000000, 1, 'shift', NULL, NULL, '2025-09-13 18:43:36', '2025-09-13 18:43:36', 'H81'),
(12194, 72, 1, '2025-08-22', 1, 248.321000, 1, 'shift', NULL, NULL, '2025-09-13 18:43:36', '2025-09-13 18:43:36', 'F82'),
(12195, 72, 2, '2025-08-22', 1, 271.247500, 1, 'shift', NULL, NULL, '2025-09-13 18:43:36', '2025-09-13 18:43:36', 'G82'),
(12196, 72, 3, '2025-08-22', 1, 257.068800, 1, 'shift', NULL, NULL, '2025-09-13 18:43:36', '2025-09-13 18:43:36', 'H82'),
(12197, 73, 1, '2025-08-22', 1, 11280.589000, 1, 'shift', NULL, NULL, '2025-09-13 18:43:36', '2025-09-13 18:43:36', 'F83'),
(12198, 73, 2, '2025-08-22', 1, 19321.833000, 1, 'shift', NULL, NULL, '2025-09-13 18:43:36', '2025-09-13 18:43:36', 'G83'),
(12199, 73, 3, '2025-08-22', 1, 14387.980800, 1, 'shift', NULL, NULL, '2025-09-13 18:43:36', '2025-09-13 18:43:36', 'H83'),
(12200, 74, 1, '2025-08-22', 1, -11032.268000, 1, 'shift', NULL, NULL, '2025-09-13 18:43:36', '2025-09-13 18:43:36', 'F84'),
(12201, 74, 2, '2025-08-22', 1, -19050.585500, 1, 'shift', NULL, NULL, '2025-09-13 18:43:36', '2025-09-13 18:43:36', 'G84'),
(12202, 74, 3, '2025-08-22', 1, -14130.912000, 1, 'shift', NULL, NULL, '2025-09-13 18:43:36', '2025-09-13 18:43:36', 'H84'),
(12203, 38, 1, '2025-08-22', 2, 50.314400, 1, 'shift', NULL, NULL, '2025-09-13 18:43:36', '2025-09-13 18:43:36', 'F47'),
(12204, 38, 2, '2025-08-22', 2, 272.822700, 1, 'shift', NULL, NULL, '2025-09-13 18:43:36', '2025-09-13 18:43:36', 'G47'),
(12205, 38, 3, '2025-08-22', 2, 323.137100, 1, 'shift', NULL, NULL, '2025-09-13 18:43:36', '2025-09-13 18:43:36', 'H47'),
(12206, 39, 1, '2025-08-22', 2, 38.613900, 1, 'shift', NULL, NULL, '2025-09-13 18:43:36', '2025-09-13 18:43:36', 'F48'),
(12207, 39, 2, '2025-08-22', 2, 252.347000, 1, 'shift', NULL, NULL, '2025-09-13 18:43:36', '2025-09-13 18:43:36', 'G48'),
(12208, 39, 3, '2025-08-22', 2, 290.960900, 1, 'shift', NULL, NULL, '2025-09-13 18:43:36', '2025-09-13 18:43:36', 'H48'),
(12209, 40, 2, '2025-08-22', 2, 161.781100, 1, 'shift', NULL, NULL, '2025-09-13 18:43:36', '2025-09-13 18:43:36', 'G49'),
(12210, 41, 1, '2025-08-22', 2, 50.314400, 1, 'shift', NULL, NULL, '2025-09-13 18:43:36', '2025-09-13 18:43:36', 'F50'),
(12211, 41, 2, '2025-08-22', 2, 90.565900, 1, 'shift', NULL, NULL, '2025-09-13 18:43:36', '2025-09-13 18:43:36', 'G50'),
(12212, 41, 3, '2025-08-22', 2, 140.880300, 1, 'shift', NULL, NULL, '2025-09-13 18:43:36', '2025-09-13 18:43:36', 'H50'),
(12213, 42, 1, '2025-08-22', 2, 343.472500, 1, 'shift', NULL, NULL, '2025-09-13 18:43:36', '2025-09-13 18:43:36', 'F51'),
(12214, 42, 2, '2025-08-22', 2, 234.746200, 1, 'shift', NULL, NULL, '2025-09-13 18:43:36', '2025-09-13 18:43:36', 'G51'),
(12215, 42, 3, '2025-08-22', 2, 249.175500, 1, 'shift', NULL, NULL, '2025-09-13 18:43:36', '2025-09-13 18:43:36', 'H51'),
(12216, 46, 1, '2025-08-22', 2, 0.000000, 1, 'shift', NULL, NULL, '2025-09-13 18:43:36', '2025-09-13 18:43:36', 'F56'),
(12217, 46, 2, '2025-08-22', 2, 0.000000, 1, 'shift', NULL, NULL, '2025-09-13 18:43:36', '2025-09-13 18:43:36', 'G56'),
(12218, 50, 1, '2025-08-22', 2, 0.969900, 1, 'shift', NULL, NULL, '2025-09-13 18:43:36', '2025-09-13 18:43:36', 'F60'),
(12219, 50, 2, '2025-08-22', 2, 0.969900, 1, 'shift', NULL, NULL, '2025-09-13 18:43:36', '2025-09-13 18:43:36', 'G60'),
(12220, 51, 1, '2025-08-22', 2, 1.000000, 1, 'shift', NULL, NULL, '2025-09-13 18:43:36', '2025-09-13 18:43:36', 'F61'),
(12221, 51, 2, '2025-08-22', 2, 1.000000, 1, 'shift', NULL, NULL, '2025-09-13 18:43:36', '2025-09-13 18:43:36', 'G61'),
(12222, 52, 1, '2025-08-22', 2, 12.051000, 1, 'shift', NULL, NULL, '2025-09-13 18:43:36', '2025-09-13 18:43:36', 'F62'),
(12223, 52, 2, '2025-08-22', 2, 12.051000, 1, 'shift', NULL, NULL, '2025-09-13 18:43:36', '2025-09-13 18:43:36', 'G62'),
(12224, 53, 1, '2025-08-22', 2, 1.000000, 1, 'shift', NULL, NULL, '2025-09-13 18:43:36', '2025-09-13 18:43:36', 'F63'),
(12225, 53, 2, '2025-08-22', 2, 1.000000, 1, 'shift', NULL, NULL, '2025-09-13 18:43:36', '2025-09-13 18:43:36', 'G63'),
(12226, 54, 1, '2025-08-22', 2, 0.949400, 1, 'shift', NULL, NULL, '2025-09-13 18:43:36', '2025-09-13 18:43:36', 'F64'),
(12227, 54, 2, '2025-08-22', 2, 0.949400, 1, 'shift', NULL, NULL, '2025-09-13 18:43:36', '2025-09-13 18:43:36', 'G64'),
(12228, 55, 1, '2025-08-22', 2, 1.000000, 1, 'shift', NULL, NULL, '2025-09-13 18:43:36', '2025-09-13 18:43:36', 'F65'),
(12229, 55, 2, '2025-08-22', 2, 1.000000, 1, 'shift', NULL, NULL, '2025-09-13 18:43:36', '2025-09-13 18:43:36', 'G65'),
(12230, 56, 1, '2025-08-22', 2, 1.001000, 1, 'shift', NULL, NULL, '2025-09-13 18:43:36', '2025-09-13 18:43:36', 'F66'),
(12231, 56, 2, '2025-08-22', 2, 1.001100, 1, 'shift', NULL, NULL, '2025-09-13 18:43:36', '2025-09-13 18:43:36', 'G66'),
(12232, 57, 2, '2025-08-22', 2, -0.178000, 1, 'shift', NULL, NULL, '2025-09-13 18:43:36', '2025-09-13 18:43:36', 'G67'),
(12233, 59, 1, '2025-08-22', 2, 1.000000, 1, 'shift', NULL, NULL, '2025-09-13 18:43:36', '2025-09-13 18:43:36', 'F69'),
(12234, 59, 2, '2025-08-22', 2, 1.000000, 1, 'shift', NULL, NULL, '2025-09-13 18:43:36', '2025-09-13 18:43:36', 'G69'),
(12235, 63, 1, '2025-08-22', 2, 106.098700, 1, 'shift', NULL, NULL, '2025-09-13 18:43:36', '2025-09-13 18:43:36', 'F73'),
(12236, 63, 2, '2025-08-22', 2, 473.882200, 1, 'shift', NULL, NULL, '2025-09-13 18:43:36', '2025-09-13 18:43:36', 'G73'),
(12237, 63, 3, '2025-08-22', 2, 579.980900, 1, 'shift', NULL, NULL, '2025-09-13 18:43:36', '2025-09-13 18:43:36', 'H73'),
(12238, 38, 1, '2025-08-22', 3, 150.943200, 1, 'shift', NULL, NULL, '2025-09-13 18:43:36', '2025-09-13 18:43:36', 'F47'),
(12239, 38, 2, '2025-08-22', 3, 292.948500, 1, 'shift', NULL, NULL, '2025-09-13 18:43:36', '2025-09-13 18:43:36', 'G47'),
(12240, 38, 3, '2025-08-22', 3, 443.891600, 1, 'shift', NULL, NULL, '2025-09-13 18:43:36', '2025-09-13 18:43:36', 'H47'),
(12241, 39, 1, '2025-08-22', 3, 136.317600, 1, 'shift', NULL, NULL, '2025-09-13 18:43:36', '2025-09-13 18:43:36', 'F48'),
(12242, 39, 2, '2025-08-22', 3, 275.397800, 1, 'shift', NULL, NULL, '2025-09-13 18:43:36', '2025-09-13 18:43:36', 'G48'),
(12243, 39, 3, '2025-08-22', 3, 411.715400, 1, 'shift', NULL, NULL, '2025-09-13 18:43:36', '2025-09-13 18:43:36', 'H48'),
(12244, 40, 2, '2025-08-22', 3, 164.706200, 1, 'shift', NULL, NULL, '2025-09-13 18:43:36', '2025-09-13 18:43:36', 'G49'),
(12245, 41, 1, '2025-08-22', 3, 150.943200, 1, 'shift', NULL, NULL, '2025-09-13 18:43:36', '2025-09-13 18:43:36', 'F50'),
(12246, 41, 2, '2025-08-22', 3, 110.691700, 1, 'shift', NULL, NULL, '2025-09-13 18:43:36', '2025-09-13 18:43:36', 'G50'),
(12247, 41, 3, '2025-08-22', 3, 261.634800, 1, 'shift', NULL, NULL, '2025-09-13 18:43:36', '2025-09-13 18:43:36', 'H50'),
(12248, 42, 1, '2025-08-22', 3, 263.231100, 1, 'shift', NULL, NULL, '2025-09-13 18:43:36', '2025-09-13 18:43:36', 'F51'),
(12249, 42, 2, '2025-08-22', 3, 233.516600, 1, 'shift', NULL, NULL, '2025-09-13 18:43:36', '2025-09-13 18:43:36', 'G51'),
(12250, 42, 3, '2025-08-22', 3, 243.355000, 1, 'shift', NULL, NULL, '2025-09-13 18:43:36', '2025-09-13 18:43:36', 'H51'),
(12251, 46, 1, '2025-08-22', 3, 0.000000, 1, 'shift', NULL, NULL, '2025-09-13 18:43:36', '2025-09-13 18:43:36', 'F56'),
(12252, 46, 2, '2025-08-22', 3, 0.000000, 1, 'shift', NULL, NULL, '2025-09-13 18:43:36', '2025-09-13 18:43:36', 'G56'),
(12253, 50, 1, '2025-08-22', 3, 0.969900, 1, 'shift', NULL, NULL, '2025-09-13 18:43:36', '2025-09-13 18:43:36', 'F60'),
(12254, 50, 2, '2025-08-22', 3, 0.969900, 1, 'shift', NULL, NULL, '2025-09-13 18:43:36', '2025-09-13 18:43:36', 'G60'),
(12255, 51, 1, '2025-08-22', 3, 1.000000, 1, 'shift', NULL, NULL, '2025-09-13 18:43:36', '2025-09-13 18:43:36', 'F61'),
(12256, 51, 2, '2025-08-22', 3, 1.000000, 1, 'shift', NULL, NULL, '2025-09-13 18:43:36', '2025-09-13 18:43:36', 'G61'),
(12257, 52, 1, '2025-08-22', 3, 12.051000, 1, 'shift', NULL, NULL, '2025-09-13 18:43:36', '2025-09-13 18:43:36', 'F62'),
(12258, 52, 2, '2025-08-22', 3, 12.051000, 1, 'shift', NULL, NULL, '2025-09-13 18:43:36', '2025-09-13 18:43:36', 'G62'),
(12259, 53, 1, '2025-08-22', 3, 1.000000, 1, 'shift', NULL, NULL, '2025-09-13 18:43:36', '2025-09-13 18:43:36', 'F63'),
(12260, 53, 2, '2025-08-22', 3, 1.000000, 1, 'shift', NULL, NULL, '2025-09-13 18:43:36', '2025-09-13 18:43:36', 'G63'),
(12261, 54, 1, '2025-08-22', 3, 0.949400, 1, 'shift', NULL, NULL, '2025-09-13 18:43:36', '2025-09-13 18:43:36', 'F64'),
(12262, 54, 2, '2025-08-22', 3, 0.949400, 1, 'shift', NULL, NULL, '2025-09-13 18:43:36', '2025-09-13 18:43:36', 'G64'),
(12263, 55, 1, '2025-08-22', 3, 1.000000, 1, 'shift', NULL, NULL, '2025-09-13 18:43:36', '2025-09-13 18:43:36', 'F65'),
(12264, 55, 2, '2025-08-22', 3, 1.000000, 1, 'shift', NULL, NULL, '2025-09-13 18:43:36', '2025-09-13 18:43:36', 'G65'),
(12265, 56, 1, '2025-08-22', 3, 1.001000, 1, 'shift', NULL, NULL, '2025-09-13 18:43:36', '2025-09-13 18:43:36', 'F66'),
(12266, 56, 2, '2025-08-22', 3, 1.001100, 1, 'shift', NULL, NULL, '2025-09-13 18:43:36', '2025-09-13 18:43:36', 'G66'),
(12267, 57, 2, '2025-08-22', 3, -0.181200, 1, 'shift', NULL, NULL, '2025-09-13 18:43:36', '2025-09-13 18:43:36', 'G67'),
(12268, 59, 1, '2025-08-22', 3, 1.000000, 1, 'shift', NULL, NULL, '2025-09-13 18:43:36', '2025-09-13 18:43:36', 'F69'),
(12269, 59, 2, '2025-08-22', 3, 1.000000, 1, 'shift', NULL, NULL, '2025-09-13 18:43:36', '2025-09-13 18:43:36', 'G69'),
(12270, 63, 1, '2025-08-22', 3, 287.053500, 1, 'shift', NULL, NULL, '2025-09-13 18:43:36', '2025-09-13 18:43:36', 'F73'),
(12271, 63, 2, '2025-08-22', 3, 514.460400, 1, 'shift', NULL, NULL, '2025-09-13 18:43:36', '2025-09-13 18:43:36', 'G73'),
(12272, 63, 3, '2025-08-22', 3, 801.513900, 1, 'shift', NULL, NULL, '2025-09-13 18:43:36', '2025-09-13 18:43:36', 'H73'),
(12273, 50, 1, '2025-09-16', 1, 1.000000, 1, 'shift', NULL, NULL, '2025-09-16 04:19:10', '2025-09-16 04:19:10', 'F60'),
(12274, 50, 2, '2025-09-16', 1, 1.000000, 1, 'shift', NULL, NULL, '2025-09-16 04:19:10', '2025-09-16 04:19:10', 'G60'),
(12275, 54, 1, '2025-09-16', 1, 0.949400, 1, 'shift', NULL, NULL, '2025-09-16 04:19:10', '2025-09-16 04:19:10', 'F64'),
(12276, 54, 2, '2025-09-16', 1, 0.949400, 1, 'shift', NULL, NULL, '2025-09-16 04:19:10', '2025-09-16 04:19:10', 'G64'),
(12277, 55, 1, '2025-09-16', 1, 1.000000, 1, 'shift', NULL, NULL, '2025-09-16 04:19:10', '2025-09-16 04:19:10', 'F65'),
(12278, 55, 2, '2025-09-16', 1, 1.000000, 1, 'shift', NULL, NULL, '2025-09-16 04:19:10', '2025-09-16 04:19:10', 'G65'),
(12279, 56, 1, '2025-09-16', 1, 1.000000, 1, 'shift', NULL, NULL, '2025-09-16 04:19:10', '2025-09-16 04:19:10', 'F66'),
(12280, 56, 2, '2025-09-16', 1, 1.000000, 1, 'shift', NULL, NULL, '2025-09-16 04:19:10', '2025-09-16 04:19:10', 'G66'),
(12281, 59, 1, '2025-09-16', 1, 1.000000, 1, 'shift', NULL, NULL, '2025-09-16 04:19:10', '2025-09-16 04:19:10', 'F69'),
(12282, 59, 2, '2025-09-16', 1, 1.000000, 1, 'shift', NULL, NULL, '2025-09-16 04:19:10', '2025-09-16 04:19:10', 'G69');

-- --------------------------------------------------------

--
-- Table structure for table `shifts`
--

CREATE TABLE `shifts` (
  `id` int NOT NULL,
  `name` varchar(20) CHARACTER SET utf8mb4 COLLATE utf8mb4_unicode_ci NOT NULL,
  `start_time` time NOT NULL,
  `end_time` time NOT NULL
) ENGINE=InnoDB DEFAULT CHARSET=utf8mb4 COLLATE=utf8mb4_unicode_ci;

--
-- Dumping data for table `shifts`
--

INSERT INTO `shifts` (`id`, `name`, `start_time`, `end_time`) VALUES
(1, 'Смена 1', '00:00:00', '07:59:59'),
(2, 'Смена 2', '08:00:00', '15:59:59'),
(3, 'Смена 3', '16:00:00', '23:59:59');

-- --------------------------------------------------------

--
-- Table structure for table `start_reasons`
--

CREATE TABLE `start_reasons` (
  `id` int NOT NULL,
  `name` varchar(255) NOT NULL,
  `description` text
) ENGINE=InnoDB DEFAULT CHARSET=utf8mb4 COLLATE=utf8mb4_0900_ai_ci;

--
-- Dumping data for table `start_reasons`
--

INSERT INTO `start_reasons` (`id`, `name`, `description`) VALUES
(1, 'Холодный', 'Пуск оборудования из холодного состояния'),
(2, 'Неостывший', 'Пуск оборудования из неостывшего состояния'),
(3, 'Горячий', 'Пуск оборудования из горячего состояния');

-- --------------------------------------------------------

--
-- Table structure for table `stop_reasons`
--

CREATE TABLE `stop_reasons` (
  `id` int NOT NULL,
  `name` varchar(100) CHARACTER SET utf8mb4 COLLATE utf8mb4_unicode_ci NOT NULL,
  `description` text CHARACTER SET utf8mb4 COLLATE utf8mb4_unicode_ci
) ENGINE=InnoDB DEFAULT CHARSET=utf8mb4 COLLATE=utf8mb4_unicode_ci;

--
-- Dumping data for table `stop_reasons`
--

INSERT INTO `stop_reasons` (`id`, `name`, `description`) VALUES
(1, 'аварийный', 'Вынужденный останов из-за аварии'),
(2, 'плановый', 'Плановая остановка для ТО'),
(3, 'резерв', 'Перевод оборудования в резерв');

-- --------------------------------------------------------

--
-- Table structure for table `tg_result_params`
--

CREATE TABLE `tg_result_params` (
  `id` int NOT NULL,
  `name` varchar(255) CHARACTER SET utf8mb4 COLLATE utf8mb4_unicode_ci NOT NULL,
  `unit` varchar(50) CHARACTER SET utf8mb4 COLLATE utf8mb4_unicode_ci DEFAULT NULL,
  `symbol` varchar(50) CHARACTER SET utf8mb4 COLLATE utf8mb4_unicode_ci DEFAULT NULL,
  `row_num` varchar(20) CHARACTER SET utf8mb4 COLLATE utf8mb4_unicode_ci DEFAULT NULL,
  `category` enum('3a','3b','4') CHARACTER SET utf8mb4 COLLATE utf8mb4_unicode_ci DEFAULT NULL
) ENGINE=InnoDB DEFAULT CHARSET=utf8mb4 COLLATE=utf8mb4_unicode_ci;

--
-- Dumping data for table `tg_result_params`
--

INSERT INTO `tg_result_params` (`id`, `name`, `unit`, `symbol`, `row_num`, `category`) VALUES
(26, 'Выработка электроэнергии, тысяч kW.h: турбоагрегатом', 'тыс. kW·h', 'Эта', '11', '3a'),
(27, 'Отпуск электроэнергии с шин, тысяч kW.h', 'тыс. kW·h', 'Эот', '13', '3a'),
(28, 'Число часов работы, h турбоагрегатом', 'h', 'tтраб', '15', '3a'),
(29, 'Расход питательной воды', 't', 'Gпв', '17', '3a'),
(30, 'Количество пусков т/агрегатов по диспетчерскому графику', NULL, 'nтпуск', '18', '3a'),
(31, 'Средний расход охлаждающей воды через конденсатор турбоагрегата', 'м3/ч', 'Wохл', '19', '3a'),
(32, 'Средняя температура охлаждающей воды на входе в конденсатор', '°C', 't1в', '20', '3a'),
(33, 'Средняя температура охлаждающей воды на выходе из конденсатора', '°C', 't2в', '21', '3a'),
(34, 'Продолжительность работы турбоагрегата от даты разработки нормативной характеристики', 'h', 'tтрес', '22', '3a'),
(35, 'Средняя электрическая нагрузка турбоагрегата (факт)', 'MW', 'Nф', '26', '3a'),
(36, 'Исходно-нормативный расход свежего пара', 't/h', 'D0', '29', '3a'),
(37, 'Исходно-нормативный расход пара в конденсатор', 't/h', 'D2', '30', '3a'),
(38, 'Исходно-нормативное значение удельного расхода тепла брутто на турбоагрегат', 'kcal/kWh', 'qтбр(исх)', '31', '3a'),
(39, 'Поправка на температуру охлаждающей воды', 'kcal/kWh', 'Δqтбр(tов)', '33', '3a'),
(40, 'Поправка на изменение расхода охлаждающей воды', 'kcal/kWh', 'Δqтбр(Wов)', '34', '3a'),
(41, 'Поправка на отработанный ресурс времени (старения)', 'kcal/kWh', 'Δqтбр(рес)', '35', '3a'),
(42, 'Поправка на недогрев питательной воды из-за отсутствия ПВД-7 на блоке №7', 'kcal/kWh', 'Δqтбр(пвд-7)', '36', '3a'),
(43, 'Поправка на работу БИУ', 'kcal/kWh', 'Δqтбр(ИУ)', '37', '3a'),
(44, 'Номинальное значение удельного расхода тепла брутто, с учетом работы БИУ', 'kcal/kWh', 'qтiбр(ном)', '39', '3a'),
(45, 'Исходно-нормативное относительное значение расхода электроэнергии на СН т/агрегата блоков', 'MW', 'Nсн K-200', '41', '3a'),
(46, 'Исходно-нормативное относительное значение расхода электроэнергии на СН т/агрегата блоков, %', '%', 'Эсн K-200', '42', '3a'),
(47, 'Расход электроэнергии на СН \"прочие\" т/агрегата', 'MW', 'Nпр', '44', '3a'),
(48, 'Расход электроэнергии на СН \"прочие\" т/агрегата, %', '%', 'Эпр', '45', '3a'),
(49, 'Суммарный расход электроэнергии на СН с учетом допуска на эксплуатационные условия', 'MW', 'Nтсн(исх)', '48', '3a'),
(50, 'Номинальное относительное значение расхода электроэнергии на СН подгруппы т/агрегатов', '%', 'Этсн(ном)', '49', '3a'),
(51, 'Расчетный расход тепла на турбину', 'Gcal/h', 'Qo', '50', '3a'),
(52, 'Номинальное относительное значение расхода тепла на СН подгруппы т/агрегатов', '%', 'qсн(н)т(пг)', '51', '3a'),
(53, 'Номинальное значение удельного расхода тепла нетто по подгруппе турбоагрегатов', 'kcal/kWh', 'qн(н)т(пг)', '52', '3a'),
(269, 'Фактическое кол-во сожженного топлива (газ)', 'kcal/m3', NULL, '10', '3b'),
(270, 'Фактическое кол-во сожженного топлива (мазут)', 'kcal/t', NULL, '11', '3b'),
(271, 'Количество топлива (газ) в натуральном исчислении, израсходованного котлами', 'm3', 'газ', '12', '3b'),
(272, 'Количество топлива (мазут) в натуральном исчислении, израсходованного котлами', 'm3', 'мазут', '13', '3b'),
(273, 'Фактический расход топлива на производство электроэнергии в пересчете на условное (газ)', 't.u.t./месяц', 'газ', '14', '3b'),
(274, 'Фактический расход топлива на производство электроэнергии в пересчете на условное (мазут)', 't.u.t./месяц', 'мазут', '15', '3b'),
(275, 'Полный расход условного топлива на выработку электроэнергии за месяц', NULL, NULL, '16', '3b'),
(276, 'Доля газа в общем расходе топлива', NULL, NULL, '17', '3b'),
(277, 'Число часов работы группы котлов', 'h', 'газ', '18', '3b'),
(278, 'Выработка тепла котлом', 'Gcal', 'газ', '19', '3b'),
(279, 'Средняя тепловая нагрузка котлов', 'Gcal/h', NULL, '21', '3b'),
(280, 'Средняя электрическая нагрузка', 'MW', 'факт', '22', '3b'),
(281, 'Расход питательной воды группой котлов за месяц', 'тонн', NULL, '23', '3b'),
(282, 'Средний расход питательной воды', 't/h', NULL, '24', '3b'),
(283, 'Количество пусков котлов по диспетчерскому графику', NULL, NULL, '25', '3b'),
(284, 'Температура холодного воздуха на стороне всасывания дутьевого вентилятора', '°C', NULL, '26', '3b'),
(285, 'Температура питательной воды', '°C', NULL, '27', '3b'),
(286, 'Продолжительность работы котла от даты составления энергетических характеристик', 'h', NULL, '28', '3b'),
(287, 'КПД брутто группы котлов', '%', NULL, '32', '3b'),
(288, 'Исходно-нормативное значение', NULL, NULL, '34', '3b'),
(289, 'Поправка на температуру холодного воздуха (фактической)', NULL, NULL, '35', '3b'),
(290, 'Поправка на отработанный ресурс времени', '%', NULL, '36', '3b'),
(291, 'Поправка на СН котла при сжигании мазута', 'Гкал/ч', NULL, '37', '3b'),
(292, 'Поправка на СН котла при сжигании мазута (%)', '%', NULL, '38', '3b'),
(293, 'Номинальное значение КПД брутто котла', '%', NULL, '39', '3b'),
(294, 'Номинальный удельный расход электроэнергии на тягу и дутье', 'kWh/Gcal', NULL, '40', '3b'),
(295, 'Номинальный удельный расход электроэнергии на питательные насосы', 'kWh/t воды', NULL, '41', '3b'),
(296, 'Затраты мощности на «прочие» механизмы собственных нужд', 'kWh/Gcal', NULL, '42', '3b'),
(297, 'Номинальное значение расхода электроэнергии на собственные нужды котлов (абсолютное)', 'тыс. kWh', NULL, '43', '3b'),
(298, 'Номинальное значение расхода электроэнергии на собственные нужды котлов (удельное)', 'kWh/Gcal', NULL, '44', '3b'),
(299, 'Номинальное значение расхода электроэнергии на собственные нужды котлов (удельное %)', '%', NULL, '45', '3b'),
(300, 'Исходно-нормативное значение расхода тепла на собственные нужды котлов (абсолютное)', 'Gcal', NULL, '47', '3b'),
(301, 'Исходно-нормативное значение расхода тепла на собственные нужды котлов (относительное)', '%', NULL, '49', '3b'),
(302, 'Номинальное значение КПД нетто котлов', '%', NULL, '50', '3b'),
(303, 'СН блока', '%', NULL, '51', '3b'),
(304, 'Теплопроизводительность котла брутто', 'Gkal', 'Qк бр', '52', '3b'),
(306, 'Давление пара п.п. после к/а', 'kg/sm²', 'Рабс', '54', '3b'),
(307, 'Давление пара п.п. до к/а', 'kg/sm²', 'Рабс', '55', '3b'),
(308, 'Энтальпия острого пара', 'kcal/kg', 'i', '56', '3b'),
(309, 'Энтальпия горячего п.п.', 'kcal/kg', 'i', '57', '3b'),
(310, 'Энтальпия холодного п.п.', 'kcal/kg', 'i', '58', '3b'),
(311, 'Энтальпия питательной воды', 'kcal/kg', 'i', '59', '3b');

-- --------------------------------------------------------

--
-- Table structure for table `tg_result_values`
--

CREATE TABLE `tg_result_values` (
  `id` bigint NOT NULL,
  `param_id` int NOT NULL,
  `tg_id` int NOT NULL COMMENT '7 - ТГ7, 8 - ТГ8, 9 - ОЧ-130',
  `date` date NOT NULL,
  `shift_id` int DEFAULT NULL COMMENT 'NULL для суточных расчетов',
  `value` decimal(15,6) NOT NULL,
  `user_id` int DEFAULT NULL,
  `period_type` enum('shift','day','period') CHARACTER SET utf8mb4 COLLATE utf8mb4_unicode_ci NOT NULL,
  `period_start` date DEFAULT NULL,
  `period_end` date DEFAULT NULL,
  `created_at` timestamp NULL DEFAULT CURRENT_TIMESTAMP,
  `updated_at` timestamp NULL DEFAULT CURRENT_TIMESTAMP ON UPDATE CURRENT_TIMESTAMP,
  `cell` varchar(20) CHARACTER SET utf8mb4 COLLATE utf8mb4_unicode_ci DEFAULT NULL COMMENT 'Ячейка в Excel (например F47, G47, H47)'
) ENGINE=InnoDB DEFAULT CHARSET=utf8mb4 COLLATE=utf8mb4_unicode_ci COMMENT='Значения результатов расчетов ТГ';

--
-- Dumping data for table `tg_result_values`
--

INSERT INTO `tg_result_values` (`id`, `param_id`, `tg_id`, `date`, `shift_id`, `value`, `user_id`, `period_type`, `period_start`, `period_end`, `created_at`, `updated_at`, `cell`) VALUES
(12476, 32, 7, '2025-09-15', 2, 0.000000, 1, 'shift', NULL, NULL, '2025-09-16 11:17:33', '2025-09-16 11:17:33', 'E20'),
(12477, 33, 7, '2025-09-15', 2, 0.000000, 1, 'shift', NULL, NULL, '2025-09-16 11:17:33', '2025-09-16 11:17:33', 'E21'),
(12478, 34, 7, '2025-09-15', 2, 0.000000, 1, 'shift', NULL, NULL, '2025-09-16 11:17:33', '2025-09-16 11:17:33', 'E22'),
(12479, 35, 7, '2025-09-15', 2, 0.000000, 1, 'shift', NULL, NULL, '2025-09-16 11:17:33', '2025-09-16 11:17:33', 'E26'),
(12480, 36, 7, '2025-09-15', 2, 0.000000, 1, 'shift', NULL, NULL, '2025-09-16 11:17:33', '2025-09-16 11:17:33', 'E29'),
(12481, 38, 7, '2025-09-15', 2, 0.000000, 1, 'shift', NULL, NULL, '2025-09-16 11:17:33', '2025-09-16 11:17:33', 'E31'),
(12482, 39, 7, '2025-09-15', 2, 0.000000, 1, 'shift', NULL, NULL, '2025-09-16 11:17:33', '2025-09-16 11:17:33', 'E33'),
(12483, 40, 7, '2025-09-15', 2, 0.000000, 1, 'shift', NULL, NULL, '2025-09-16 11:17:33', '2025-09-16 11:17:33', 'E34'),
(12484, 41, 7, '2025-09-15', 2, 0.000000, 1, 'shift', NULL, NULL, '2025-09-16 11:17:33', '2025-09-16 11:17:33', 'E35'),
(12485, 42, 7, '2025-09-15', 2, 0.000000, 1, 'shift', NULL, NULL, '2025-09-16 11:17:33', '2025-09-16 11:17:33', 'E36'),
(12486, 43, 7, '2025-09-15', 2, 46.900000, 1, 'shift', NULL, NULL, '2025-09-16 11:17:33', '2025-09-16 11:17:33', 'E37'),
(12487, 44, 7, '2025-09-15', 2, 46.900000, 1, 'shift', NULL, NULL, '2025-09-16 11:17:33', '2025-09-16 11:17:33', 'E39'),
(12488, 45, 7, '2025-09-15', 2, 1.120000, 1, 'shift', NULL, NULL, '2025-09-16 11:17:33', '2025-09-16 11:17:33', 'E41'),
(12489, 46, 7, '2025-09-15', 2, 0.000000, 1, 'shift', NULL, NULL, '2025-09-16 11:17:33', '2025-09-16 11:17:33', 'E42'),
(12490, 47, 7, '2025-09-15', 2, 0.450000, 1, 'shift', NULL, NULL, '2025-09-16 11:17:33', '2025-09-16 11:17:33', 'E44'),
(12491, 48, 7, '2025-09-15', 2, 0.000000, 1, 'shift', NULL, NULL, '2025-09-16 11:17:33', '2025-09-16 11:17:33', 'E45'),
(12492, 49, 7, '2025-09-15', 2, 1.630000, 1, 'shift', NULL, NULL, '2025-09-16 11:17:33', '2025-09-16 11:17:33', 'E48'),
(12493, 50, 7, '2025-09-15', 2, 0.000000, 1, 'shift', NULL, NULL, '2025-09-16 11:17:33', '2025-09-16 11:17:33', 'E49'),
(12494, 51, 7, '2025-09-15', 2, 0.000000, 1, 'shift', NULL, NULL, '2025-09-16 11:17:33', '2025-09-16 11:17:33', 'E50'),
(12495, 52, 7, '2025-09-15', 2, 0.000000, 1, 'shift', NULL, NULL, '2025-09-16 11:17:33', '2025-09-16 11:17:33', 'E51'),
(12496, 53, 7, '2025-09-15', 2, 46.900000, 1, 'shift', NULL, NULL, '2025-09-16 11:17:33', '2025-09-16 11:17:33', 'E52'),
(12497, 26, 8, '2025-09-15', 2, 630.000000, 1, 'shift', NULL, NULL, '2025-09-16 11:17:33', '2025-09-16 11:17:33', 'F11'),
(12498, 27, 8, '2025-09-15', 2, 582.000000, 1, 'shift', NULL, NULL, '2025-09-16 11:17:33', '2025-09-16 11:17:33', 'F13'),
(12499, 28, 8, '2025-09-15', 2, 8.000000, 1, 'shift', NULL, NULL, '2025-09-16 11:17:33', '2025-09-16 11:17:33', 'F15'),
(12500, 29, 8, '2025-09-15', 2, 0.000000, 1, 'shift', NULL, NULL, '2025-09-16 11:17:33', '2025-09-16 11:17:33', 'F17'),
(12501, 30, 8, '2025-09-15', 2, 0.000000, 1, 'shift', NULL, NULL, '2025-09-16 11:17:33', '2025-09-16 11:17:33', 'F18'),
(12502, 37, 8, '2025-09-15', 2, 219.750000, 1, 'shift', NULL, NULL, '2025-09-16 11:17:33', '2025-09-16 11:17:33', 'F30'),
(12503, 31, 8, '2025-09-15', 2, 0.000000, 1, 'shift', NULL, NULL, '2025-09-16 11:17:33', '2025-09-16 11:17:33', 'F19'),
(12504, 32, 8, '2025-09-15', 2, 0.000000, 1, 'shift', NULL, NULL, '2025-09-16 11:17:33', '2025-09-16 11:17:33', 'F20'),
(12505, 33, 8, '2025-09-15', 2, 0.000000, 1, 'shift', NULL, NULL, '2025-09-16 11:17:33', '2025-09-16 11:17:33', 'F21'),
(12506, 34, 8, '2025-09-15', 2, 0.000000, 1, 'shift', NULL, NULL, '2025-09-16 11:17:33', '2025-09-16 11:17:33', 'F22'),
(12507, 35, 8, '2025-09-15', 2, 78.750000, 1, 'shift', NULL, NULL, '2025-09-16 11:17:33', '2025-09-16 11:17:33', 'F26'),
(12508, 36, 8, '2025-09-15', 2, 299.630000, 1, 'shift', NULL, NULL, '2025-09-16 11:17:33', '2025-09-16 11:17:33', 'F29'),
(12509, 38, 8, '2025-09-15', 2, 2379.010000, 1, 'shift', NULL, NULL, '2025-09-16 11:17:33', '2025-09-16 11:17:33', 'F31'),
(12510, 39, 8, '2025-09-15', 2, 0.000000, 1, 'shift', NULL, NULL, '2025-09-16 11:17:33', '2025-09-16 11:17:33', 'F33'),
(12511, 40, 8, '2025-09-15', 2, 45.800000, 1, 'shift', NULL, NULL, '2025-09-16 11:17:33', '2025-09-16 11:17:33', 'F34'),
(12512, 41, 8, '2025-09-15', 2, 0.000000, 1, 'shift', NULL, NULL, '2025-09-16 11:17:33', '2025-09-16 11:17:33', 'F35'),
(12513, 42, 8, '2025-09-15', 2, 0.000000, 1, 'shift', NULL, NULL, '2025-09-16 11:17:33', '2025-09-16 11:17:33', 'F36'),
(12514, 43, 8, '2025-09-15', 2, 46.900000, 1, 'shift', NULL, NULL, '2025-09-16 11:17:33', '2025-09-16 11:17:33', 'F37'),
(12515, 44, 8, '2025-09-15', 2, 2471.700000, 1, 'shift', NULL, NULL, '2025-09-16 11:17:33', '2025-09-16 11:17:33', 'F39'),
(12516, 45, 8, '2025-09-15', 2, 1.300000, 1, 'shift', NULL, NULL, '2025-09-16 11:17:33', '2025-09-16 11:17:33', 'F41'),
(12517, 46, 8, '2025-09-15', 2, 1.650000, 1, 'shift', NULL, NULL, '2025-09-16 11:17:33', '2025-09-16 11:17:33', 'F42'),
(12518, 47, 8, '2025-09-15', 2, 0.450000, 1, 'shift', NULL, NULL, '2025-09-16 11:17:33', '2025-09-16 11:17:33', 'F44'),
(12519, 48, 8, '2025-09-15', 2, 0.570000, 1, 'shift', NULL, NULL, '2025-09-16 11:17:33', '2025-09-16 11:17:33', 'F45'),
(12520, 49, 8, '2025-09-15', 2, 1.820000, 1, 'shift', NULL, NULL, '2025-09-16 11:17:33', '2025-09-16 11:17:33', 'F48'),
(12521, 50, 8, '2025-09-15', 2, 2.310000, 1, 'shift', NULL, NULL, '2025-09-16 11:17:33', '2025-09-16 11:17:33', 'F49'),
(12522, 51, 8, '2025-09-15', 2, 194.650000, 1, 'shift', NULL, NULL, '2025-09-16 11:17:33', '2025-09-16 11:17:33', 'F50'),
(12523, 52, 8, '2025-09-15', 2, 0.640000, 1, 'shift', NULL, NULL, '2025-09-16 11:17:33', '2025-09-16 11:17:33', 'F51'),
(12524, 53, 8, '2025-09-15', 2, 2546.340000, 1, 'shift', NULL, NULL, '2025-09-16 11:17:33', '2025-09-16 11:17:33', 'F52'),
(12525, 26, 9, '2025-09-15', 2, 2205.000000, 1, 'shift', NULL, NULL, '2025-09-16 11:17:33', '2025-09-16 11:17:33', 'G11'),
(12526, 27, 9, '2025-09-15', 2, 2157.000000, 1, 'shift', NULL, NULL, '2025-09-16 11:17:33', '2025-09-16 11:17:33', 'G13'),
(12527, 28, 9, '2025-09-15', 2, 8.000000, 1, 'shift', NULL, NULL, '2025-09-16 11:17:33', '2025-09-16 11:17:33', 'G15'),
(12528, 29, 9, '2025-09-15', 2, 0.000000, 1, 'shift', NULL, NULL, '2025-09-16 11:17:33', '2025-09-16 11:17:33', 'G17'),
(12529, 30, 9, '2025-09-15', 2, 0.000000, 1, 'shift', NULL, NULL, '2025-09-16 11:17:33', '2025-09-16 11:17:33', 'G18'),
(12530, 37, 9, '2025-09-15', 2, 219.750000, 1, 'shift', NULL, NULL, '2025-09-16 11:17:33', '2025-09-16 11:17:33', 'G30'),
(12531, 31, 9, '2025-09-15', 2, 0.000000, 1, 'shift', NULL, NULL, '2025-09-16 11:17:33', '2025-09-16 11:17:33', 'G19'),
(12532, 32, 9, '2025-09-15', 2, 0.000000, 1, 'shift', NULL, NULL, '2025-09-16 11:17:33', '2025-09-16 11:17:33', 'G20'),
(12533, 33, 9, '2025-09-15', 2, 0.000000, 1, 'shift', NULL, NULL, '2025-09-16 11:17:33', '2025-09-16 11:17:33', 'G21'),
(12534, 34, 9, '2025-09-15', 2, 0.000000, 1, 'shift', NULL, NULL, '2025-09-16 11:17:33', '2025-09-16 11:17:33', 'G22'),
(12535, 35, 9, '2025-09-15', 2, 275.630000, 1, 'shift', NULL, NULL, '2025-09-16 11:17:33', '2025-09-16 11:17:33', 'G26'),
(12536, 36, 9, '2025-09-15', 2, 299.630000, 1, 'shift', NULL, NULL, '2025-09-16 11:17:33', '2025-09-16 11:17:33', 'G29'),
(12537, 38, 9, '2025-09-15', 2, 0.000000, 1, 'shift', NULL, NULL, '2025-09-16 11:17:33', '2025-09-16 11:17:33', 'G31'),
(12538, 39, 9, '2025-09-15', 2, 0.000000, 1, 'shift', NULL, NULL, '2025-09-16 11:17:33', '2025-09-16 11:17:33', 'G33'),
(12539, 40, 9, '2025-09-15', 2, 0.000000, 1, 'shift', NULL, NULL, '2025-09-16 11:17:33', '2025-09-16 11:17:33', 'G34'),
(12540, 41, 9, '2025-09-15', 2, 0.000000, 1, 'shift', NULL, NULL, '2025-09-16 11:17:33', '2025-09-16 11:17:33', 'G35'),
(12541, 42, 9, '2025-09-15', 2, 0.000000, 1, 'shift', NULL, NULL, '2025-09-16 11:17:33', '2025-09-16 11:17:33', 'G36'),
(12542, 43, 9, '2025-09-15', 2, 0.000000, 1, 'shift', NULL, NULL, '2025-09-16 11:17:33', '2025-09-16 11:17:33', 'G37'),
(12543, 44, 9, '2025-09-15', 2, 739.700000, 1, 'shift', NULL, NULL, '2025-09-16 11:17:33', '2025-09-16 11:17:33', 'G39'),
(12544, 45, 9, '2025-09-15', 2, 2.410000, 1, 'shift', NULL, NULL, '2025-09-16 11:17:33', '2025-09-16 11:17:33', 'G41'),
(12545, 46, 9, '2025-09-15', 2, 0.000000, 1, 'shift', NULL, NULL, '2025-09-16 11:17:33', '2025-09-16 11:17:33', 'G42'),
(12546, 47, 9, '2025-09-15', 2, 0.000000, 1, 'shift', NULL, NULL, '2025-09-16 11:17:33', '2025-09-16 11:17:33', 'G44'),
(12547, 48, 9, '2025-09-15', 2, 0.000000, 1, 'shift', NULL, NULL, '2025-09-16 11:17:33', '2025-09-16 11:17:33', 'G45'),
(12548, 49, 9, '2025-09-15', 2, 3.450000, 1, 'shift', NULL, NULL, '2025-09-16 11:17:33', '2025-09-16 11:17:33', 'G48'),
(12549, 50, 9, '2025-09-15', 2, 0.660000, 1, 'shift', NULL, NULL, '2025-09-16 11:17:33', '2025-09-16 11:17:33', 'G49'),
(12550, 51, 9, '2025-09-15', 2, 203.880000, 1, 'shift', NULL, NULL, '2025-09-16 11:17:33', '2025-09-16 11:17:33', 'G50'),
(12551, 52, 9, '2025-09-15', 2, 0.610000, 1, 'shift', NULL, NULL, '2025-09-16 11:17:33', '2025-09-16 11:17:33', 'G51'),
(12552, 53, 9, '2025-09-15', 2, 749.150000, 1, 'shift', NULL, NULL, '2025-09-16 11:17:33', '2025-09-16 11:17:33', 'G52'),
(12553, 26, 7, '2025-09-15', 3, 1575.000000, 1, 'shift', NULL, NULL, '2025-09-16 11:17:33', '2025-09-16 11:17:33', 'E11'),
(12554, 27, 7, '2025-09-15', 3, 1575.000000, 1, 'shift', NULL, NULL, '2025-09-16 11:17:33', '2025-09-16 11:17:33', 'E13'),
(12555, 28, 7, '2025-09-15', 3, 0.000000, 1, 'shift', NULL, NULL, '2025-09-16 11:17:33', '2025-09-16 11:17:33', 'E15'),
(12556, 29, 7, '2025-09-15', 3, 0.000000, 1, 'shift', NULL, NULL, '2025-09-16 11:17:33', '2025-09-16 11:17:33', 'E17'),
(12557, 30, 7, '2025-09-15', 3, 0.000000, 1, 'shift', NULL, NULL, '2025-09-16 11:17:33', '2025-09-16 11:17:33', 'E18'),
(12558, 37, 7, '2025-09-15', 3, 0.000000, 1, 'shift', NULL, NULL, '2025-09-16 11:17:33', '2025-09-16 11:17:33', 'E30'),
(12559, 31, 7, '2025-09-15', 3, 0.000000, 1, 'shift', NULL, NULL, '2025-09-16 11:17:33', '2025-09-16 11:17:33', 'E19'),
(12560, 32, 7, '2025-09-15', 3, 0.000000, 1, 'shift', NULL, NULL, '2025-09-16 11:17:33', '2025-09-16 11:17:33', 'E20'),
(12561, 33, 7, '2025-09-15', 3, 0.000000, 1, 'shift', NULL, NULL, '2025-09-16 11:17:33', '2025-09-16 11:17:33', 'E21'),
(12562, 34, 7, '2025-09-15', 3, 0.000000, 1, 'shift', NULL, NULL, '2025-09-16 11:17:33', '2025-09-16 11:17:33', 'E22'),
(12563, 35, 7, '2025-09-15', 3, 0.000000, 1, 'shift', NULL, NULL, '2025-09-16 11:17:33', '2025-09-16 11:17:33', 'E26'),
(12564, 36, 7, '2025-09-15', 3, 0.000000, 1, 'shift', NULL, NULL, '2025-09-16 11:17:33', '2025-09-16 11:17:33', 'E29'),
(12565, 38, 7, '2025-09-15', 3, 0.000000, 1, 'shift', NULL, NULL, '2025-09-16 11:17:33', '2025-09-16 11:17:33', 'E31'),
(12566, 39, 7, '2025-09-15', 3, 0.000000, 1, 'shift', NULL, NULL, '2025-09-16 11:17:33', '2025-09-16 11:17:33', 'E33'),
(12567, 40, 7, '2025-09-15', 3, 0.000000, 1, 'shift', NULL, NULL, '2025-09-16 11:17:33', '2025-09-16 11:17:33', 'E34'),
(12568, 41, 7, '2025-09-15', 3, 0.000000, 1, 'shift', NULL, NULL, '2025-09-16 11:17:33', '2025-09-16 11:17:33', 'E35'),
(12569, 42, 7, '2025-09-15', 3, 0.000000, 1, 'shift', NULL, NULL, '2025-09-16 11:17:33', '2025-09-16 11:17:33', 'E36'),
(12570, 43, 7, '2025-09-15', 3, 46.900000, 1, 'shift', NULL, NULL, '2025-09-16 11:17:33', '2025-09-16 11:17:33', 'E37'),
(12571, 44, 7, '2025-09-15', 3, 46.900000, 1, 'shift', NULL, NULL, '2025-09-16 11:17:33', '2025-09-16 11:17:33', 'E39'),
(12572, 45, 7, '2025-09-15', 3, 1.120000, 1, 'shift', NULL, NULL, '2025-09-16 11:17:33', '2025-09-16 11:17:33', 'E41'),
(12573, 46, 7, '2025-09-15', 3, 0.000000, 1, 'shift', NULL, NULL, '2025-09-16 11:17:33', '2025-09-16 11:17:33', 'E42'),
(12574, 47, 7, '2025-09-15', 3, 0.450000, 1, 'shift', NULL, NULL, '2025-09-16 11:17:33', '2025-09-16 11:17:33', 'E44'),
(12575, 48, 7, '2025-09-15', 3, 0.000000, 1, 'shift', NULL, NULL, '2025-09-16 11:17:33', '2025-09-16 11:17:33', 'E45'),
(12576, 49, 7, '2025-09-15', 3, 1.630000, 1, 'shift', NULL, NULL, '2025-09-16 11:17:33', '2025-09-16 11:17:33', 'E48'),
(12577, 50, 7, '2025-09-15', 3, 0.000000, 1, 'shift', NULL, NULL, '2025-09-16 11:17:33', '2025-09-16 11:17:33', 'E49'),
(12578, 51, 7, '2025-09-15', 3, 0.000000, 1, 'shift', NULL, NULL, '2025-09-16 11:17:33', '2025-09-16 11:17:33', 'E50'),
(12579, 52, 7, '2025-09-15', 3, 0.000000, 1, 'shift', NULL, NULL, '2025-09-16 11:17:33', '2025-09-16 11:17:33', 'E51'),
(12580, 53, 7, '2025-09-15', 3, 46.900000, 1, 'shift', NULL, NULL, '2025-09-16 11:17:33', '2025-09-16 11:17:33', 'E52'),
(12581, 26, 8, '2025-09-15', 3, 630.000000, 1, 'shift', NULL, NULL, '2025-09-16 11:17:33', '2025-09-16 11:17:33', 'F11'),
(12582, 27, 8, '2025-09-15', 3, 630.000000, 1, 'shift', NULL, NULL, '2025-09-16 11:17:33', '2025-09-16 11:17:33', 'F13'),
(12583, 28, 8, '2025-09-15', 3, 8.000000, 1, 'shift', NULL, NULL, '2025-09-16 11:17:33', '2025-09-16 11:17:33', 'F15'),
(12584, 29, 8, '2025-09-15', 3, 0.000000, 1, 'shift', NULL, NULL, '2025-09-16 11:17:33', '2025-09-16 11:17:33', 'F17'),
(12585, 30, 8, '2025-09-15', 3, 0.000000, 1, 'shift', NULL, NULL, '2025-09-16 11:17:33', '2025-09-16 11:17:33', 'F18'),
(12586, 37, 8, '2025-09-15', 3, 895.510000, 1, 'shift', NULL, NULL, '2025-09-16 11:17:33', '2025-09-16 11:17:33', 'F30'),
(12587, 31, 8, '2025-09-15', 3, 0.000000, 1, 'shift', NULL, NULL, '2025-09-16 11:17:33', '2025-09-16 11:17:33', 'F19'),
(12588, 32, 8, '2025-09-15', 3, 0.000000, 1, 'shift', NULL, NULL, '2025-09-16 11:17:33', '2025-09-16 11:17:33', 'F20'),
(12589, 33, 8, '2025-09-15', 3, 0.000000, 1, 'shift', NULL, NULL, '2025-09-16 11:17:33', '2025-09-16 11:17:33', 'F21'),
(12590, 34, 8, '2025-09-15', 3, 0.000000, 1, 'shift', NULL, NULL, '2025-09-16 11:17:33', '2025-09-16 11:17:33', 'F22'),
(12591, 35, 8, '2025-09-15', 3, 78.750000, 1, 'shift', NULL, NULL, '2025-09-16 11:17:33', '2025-09-16 11:17:33', 'F26'),
(12592, 36, 8, '2025-09-15', 3, 299.630000, 1, 'shift', NULL, NULL, '2025-09-16 11:17:33', '2025-09-16 11:17:33', 'F29'),
(12593, 38, 8, '2025-09-15', 3, 2379.010000, 1, 'shift', NULL, NULL, '2025-09-16 11:17:33', '2025-09-16 11:17:33', 'F31'),
(12594, 39, 8, '2025-09-15', 3, 0.000000, 1, 'shift', NULL, NULL, '2025-09-16 11:17:33', '2025-09-16 11:17:33', 'F33'),
(12595, 40, 8, '2025-09-15', 3, 45.800000, 1, 'shift', NULL, NULL, '2025-09-16 11:17:33', '2025-09-16 11:17:33', 'F34'),
(12596, 41, 8, '2025-09-15', 3, 0.000000, 1, 'shift', NULL, NULL, '2025-09-16 11:17:33', '2025-09-16 11:17:33', 'F35'),
(12597, 42, 8, '2025-09-15', 3, 0.000000, 1, 'shift', NULL, NULL, '2025-09-16 11:17:33', '2025-09-16 11:17:33', 'F36'),
(12598, 43, 8, '2025-09-15', 3, 46.900000, 1, 'shift', NULL, NULL, '2025-09-16 11:17:33', '2025-09-16 11:17:33', 'F37'),
(12599, 44, 8, '2025-09-15', 3, 2471.700000, 1, 'shift', NULL, NULL, '2025-09-16 11:17:33', '2025-09-16 11:17:33', 'F39'),
(12600, 45, 8, '2025-09-15', 3, 1.300000, 1, 'shift', NULL, NULL, '2025-09-16 11:17:33', '2025-09-16 11:17:33', 'F41'),
(12601, 46, 8, '2025-09-15', 3, 1.650000, 1, 'shift', NULL, NULL, '2025-09-16 11:17:33', '2025-09-16 11:17:33', 'F42'),
(12602, 47, 8, '2025-09-15', 3, 0.450000, 1, 'shift', NULL, NULL, '2025-09-16 11:17:33', '2025-09-16 11:17:33', 'F44'),
(12603, 48, 8, '2025-09-15', 3, 0.570000, 1, 'shift', NULL, NULL, '2025-09-16 11:17:33', '2025-09-16 11:17:33', 'F45'),
(12604, 49, 8, '2025-09-15', 3, 1.820000, 1, 'shift', NULL, NULL, '2025-09-16 11:17:33', '2025-09-16 11:17:33', 'F48'),
(12605, 50, 8, '2025-09-15', 3, 2.310000, 1, 'shift', NULL, NULL, '2025-09-16 11:17:33', '2025-09-16 11:17:33', 'F49'),
(12606, 51, 8, '2025-09-15', 3, 194.650000, 1, 'shift', NULL, NULL, '2025-09-16 11:17:33', '2025-09-16 11:17:33', 'F50'),
(12607, 52, 8, '2025-09-15', 3, 0.640000, 1, 'shift', NULL, NULL, '2025-09-16 11:17:33', '2025-09-16 11:17:33', 'F51'),
(12608, 53, 8, '2025-09-15', 3, 2546.340000, 1, 'shift', NULL, NULL, '2025-09-16 11:17:33', '2025-09-16 11:17:33', 'F52'),
(12609, 26, 9, '2025-09-15', 3, 2205.000000, 1, 'shift', NULL, NULL, '2025-09-16 11:17:33', '2025-09-16 11:17:33', 'G11'),
(12610, 27, 9, '2025-09-15', 3, 2205.000000, 1, 'shift', NULL, NULL, '2025-09-16 11:17:33', '2025-09-16 11:17:33', 'G13'),
(12611, 28, 9, '2025-09-15', 3, 8.000000, 1, 'shift', NULL, NULL, '2025-09-16 11:17:33', '2025-09-16 11:17:33', 'G15'),
(12612, 29, 9, '2025-09-15', 3, 0.000000, 1, 'shift', NULL, NULL, '2025-09-16 11:17:33', '2025-09-16 11:17:33', 'G17'),
(12613, 30, 9, '2025-09-15', 3, 0.000000, 1, 'shift', NULL, NULL, '2025-09-16 11:17:33', '2025-09-16 11:17:33', 'G18'),
(12614, 37, 9, '2025-09-15', 3, 895.510000, 1, 'shift', NULL, NULL, '2025-09-16 11:17:33', '2025-09-16 11:17:33', 'G30'),
(12615, 31, 9, '2025-09-15', 3, 0.000000, 1, 'shift', NULL, NULL, '2025-09-16 11:17:33', '2025-09-16 11:17:33', 'G19'),
(12616, 32, 9, '2025-09-15', 3, 0.000000, 1, 'shift', NULL, NULL, '2025-09-16 11:17:33', '2025-09-16 11:17:33', 'G20'),
(12617, 33, 9, '2025-09-15', 3, 0.000000, 1, 'shift', NULL, NULL, '2025-09-16 11:17:33', '2025-09-16 11:17:33', 'G21'),
(12618, 34, 9, '2025-09-15', 3, 0.000000, 1, 'shift', NULL, NULL, '2025-09-16 11:17:33', '2025-09-16 11:17:33', 'G22'),
(12619, 35, 9, '2025-09-15', 3, 275.630000, 1, 'shift', NULL, NULL, '2025-09-16 11:17:33', '2025-09-16 11:17:33', 'G26'),
(12620, 36, 9, '2025-09-15', 3, 299.630000, 1, 'shift', NULL, NULL, '2025-09-16 11:17:33', '2025-09-16 11:17:33', 'G29'),
(12621, 38, 9, '2025-09-15', 3, 0.000000, 1, 'shift', NULL, NULL, '2025-09-16 11:17:33', '2025-09-16 11:17:33', 'G31'),
(12622, 39, 9, '2025-09-15', 3, 0.000000, 1, 'shift', NULL, NULL, '2025-09-16 11:17:33', '2025-09-16 11:17:33', 'G33'),
(12623, 40, 9, '2025-09-15', 3, 0.000000, 1, 'shift', NULL, NULL, '2025-09-16 11:17:33', '2025-09-16 11:17:33', 'G34'),
(12624, 41, 9, '2025-09-15', 3, 0.000000, 1, 'shift', NULL, NULL, '2025-09-16 11:17:33', '2025-09-16 11:17:33', 'G35'),
(12625, 42, 9, '2025-09-15', 3, 0.000000, 1, 'shift', NULL, NULL, '2025-09-16 11:17:33', '2025-09-16 11:17:33', 'G36'),
(12626, 43, 9, '2025-09-15', 3, 0.000000, 1, 'shift', NULL, NULL, '2025-09-16 11:17:33', '2025-09-16 11:17:33', 'G37'),
(12627, 44, 9, '2025-09-15', 3, 739.700000, 1, 'shift', NULL, NULL, '2025-09-16 11:17:33', '2025-09-16 11:17:33', 'G39'),
(12628, 45, 9, '2025-09-15', 3, 2.410000, 1, 'shift', NULL, NULL, '2025-09-16 11:17:33', '2025-09-16 11:17:33', 'G41'),
(12629, 46, 9, '2025-09-15', 3, 0.000000, 1, 'shift', NULL, NULL, '2025-09-16 11:17:33', '2025-09-16 11:17:33', 'G42'),
(12630, 47, 9, '2025-09-15', 3, 0.000000, 1, 'shift', NULL, NULL, '2025-09-16 11:17:33', '2025-09-16 11:17:33', 'G44'),
(12631, 48, 9, '2025-09-15', 3, 0.000000, 1, 'shift', NULL, NULL, '2025-09-16 11:17:33', '2025-09-16 11:17:33', 'G45'),
(12632, 49, 9, '2025-09-15', 3, 3.450000, 1, 'shift', NULL, NULL, '2025-09-16 11:17:33', '2025-09-16 11:17:33', 'G48'),
(12633, 50, 9, '2025-09-15', 3, 0.660000, 1, 'shift', NULL, NULL, '2025-09-16 11:17:33', '2025-09-16 11:17:33', 'G49'),
(12634, 51, 9, '2025-09-15', 3, 203.880000, 1, 'shift', NULL, NULL, '2025-09-16 11:17:33', '2025-09-16 11:17:33', 'G50'),
(12635, 52, 9, '2025-09-15', 3, 0.610000, 1, 'shift', NULL, NULL, '2025-09-16 11:17:33', '2025-09-16 11:17:33', 'G51'),
(12636, 53, 9, '2025-09-15', 3, 749.150000, 1, 'shift', NULL, NULL, '2025-09-16 11:17:33', '2025-09-16 11:17:33', 'G52'),
(12637, 26, 7, '2025-09-14', 1, 0.000000, 1, 'shift', NULL, NULL, '2025-09-16 11:17:47', '2025-09-16 11:17:47', 'E11'),
(12638, 27, 7, '2025-09-14', 1, 0.000000, 1, 'shift', NULL, NULL, '2025-09-16 11:17:47', '2025-09-16 11:17:47', 'E13'),
(12639, 28, 7, '2025-09-14', 1, 0.000000, 1, 'shift', NULL, NULL, '2025-09-16 11:17:47', '2025-09-16 11:17:47', 'E15'),
(12640, 29, 7, '2025-09-14', 1, 0.000000, 1, 'shift', NULL, NULL, '2025-09-16 11:17:47', '2025-09-16 11:17:47', 'E17'),
(12641, 30, 7, '2025-09-14', 1, 0.000000, 1, 'shift', NULL, NULL, '2025-09-16 11:17:47', '2025-09-16 11:17:47', 'E18'),
(12642, 37, 7, '2025-09-14', 1, 0.000000, 1, 'shift', NULL, NULL, '2025-09-16 11:17:47', '2025-09-16 11:17:47', 'E30'),
(12643, 31, 7, '2025-09-14', 1, 0.000000, 1, 'shift', NULL, NULL, '2025-09-16 11:17:47', '2025-09-16 11:17:47', 'E19'),
(12644, 32, 7, '2025-09-14', 1, 0.000000, 1, 'shift', NULL, NULL, '2025-09-16 11:17:47', '2025-09-16 11:17:47', 'E20'),
(12645, 33, 7, '2025-09-14', 1, 0.000000, 1, 'shift', NULL, NULL, '2025-09-16 11:17:47', '2025-09-16 11:17:47', 'E21'),
(12646, 34, 7, '2025-09-14', 1, 82407.000000, 1, 'shift', NULL, NULL, '2025-09-16 11:17:47', '2025-09-16 11:17:47', 'E22'),
(12647, 35, 7, '2025-09-14', 1, 0.000000, 1, 'shift', NULL, NULL, '2025-09-16 11:17:47', '2025-09-16 11:17:47', 'E26'),
(12648, 36, 7, '2025-09-14', 1, 0.000000, 1, 'shift', NULL, NULL, '2025-09-16 11:17:47', '2025-09-16 11:17:47', 'E29'),
(12649, 38, 7, '2025-09-14', 1, 0.000000, 1, 'shift', NULL, NULL, '2025-09-16 11:17:47', '2025-09-16 11:17:47', 'E31'),
(12650, 39, 7, '2025-09-14', 1, 0.000000, 1, 'shift', NULL, NULL, '2025-09-16 11:17:47', '2025-09-16 11:17:47', 'E33'),
(12651, 40, 7, '2025-09-14', 1, 0.000000, 1, 'shift', NULL, NULL, '2025-09-16 11:17:47', '2025-09-16 11:17:47', 'E34'),
(12652, 41, 7, '2025-09-14', 1, 0.000000, 1, 'shift', NULL, NULL, '2025-09-16 11:17:47', '2025-09-16 11:17:47', 'E35'),
(12653, 42, 7, '2025-09-14', 1, 0.000000, 1, 'shift', NULL, NULL, '2025-09-16 11:17:47', '2025-09-16 11:17:47', 'E36'),
(12654, 43, 7, '2025-09-14', 1, 46.900000, 1, 'shift', NULL, NULL, '2025-09-16 11:17:47', '2025-09-16 11:17:47', 'E37'),
(12655, 44, 7, '2025-09-14', 1, 46.900000, 1, 'shift', NULL, NULL, '2025-09-16 11:17:47', '2025-09-16 11:17:47', 'E39'),
(12656, 45, 7, '2025-09-14', 1, 1.120000, 1, 'shift', NULL, NULL, '2025-09-16 11:17:47', '2025-09-16 11:17:47', 'E41'),
(12657, 46, 7, '2025-09-14', 1, 0.000000, 1, 'shift', NULL, NULL, '2025-09-16 11:17:47', '2025-09-16 11:17:47', 'E42'),
(12658, 47, 7, '2025-09-14', 1, 0.450000, 1, 'shift', NULL, NULL, '2025-09-16 11:17:47', '2025-09-16 11:17:47', 'E44'),
(12659, 48, 7, '2025-09-14', 1, 0.000000, 1, 'shift', NULL, NULL, '2025-09-16 11:17:47', '2025-09-16 11:17:47', 'E45'),
(12660, 49, 7, '2025-09-14', 1, 1.630000, 1, 'shift', NULL, NULL, '2025-09-16 11:17:47', '2025-09-16 11:17:47', 'E48'),
(12661, 50, 7, '2025-09-14', 1, 0.000000, 1, 'shift', NULL, NULL, '2025-09-16 11:17:47', '2025-09-16 11:17:47', 'E49'),
(12662, 51, 7, '2025-09-14', 1, 0.000000, 1, 'shift', NULL, NULL, '2025-09-16 11:17:47', '2025-09-16 11:17:47', 'E50'),
(12663, 52, 7, '2025-09-14', 1, 0.000000, 1, 'shift', NULL, NULL, '2025-09-16 11:17:47', '2025-09-16 11:17:47', 'E51'),
(12664, 53, 7, '2025-09-14', 1, 46.900000, 1, 'shift', NULL, NULL, '2025-09-16 11:17:47', '2025-09-16 11:17:47', 'E52'),
(12665, 26, 8, '2025-09-14', 1, 21540.330000, 1, 'shift', NULL, NULL, '2025-09-16 11:17:47', '2025-09-16 11:17:47', 'F11'),
(12666, 27, 8, '2025-09-14', 1, 21492.330000, 1, 'shift', NULL, NULL, '2025-09-16 11:17:47', '2025-09-16 11:17:47', 'F13'),
(12667, 28, 8, '2025-09-14', 1, 8.000000, 1, 'shift', NULL, NULL, '2025-09-16 11:17:47', '2025-09-16 11:17:47', 'F15'),
(12668, 29, 8, '2025-09-14', 1, 71945.000000, 1, 'shift', NULL, NULL, '2025-09-16 11:17:47', '2025-09-16 11:17:47', 'F17'),
(12669, 30, 8, '2025-09-14', 1, 0.000000, 1, 'shift', NULL, NULL, '2025-09-16 11:17:47', '2025-09-16 11:17:47', 'F18'),
(12670, 37, 8, '2025-09-14', 1, 5609.650000, 1, 'shift', NULL, NULL, '2025-09-16 11:17:47', '2025-09-16 11:17:47', 'F30'),
(12671, 31, 8, '2025-09-14', 1, 252434.410000, 1, 'shift', NULL, NULL, '2025-09-16 11:17:47', '2025-09-16 11:17:47', 'F19'),
(12672, 32, 8, '2025-09-14', 1, 29.000000, 1, 'shift', NULL, NULL, '2025-09-16 11:17:47', '2025-09-16 11:17:47', 'F20'),
(12673, 33, 8, '2025-09-14', 1, 41.000000, 1, 'shift', NULL, NULL, '2025-09-16 11:17:47', '2025-09-16 11:17:47', 'F21'),
(12674, 34, 8, '2025-09-14', 1, 75730.000000, 1, 'shift', NULL, NULL, '2025-09-16 11:17:47', '2025-09-16 11:17:47', 'F22'),
(12675, 35, 8, '2025-09-14', 1, 2692.540000, 1, 'shift', NULL, NULL, '2025-09-16 11:17:47', '2025-09-16 11:17:47', 'F26'),
(12676, 36, 8, '2025-09-14', 1, 8384.480000, 1, 'shift', NULL, NULL, '2025-09-16 11:17:47', '2025-09-16 11:17:47', 'F29'),
(12677, 38, 8, '2025-09-14', 1, 2136.210000, 1, 'shift', NULL, NULL, '2025-09-16 11:17:47', '2025-09-16 11:17:47', 'F31'),
(12678, 39, 8, '2025-09-14', 1, 0.000000, 1, 'shift', NULL, NULL, '2025-09-16 11:17:47', '2025-09-16 11:17:47', 'F33'),
(12679, 40, 8, '2025-09-14', 1, 0.000000, 1, 'shift', NULL, NULL, '2025-09-16 11:17:47', '2025-09-16 11:17:47', 'F34'),
(12680, 41, 8, '2025-09-14', 1, 13.750000, 1, 'shift', NULL, NULL, '2025-09-16 11:17:47', '2025-09-16 11:17:47', 'F35'),
(12681, 42, 8, '2025-09-14', 1, 0.000000, 1, 'shift', NULL, NULL, '2025-09-16 11:17:47', '2025-09-16 11:17:47', 'F36'),
(12682, 43, 8, '2025-09-14', 1, 46.900000, 1, 'shift', NULL, NULL, '2025-09-16 11:17:47', '2025-09-16 11:17:47', 'F37'),
(12683, 44, 8, '2025-09-14', 1, 2196.860000, 1, 'shift', NULL, NULL, '2025-09-16 11:17:47', '2025-09-16 11:17:47', 'F39'),
(12684, 45, 8, '2025-09-14', 1, 7.310000, 1, 'shift', NULL, NULL, '2025-09-16 11:17:47', '2025-09-16 11:17:47', 'F41'),
(12685, 46, 8, '2025-09-14', 1, 0.270000, 1, 'shift', NULL, NULL, '2025-09-16 11:17:47', '2025-09-16 11:17:47', 'F42'),
(12686, 47, 8, '2025-09-14', 1, 0.450000, 1, 'shift', NULL, NULL, '2025-09-16 11:17:47', '2025-09-16 11:17:47', 'F44'),
(12687, 48, 8, '2025-09-14', 1, 0.020000, 1, 'shift', NULL, NULL, '2025-09-16 11:17:47', '2025-09-16 11:17:47', 'F45'),
(12688, 49, 8, '2025-09-14', 1, 8.090000, 1, 'shift', NULL, NULL, '2025-09-16 11:17:47', '2025-09-16 11:17:47', 'F48'),
(12689, 50, 8, '2025-09-14', 1, 0.300000, 1, 'shift', NULL, NULL, '2025-09-16 11:17:47', '2025-09-16 11:17:47', 'F49'),
(12690, 51, 8, '2025-09-14', 1, 5915.140000, 1, 'shift', NULL, NULL, '2025-09-16 11:17:47', '2025-09-16 11:17:47', 'F50'),
(12691, 52, 8, '2025-09-14', 1, 0.020000, 1, 'shift', NULL, NULL, '2025-09-16 11:17:47', '2025-09-16 11:17:47', 'F51'),
(12692, 53, 8, '2025-09-14', 1, 2203.950000, 1, 'shift', NULL, NULL, '2025-09-16 11:17:47', '2025-09-16 11:17:47', 'F52'),
(12693, 26, 9, '2025-09-14', 1, 21540.330000, 1, 'shift', NULL, NULL, '2025-09-16 11:17:47', '2025-09-16 11:17:47', 'G11'),
(12694, 27, 9, '2025-09-14', 1, 21492.330000, 1, 'shift', NULL, NULL, '2025-09-16 11:17:47', '2025-09-16 11:17:47', 'G13'),
(12695, 28, 9, '2025-09-14', 1, 8.000000, 1, 'shift', NULL, NULL, '2025-09-16 11:17:47', '2025-09-16 11:17:47', 'G15'),
(12696, 29, 9, '2025-09-14', 1, 71945.000000, 1, 'shift', NULL, NULL, '2025-09-16 11:17:47', '2025-09-16 11:17:47', 'G17'),
(12697, 30, 9, '2025-09-14', 1, 0.000000, 1, 'shift', NULL, NULL, '2025-09-16 11:17:47', '2025-09-16 11:17:47', 'G18'),
(12698, 37, 9, '2025-09-14', 1, 5609.650000, 1, 'shift', NULL, NULL, '2025-09-16 11:17:47', '2025-09-16 11:17:47', 'G30'),
(12699, 31, 9, '2025-09-14', 1, 275382.990000, 1, 'shift', NULL, NULL, '2025-09-16 11:17:47', '2025-09-16 11:17:47', 'G19'),
(12700, 32, 9, '2025-09-14', 1, 0.000000, 1, 'shift', NULL, NULL, '2025-09-16 11:17:47', '2025-09-16 11:17:47', 'G20'),
(12701, 33, 9, '2025-09-14', 1, 0.000000, 1, 'shift', NULL, NULL, '2025-09-16 11:17:47', '2025-09-16 11:17:47', 'G21'),
(12702, 34, 9, '2025-09-14', 1, 0.000000, 1, 'shift', NULL, NULL, '2025-09-16 11:17:47', '2025-09-16 11:17:47', 'G22'),
(12703, 35, 9, '2025-09-14', 1, 2692.540000, 1, 'shift', NULL, NULL, '2025-09-16 11:17:47', '2025-09-16 11:17:47', 'G26'),
(12704, 36, 9, '2025-09-14', 1, 8384.480000, 1, 'shift', NULL, NULL, '2025-09-16 11:17:47', '2025-09-16 11:17:47', 'G29'),
(12705, 38, 9, '2025-09-14', 1, 0.000000, 1, 'shift', NULL, NULL, '2025-09-16 11:17:47', '2025-09-16 11:17:47', 'G31'),
(12706, 39, 9, '2025-09-14', 1, 0.000000, 1, 'shift', NULL, NULL, '2025-09-16 11:17:47', '2025-09-16 11:17:47', 'G33'),
(12707, 40, 9, '2025-09-14', 1, 0.000000, 1, 'shift', NULL, NULL, '2025-09-16 11:17:47', '2025-09-16 11:17:47', 'G34'),
(12708, 41, 9, '2025-09-14', 1, 0.000000, 1, 'shift', NULL, NULL, '2025-09-16 11:17:47', '2025-09-16 11:17:47', 'G35'),
(12709, 42, 9, '2025-09-14', 1, 0.000000, 1, 'shift', NULL, NULL, '2025-09-16 11:17:47', '2025-09-16 11:17:47', 'G36'),
(12710, 43, 9, '2025-09-14', 1, 0.000000, 1, 'shift', NULL, NULL, '2025-09-16 11:17:47', '2025-09-16 11:17:47', 'G37'),
(12711, 44, 9, '2025-09-14', 1, 2196.860000, 1, 'shift', NULL, NULL, '2025-09-16 11:17:47', '2025-09-16 11:17:47', 'G39'),
(12712, 45, 9, '2025-09-14', 1, 8.420000, 1, 'shift', NULL, NULL, '2025-09-16 11:17:47', '2025-09-16 11:17:47', 'G41'),
(12713, 46, 9, '2025-09-14', 1, 0.000000, 1, 'shift', NULL, NULL, '2025-09-16 11:17:47', '2025-09-16 11:17:47', 'G42'),
(12714, 47, 9, '2025-09-14', 1, 0.000000, 1, 'shift', NULL, NULL, '2025-09-16 11:17:47', '2025-09-16 11:17:47', 'G44'),
(12715, 48, 9, '2025-09-14', 1, 0.000000, 1, 'shift', NULL, NULL, '2025-09-16 11:17:47', '2025-09-16 11:17:47', 'G45'),
(12716, 49, 9, '2025-09-14', 1, 9.720000, 1, 'shift', NULL, NULL, '2025-09-16 11:17:47', '2025-09-16 11:17:47', 'G48'),
(12717, 50, 9, '2025-09-14', 1, 0.300000, 1, 'shift', NULL, NULL, '2025-09-16 11:17:47', '2025-09-16 11:17:47', 'G49'),
(12718, 51, 9, '2025-09-14', 1, 5915.140000, 1, 'shift', NULL, NULL, '2025-09-16 11:17:47', '2025-09-16 11:17:47', 'G50'),
(12719, 52, 9, '2025-09-14', 1, 0.020000, 1, 'shift', NULL, NULL, '2025-09-16 11:17:47', '2025-09-16 11:17:47', 'G51'),
(12720, 53, 9, '2025-09-14', 1, 2203.950000, 1, 'shift', NULL, NULL, '2025-09-16 11:17:47', '2025-09-16 11:17:47', 'G52'),
(12721, 26, 7, '2025-09-14', 2, 0.000000, 1, 'shift', NULL, NULL, '2025-09-16 11:17:47', '2025-09-16 11:17:47', 'E11'),
(12722, 27, 7, '2025-09-14', 2, 0.000000, 1, 'shift', NULL, NULL, '2025-09-16 11:17:47', '2025-09-16 11:17:47', 'E13'),
(12723, 28, 7, '2025-09-14', 2, 0.000000, 1, 'shift', NULL, NULL, '2025-09-16 11:17:47', '2025-09-16 11:17:47', 'E15'),
(12724, 29, 7, '2025-09-14', 2, 0.000000, 1, 'shift', NULL, NULL, '2025-09-16 11:17:47', '2025-09-16 11:17:47', 'E17'),
(12725, 30, 7, '2025-09-14', 2, 0.000000, 1, 'shift', NULL, NULL, '2025-09-16 11:17:47', '2025-09-16 11:17:47', 'E18'),
(12726, 37, 7, '2025-09-14', 2, 0.000000, 1, 'shift', NULL, NULL, '2025-09-16 11:17:47', '2025-09-16 11:17:47', 'E30'),
(12727, 31, 7, '2025-09-14', 2, 0.000000, 1, 'shift', NULL, NULL, '2025-09-16 11:17:47', '2025-09-16 11:17:47', 'E19'),
(12728, 32, 7, '2025-09-14', 2, 0.000000, 1, 'shift', NULL, NULL, '2025-09-16 11:17:47', '2025-09-16 11:17:47', 'E20'),
(12729, 33, 7, '2025-09-14', 2, 0.000000, 1, 'shift', NULL, NULL, '2025-09-16 11:17:47', '2025-09-16 11:17:47', 'E21'),
(12730, 34, 7, '2025-09-14', 2, 0.000000, 1, 'shift', NULL, NULL, '2025-09-16 11:17:47', '2025-09-16 11:17:47', 'E22'),
(12731, 35, 7, '2025-09-14', 2, 0.000000, 1, 'shift', NULL, NULL, '2025-09-16 11:17:47', '2025-09-16 11:17:47', 'E26'),
(12732, 36, 7, '2025-09-14', 2, 0.000000, 1, 'shift', NULL, NULL, '2025-09-16 11:17:47', '2025-09-16 11:17:47', 'E29'),
(12733, 38, 7, '2025-09-14', 2, 0.000000, 1, 'shift', NULL, NULL, '2025-09-16 11:17:47', '2025-09-16 11:17:47', 'E31'),
(12734, 39, 7, '2025-09-14', 2, 0.000000, 1, 'shift', NULL, NULL, '2025-09-16 11:17:47', '2025-09-16 11:17:47', 'E33'),
(12735, 40, 7, '2025-09-14', 2, 0.000000, 1, 'shift', NULL, NULL, '2025-09-16 11:17:47', '2025-09-16 11:17:47', 'E34'),
(12736, 41, 7, '2025-09-14', 2, 0.000000, 1, 'shift', NULL, NULL, '2025-09-16 11:17:47', '2025-09-16 11:17:47', 'E35'),
(12737, 42, 7, '2025-09-14', 2, 0.000000, 1, 'shift', NULL, NULL, '2025-09-16 11:17:47', '2025-09-16 11:17:47', 'E36'),
(12738, 43, 7, '2025-09-14', 2, 46.900000, 1, 'shift', NULL, NULL, '2025-09-16 11:17:47', '2025-09-16 11:17:47', 'E37'),
(12739, 44, 7, '2025-09-14', 2, 46.900000, 1, 'shift', NULL, NULL, '2025-09-16 11:17:47', '2025-09-16 11:17:47', 'E39'),
(12740, 45, 7, '2025-09-14', 2, 1.120000, 1, 'shift', NULL, NULL, '2025-09-16 11:17:47', '2025-09-16 11:17:47', 'E41'),
(12741, 46, 7, '2025-09-14', 2, 0.000000, 1, 'shift', NULL, NULL, '2025-09-16 11:17:47', '2025-09-16 11:17:47', 'E42'),
(12742, 47, 7, '2025-09-14', 2, 0.450000, 1, 'shift', NULL, NULL, '2025-09-16 11:17:47', '2025-09-16 11:17:47', 'E44'),
(12743, 48, 7, '2025-09-14', 2, 0.000000, 1, 'shift', NULL, NULL, '2025-09-16 11:17:47', '2025-09-16 11:17:47', 'E45'),
(12744, 49, 7, '2025-09-14', 2, 1.630000, 1, 'shift', NULL, NULL, '2025-09-16 11:17:47', '2025-09-16 11:17:47', 'E48'),
(12745, 50, 7, '2025-09-14', 2, 0.000000, 1, 'shift', NULL, NULL, '2025-09-16 11:17:47', '2025-09-16 11:17:47', 'E49'),
(12746, 51, 7, '2025-09-14', 2, 0.000000, 1, 'shift', NULL, NULL, '2025-09-16 11:17:47', '2025-09-16 11:17:47', 'E50'),
(12747, 52, 7, '2025-09-14', 2, 0.000000, 1, 'shift', NULL, NULL, '2025-09-16 11:17:47', '2025-09-16 11:17:47', 'E51'),
(12748, 53, 7, '2025-09-14', 2, 46.900000, 1, 'shift', NULL, NULL, '2025-09-16 11:17:47', '2025-09-16 11:17:47', 'E52'),
(12749, 26, 8, '2025-09-14', 2, 0.000000, 1, 'shift', NULL, NULL, '2025-09-16 11:17:47', '2025-09-16 11:17:47', 'F11'),
(12750, 27, 8, '2025-09-14', 2, 0.000000, 1, 'shift', NULL, NULL, '2025-09-16 11:17:47', '2025-09-16 11:17:47', 'F13'),
(12751, 28, 8, '2025-09-14', 2, 8.000000, 1, 'shift', NULL, NULL, '2025-09-16 11:17:47', '2025-09-16 11:17:47', 'F15'),
(12752, 29, 8, '2025-09-14', 2, 0.000000, 1, 'shift', NULL, NULL, '2025-09-16 11:17:47', '2025-09-16 11:17:47', 'F17'),
(12753, 30, 8, '2025-09-14', 2, 0.000000, 1, 'shift', NULL, NULL, '2025-09-16 11:17:47', '2025-09-16 11:17:47', 'F18'),
(12754, 37, 8, '2025-09-14', 2, 20.000000, 1, 'shift', NULL, NULL, '2025-09-16 11:17:47', '2025-09-16 11:17:47', 'F30'),
(12755, 31, 8, '2025-09-14', 2, 0.000000, 1, 'shift', NULL, NULL, '2025-09-16 11:17:47', '2025-09-16 11:17:47', 'F19'),
(12756, 32, 8, '2025-09-14', 2, 0.000000, 1, 'shift', NULL, NULL, '2025-09-16 11:17:47', '2025-09-16 11:17:47', 'F20'),
(12757, 33, 8, '2025-09-14', 2, 0.000000, 1, 'shift', NULL, NULL, '2025-09-16 11:17:47', '2025-09-16 11:17:47', 'F21'),
(12758, 34, 8, '2025-09-14', 2, 0.000000, 1, 'shift', NULL, NULL, '2025-09-16 11:17:47', '2025-09-16 11:17:47', 'F22'),
(12759, 35, 8, '2025-09-14', 2, 0.000000, 1, 'shift', NULL, NULL, '2025-09-16 11:17:47', '2025-09-16 11:17:47', 'F26'),
(12760, 36, 8, '2025-09-14', 2, 0.000000, 1, 'shift', NULL, NULL, '2025-09-16 11:17:47', '2025-09-16 11:17:47', 'F29'),
(12761, 38, 8, '2025-09-14', 2, 0.000000, 1, 'shift', NULL, NULL, '2025-09-16 11:17:47', '2025-09-16 11:17:47', 'F31'),
(12762, 39, 8, '2025-09-14', 2, 0.000000, 1, 'shift', NULL, NULL, '2025-09-16 11:17:47', '2025-09-16 11:17:47', 'F33'),
(12763, 40, 8, '2025-09-14', 2, 0.000000, 1, 'shift', NULL, NULL, '2025-09-16 11:17:47', '2025-09-16 11:17:47', 'F34'),
(12764, 41, 8, '2025-09-14', 2, 0.000000, 1, 'shift', NULL, NULL, '2025-09-16 11:17:47', '2025-09-16 11:17:47', 'F35'),
(12765, 42, 8, '2025-09-14', 2, 0.000000, 1, 'shift', NULL, NULL, '2025-09-16 11:17:47', '2025-09-16 11:17:47', 'F36'),
(12766, 43, 8, '2025-09-14', 2, 46.900000, 1, 'shift', NULL, NULL, '2025-09-16 11:17:47', '2025-09-16 11:17:47', 'F37'),
(12767, 44, 8, '2025-09-14', 2, 46.900000, 1, 'shift', NULL, NULL, '2025-09-16 11:17:47', '2025-09-16 11:17:47', 'F39'),
(12768, 45, 8, '2025-09-14', 2, 1.120000, 1, 'shift', NULL, NULL, '2025-09-16 11:17:47', '2025-09-16 11:17:47', 'F41'),
(12769, 46, 8, '2025-09-14', 2, 0.000000, 1, 'shift', NULL, NULL, '2025-09-16 11:17:47', '2025-09-16 11:17:47', 'F42'),
(12770, 47, 8, '2025-09-14', 2, 0.450000, 1, 'shift', NULL, NULL, '2025-09-16 11:17:47', '2025-09-16 11:17:47', 'F44'),
(12771, 48, 8, '2025-09-14', 2, 0.000000, 1, 'shift', NULL, NULL, '2025-09-16 11:17:47', '2025-09-16 11:17:47', 'F45'),
(12772, 49, 8, '2025-09-14', 2, 1.630000, 1, 'shift', NULL, NULL, '2025-09-16 11:17:47', '2025-09-16 11:17:47', 'F48'),
(12773, 50, 8, '2025-09-14', 2, 0.000000, 1, 'shift', NULL, NULL, '2025-09-16 11:17:47', '2025-09-16 11:17:47', 'F49'),
(12774, 51, 8, '2025-09-14', 2, 0.000000, 1, 'shift', NULL, NULL, '2025-09-16 11:17:47', '2025-09-16 11:17:47', 'F50'),
(12775, 52, 8, '2025-09-14', 2, 0.000000, 1, 'shift', NULL, NULL, '2025-09-16 11:17:47', '2025-09-16 11:17:47', 'F51'),
(12776, 53, 8, '2025-09-14', 2, 46.900000, 1, 'shift', NULL, NULL, '2025-09-16 11:17:47', '2025-09-16 11:17:47', 'F52'),
(12777, 26, 9, '2025-09-14', 2, 0.000000, 1, 'shift', NULL, NULL, '2025-09-16 11:17:47', '2025-09-16 11:17:47', 'G11'),
(12778, 27, 9, '2025-09-14', 2, 0.000000, 1, 'shift', NULL, NULL, '2025-09-16 11:17:47', '2025-09-16 11:17:47', 'G13'),
(12779, 28, 9, '2025-09-14', 2, 8.000000, 1, 'shift', NULL, NULL, '2025-09-16 11:17:47', '2025-09-16 11:17:47', 'G15'),
(12780, 29, 9, '2025-09-14', 2, 0.000000, 1, 'shift', NULL, NULL, '2025-09-16 11:17:47', '2025-09-16 11:17:47', 'G17'),
(12781, 30, 9, '2025-09-14', 2, 0.000000, 1, 'shift', NULL, NULL, '2025-09-16 11:17:47', '2025-09-16 11:17:47', 'G18'),
(12782, 37, 9, '2025-09-14', 2, 20.000000, 1, 'shift', NULL, NULL, '2025-09-16 11:17:47', '2025-09-16 11:17:47', 'G30'),
(12783, 31, 9, '2025-09-14', 2, 0.000000, 1, 'shift', NULL, NULL, '2025-09-16 11:17:47', '2025-09-16 11:17:47', 'G19'),
(12784, 32, 9, '2025-09-14', 2, 0.000000, 1, 'shift', NULL, NULL, '2025-09-16 11:17:47', '2025-09-16 11:17:47', 'G20'),
(12785, 33, 9, '2025-09-14', 2, 0.000000, 1, 'shift', NULL, NULL, '2025-09-16 11:17:47', '2025-09-16 11:17:47', 'G21'),
(12786, 34, 9, '2025-09-14', 2, 0.000000, 1, 'shift', NULL, NULL, '2025-09-16 11:17:47', '2025-09-16 11:17:47', 'G22'),
(12787, 35, 9, '2025-09-14', 2, 0.000000, 1, 'shift', NULL, NULL, '2025-09-16 11:17:47', '2025-09-16 11:17:47', 'G26'),
(12788, 36, 9, '2025-09-14', 2, 0.000000, 1, 'shift', NULL, NULL, '2025-09-16 11:17:47', '2025-09-16 11:17:47', 'G29'),
(12789, 38, 9, '2025-09-14', 2, 0.000000, 1, 'shift', NULL, NULL, '2025-09-16 11:17:47', '2025-09-16 11:17:47', 'G31'),
(12790, 39, 9, '2025-09-14', 2, 0.000000, 1, 'shift', NULL, NULL, '2025-09-16 11:17:47', '2025-09-16 11:17:47', 'G33'),
(12791, 40, 9, '2025-09-14', 2, 0.000000, 1, 'shift', NULL, NULL, '2025-09-16 11:17:47', '2025-09-16 11:17:47', 'G34'),
(12792, 41, 9, '2025-09-14', 2, 0.000000, 1, 'shift', NULL, NULL, '2025-09-16 11:17:47', '2025-09-16 11:17:47', 'G35'),
(12793, 42, 9, '2025-09-14', 2, 0.000000, 1, 'shift', NULL, NULL, '2025-09-16 11:17:47', '2025-09-16 11:17:47', 'G36'),
(12794, 43, 9, '2025-09-14', 2, 0.000000, 1, 'shift', NULL, NULL, '2025-09-16 11:17:47', '2025-09-16 11:17:47', 'G37'),
(12795, 44, 9, '2025-09-14', 2, 0.000000, 1, 'shift', NULL, NULL, '2025-09-16 11:17:47', '2025-09-16 11:17:47', 'G39'),
(12796, 45, 9, '2025-09-14', 2, 2.230000, 1, 'shift', NULL, NULL, '2025-09-16 11:17:47', '2025-09-16 11:17:47', 'G41'),
(12797, 46, 9, '2025-09-14', 2, 0.000000, 1, 'shift', NULL, NULL, '2025-09-16 11:17:47', '2025-09-16 11:17:47', 'G42'),
(12798, 47, 9, '2025-09-14', 2, 0.000000, 1, 'shift', NULL, NULL, '2025-09-16 11:17:47', '2025-09-16 11:17:47', 'G44'),
(12799, 48, 9, '2025-09-14', 2, 0.000000, 1, 'shift', NULL, NULL, '2025-09-16 11:17:47', '2025-09-16 11:17:47', 'G45'),
(12800, 49, 9, '2025-09-14', 2, 3.260000, 1, 'shift', NULL, NULL, '2025-09-16 11:17:47', '2025-09-16 11:17:47', 'G48'),
(12801, 50, 9, '2025-09-14', 2, 0.000000, 1, 'shift', NULL, NULL, '2025-09-16 11:17:47', '2025-09-16 11:17:47', 'G49'),
(12802, 51, 9, '2025-09-14', 2, 0.000000, 1, 'shift', NULL, NULL, '2025-09-16 11:17:47', '2025-09-16 11:17:47', 'G50'),
(12803, 52, 9, '2025-09-14', 2, 0.000000, 1, 'shift', NULL, NULL, '2025-09-16 11:17:47', '2025-09-16 11:17:47', 'G51'),
(12804, 53, 9, '2025-09-14', 2, 0.000000, 1, 'shift', NULL, NULL, '2025-09-16 11:17:47', '2025-09-16 11:17:47', 'G52'),
(12805, 26, 7, '2025-09-14', 3, 6300.000000, 1, 'shift', NULL, NULL, '2025-09-16 11:17:47', '2025-09-16 11:17:47', 'E11'),
(12806, 27, 7, '2025-09-14', 3, 6300.000000, 1, 'shift', NULL, NULL, '2025-09-16 11:17:47', '2025-09-16 11:17:47', 'E13'),
(12807, 28, 7, '2025-09-14', 3, 0.000000, 1, 'shift', NULL, NULL, '2025-09-16 11:17:47', '2025-09-16 11:17:47', 'E15'),
(12808, 29, 7, '2025-09-14', 3, 0.000000, 1, 'shift', NULL, NULL, '2025-09-16 11:17:47', '2025-09-16 11:17:47', 'E17'),
(12809, 30, 7, '2025-09-14', 3, 0.000000, 1, 'shift', NULL, NULL, '2025-09-16 11:17:47', '2025-09-16 11:17:47', 'E18'),
(12810, 37, 7, '2025-09-14', 3, 0.000000, 1, 'shift', NULL, NULL, '2025-09-16 11:17:47', '2025-09-16 11:17:47', 'E30'),
(12811, 31, 7, '2025-09-14', 3, 0.000000, 1, 'shift', NULL, NULL, '2025-09-16 11:17:47', '2025-09-16 11:17:47', 'E19'),
(12812, 32, 7, '2025-09-14', 3, 0.000000, 1, 'shift', NULL, NULL, '2025-09-16 11:17:47', '2025-09-16 11:17:47', 'E20'),
(12813, 33, 7, '2025-09-14', 3, 0.000000, 1, 'shift', NULL, NULL, '2025-09-16 11:17:47', '2025-09-16 11:17:47', 'E21'),
(12814, 34, 7, '2025-09-14', 3, 0.000000, 1, 'shift', NULL, NULL, '2025-09-16 11:17:47', '2025-09-16 11:17:47', 'E22'),
(12815, 35, 7, '2025-09-14', 3, 0.000000, 1, 'shift', NULL, NULL, '2025-09-16 11:17:47', '2025-09-16 11:17:47', 'E26'),
(12816, 36, 7, '2025-09-14', 3, 0.000000, 1, 'shift', NULL, NULL, '2025-09-16 11:17:47', '2025-09-16 11:17:47', 'E29'),
(12817, 38, 7, '2025-09-14', 3, 0.000000, 1, 'shift', NULL, NULL, '2025-09-16 11:17:47', '2025-09-16 11:17:47', 'E31'),
(12818, 39, 7, '2025-09-14', 3, 0.000000, 1, 'shift', NULL, NULL, '2025-09-16 11:17:47', '2025-09-16 11:17:47', 'E33'),
(12819, 40, 7, '2025-09-14', 3, 0.000000, 1, 'shift', NULL, NULL, '2025-09-16 11:17:47', '2025-09-16 11:17:47', 'E34'),
(12820, 41, 7, '2025-09-14', 3, 0.000000, 1, 'shift', NULL, NULL, '2025-09-16 11:17:47', '2025-09-16 11:17:47', 'E35'),
(12821, 42, 7, '2025-09-14', 3, 0.000000, 1, 'shift', NULL, NULL, '2025-09-16 11:17:47', '2025-09-16 11:17:47', 'E36'),
(12822, 43, 7, '2025-09-14', 3, 46.900000, 1, 'shift', NULL, NULL, '2025-09-16 11:17:47', '2025-09-16 11:17:47', 'E37'),
(12823, 44, 7, '2025-09-14', 3, 46.900000, 1, 'shift', NULL, NULL, '2025-09-16 11:17:47', '2025-09-16 11:17:47', 'E39'),
(12824, 45, 7, '2025-09-14', 3, 1.120000, 1, 'shift', NULL, NULL, '2025-09-16 11:17:47', '2025-09-16 11:17:47', 'E41'),
(12825, 46, 7, '2025-09-14', 3, 0.000000, 1, 'shift', NULL, NULL, '2025-09-16 11:17:47', '2025-09-16 11:17:47', 'E42'),
(12826, 47, 7, '2025-09-14', 3, 0.450000, 1, 'shift', NULL, NULL, '2025-09-16 11:17:47', '2025-09-16 11:17:47', 'E44'),
(12827, 48, 7, '2025-09-14', 3, 0.000000, 1, 'shift', NULL, NULL, '2025-09-16 11:17:47', '2025-09-16 11:17:47', 'E45'),
(12828, 49, 7, '2025-09-14', 3, 1.630000, 1, 'shift', NULL, NULL, '2025-09-16 11:17:47', '2025-09-16 11:17:47', 'E48'),
(12829, 50, 7, '2025-09-14', 3, 0.000000, 1, 'shift', NULL, NULL, '2025-09-16 11:17:47', '2025-09-16 11:17:47', 'E49'),
(12830, 51, 7, '2025-09-14', 3, 0.000000, 1, 'shift', NULL, NULL, '2025-09-16 11:17:47', '2025-09-16 11:17:47', 'E50'),
(12831, 52, 7, '2025-09-14', 3, 0.000000, 1, 'shift', NULL, NULL, '2025-09-16 11:17:47', '2025-09-16 11:17:47', 'E51'),
(12832, 53, 7, '2025-09-14', 3, 46.900000, 1, 'shift', NULL, NULL, '2025-09-16 11:17:47', '2025-09-16 11:17:47', 'E52'),
(12833, 26, 8, '2025-09-14', 3, 0.000000, 1, 'shift', NULL, NULL, '2025-09-16 11:17:47', '2025-09-16 11:17:47', 'F11'),
(12834, 27, 8, '2025-09-14', 3, 0.000000, 1, 'shift', NULL, NULL, '2025-09-16 11:17:47', '2025-09-16 11:17:47', 'F13'),
(12835, 28, 8, '2025-09-14', 3, 8.000000, 1, 'shift', NULL, NULL, '2025-09-16 11:17:47', '2025-09-16 11:17:47', 'F15'),
(12836, 29, 8, '2025-09-14', 3, 0.000000, 1, 'shift', NULL, NULL, '2025-09-16 11:17:47', '2025-09-16 11:17:47', 'F17'),
(12837, 30, 8, '2025-09-14', 3, 0.000000, 1, 'shift', NULL, NULL, '2025-09-16 11:17:47', '2025-09-16 11:17:47', 'F18'),
(12838, 37, 8, '2025-09-14', 3, 20.000000, 1, 'shift', NULL, NULL, '2025-09-16 11:17:47', '2025-09-16 11:17:47', 'F30'),
(12839, 31, 8, '2025-09-14', 3, 0.000000, 1, 'shift', NULL, NULL, '2025-09-16 11:17:47', '2025-09-16 11:17:47', 'F19'),
(12840, 32, 8, '2025-09-14', 3, 0.000000, 1, 'shift', NULL, NULL, '2025-09-16 11:17:47', '2025-09-16 11:17:47', 'F20'),
(12841, 33, 8, '2025-09-14', 3, 0.000000, 1, 'shift', NULL, NULL, '2025-09-16 11:17:47', '2025-09-16 11:17:47', 'F21'),
(12842, 34, 8, '2025-09-14', 3, 0.000000, 1, 'shift', NULL, NULL, '2025-09-16 11:17:47', '2025-09-16 11:17:47', 'F22'),
(12843, 35, 8, '2025-09-14', 3, 0.000000, 1, 'shift', NULL, NULL, '2025-09-16 11:17:47', '2025-09-16 11:17:47', 'F26'),
(12844, 36, 8, '2025-09-14', 3, 0.000000, 1, 'shift', NULL, NULL, '2025-09-16 11:17:47', '2025-09-16 11:17:47', 'F29'),
(12845, 38, 8, '2025-09-14', 3, 0.000000, 1, 'shift', NULL, NULL, '2025-09-16 11:17:47', '2025-09-16 11:17:47', 'F31'),
(12846, 39, 8, '2025-09-14', 3, 0.000000, 1, 'shift', NULL, NULL, '2025-09-16 11:17:47', '2025-09-16 11:17:47', 'F33'),
(12847, 40, 8, '2025-09-14', 3, 0.000000, 1, 'shift', NULL, NULL, '2025-09-16 11:17:47', '2025-09-16 11:17:47', 'F34'),
(12848, 41, 8, '2025-09-14', 3, 0.000000, 1, 'shift', NULL, NULL, '2025-09-16 11:17:47', '2025-09-16 11:17:47', 'F35'),
(12849, 42, 8, '2025-09-14', 3, 0.000000, 1, 'shift', NULL, NULL, '2025-09-16 11:17:47', '2025-09-16 11:17:47', 'F36'),
(12850, 43, 8, '2025-09-14', 3, 46.900000, 1, 'shift', NULL, NULL, '2025-09-16 11:17:47', '2025-09-16 11:17:47', 'F37'),
(12851, 44, 8, '2025-09-14', 3, 46.900000, 1, 'shift', NULL, NULL, '2025-09-16 11:17:47', '2025-09-16 11:17:47', 'F39'),
(12852, 45, 8, '2025-09-14', 3, 1.120000, 1, 'shift', NULL, NULL, '2025-09-16 11:17:47', '2025-09-16 11:17:47', 'F41'),
(12853, 46, 8, '2025-09-14', 3, 0.000000, 1, 'shift', NULL, NULL, '2025-09-16 11:17:47', '2025-09-16 11:17:47', 'F42'),
(12854, 47, 8, '2025-09-14', 3, 0.450000, 1, 'shift', NULL, NULL, '2025-09-16 11:17:47', '2025-09-16 11:17:47', 'F44'),
(12855, 48, 8, '2025-09-14', 3, 0.000000, 1, 'shift', NULL, NULL, '2025-09-16 11:17:47', '2025-09-16 11:17:47', 'F45'),
(12856, 49, 8, '2025-09-14', 3, 1.630000, 1, 'shift', NULL, NULL, '2025-09-16 11:17:47', '2025-09-16 11:17:47', 'F48'),
(12857, 50, 8, '2025-09-14', 3, 0.000000, 1, 'shift', NULL, NULL, '2025-09-16 11:17:47', '2025-09-16 11:17:47', 'F49'),
(12858, 51, 8, '2025-09-14', 3, 0.000000, 1, 'shift', NULL, NULL, '2025-09-16 11:17:47', '2025-09-16 11:17:47', 'F50'),
(12859, 52, 8, '2025-09-14', 3, 0.000000, 1, 'shift', NULL, NULL, '2025-09-16 11:17:47', '2025-09-16 11:17:47', 'F51'),
(12860, 53, 8, '2025-09-14', 3, 46.900000, 1, 'shift', NULL, NULL, '2025-09-16 11:17:47', '2025-09-16 11:17:47', 'F52'),
(12861, 26, 9, '2025-09-14', 3, 6300.000000, 1, 'shift', NULL, NULL, '2025-09-16 11:17:47', '2025-09-16 11:17:47', 'G11'),
(12862, 27, 9, '2025-09-14', 3, 6300.000000, 1, 'shift', NULL, NULL, '2025-09-16 11:17:47', '2025-09-16 11:17:47', 'G13'),
(12863, 28, 9, '2025-09-14', 3, 8.000000, 1, 'shift', NULL, NULL, '2025-09-16 11:17:47', '2025-09-16 11:17:47', 'G15'),
(12864, 29, 9, '2025-09-14', 3, 0.000000, 1, 'shift', NULL, NULL, '2025-09-16 11:17:47', '2025-09-16 11:17:47', 'G17'),
(12865, 30, 9, '2025-09-14', 3, 0.000000, 1, 'shift', NULL, NULL, '2025-09-16 11:17:47', '2025-09-16 11:17:47', 'G18'),
(12866, 37, 9, '2025-09-14', 3, 20.000000, 1, 'shift', NULL, NULL, '2025-09-16 11:17:47', '2025-09-16 11:17:47', 'G30'),
(12867, 31, 9, '2025-09-14', 3, 0.000000, 1, 'shift', NULL, NULL, '2025-09-16 11:17:47', '2025-09-16 11:17:47', 'G19'),
(12868, 32, 9, '2025-09-14', 3, 0.000000, 1, 'shift', NULL, NULL, '2025-09-16 11:17:47', '2025-09-16 11:17:47', 'G20'),
(12869, 33, 9, '2025-09-14', 3, 0.000000, 1, 'shift', NULL, NULL, '2025-09-16 11:17:47', '2025-09-16 11:17:47', 'G21'),
(12870, 34, 9, '2025-09-14', 3, 0.000000, 1, 'shift', NULL, NULL, '2025-09-16 11:17:47', '2025-09-16 11:17:47', 'G22'),
(12871, 35, 9, '2025-09-14', 3, 787.500000, 1, 'shift', NULL, NULL, '2025-09-16 11:17:47', '2025-09-16 11:17:47', 'G26'),
(12872, 36, 9, '2025-09-14', 3, 0.000000, 1, 'shift', NULL, NULL, '2025-09-16 11:17:47', '2025-09-16 11:17:47', 'G29'),
(12873, 38, 9, '2025-09-14', 3, 0.000000, 1, 'shift', NULL, NULL, '2025-09-16 11:17:47', '2025-09-16 11:17:47', 'G31'),
(12874, 39, 9, '2025-09-14', 3, 0.000000, 1, 'shift', NULL, NULL, '2025-09-16 11:17:47', '2025-09-16 11:17:47', 'G33'),
(12875, 40, 9, '2025-09-14', 3, 0.000000, 1, 'shift', NULL, NULL, '2025-09-16 11:17:47', '2025-09-16 11:17:47', 'G34'),
(12876, 41, 9, '2025-09-14', 3, 0.000000, 1, 'shift', NULL, NULL, '2025-09-16 11:17:47', '2025-09-16 11:17:47', 'G35'),
(12877, 42, 9, '2025-09-14', 3, 0.000000, 1, 'shift', NULL, NULL, '2025-09-16 11:17:47', '2025-09-16 11:17:47', 'G36'),
(12878, 43, 9, '2025-09-14', 3, 0.000000, 1, 'shift', NULL, NULL, '2025-09-16 11:17:47', '2025-09-16 11:17:47', 'G37'),
(12879, 44, 9, '2025-09-14', 3, 46.900000, 1, 'shift', NULL, NULL, '2025-09-16 11:17:47', '2025-09-16 11:17:47', 'G39'),
(12880, 45, 9, '2025-09-14', 3, 2.230000, 1, 'shift', NULL, NULL, '2025-09-16 11:17:47', '2025-09-16 11:17:47', 'G41'),
(12881, 46, 9, '2025-09-14', 3, 0.000000, 1, 'shift', NULL, NULL, '2025-09-16 11:17:47', '2025-09-16 11:17:47', 'G42'),
(12882, 47, 9, '2025-09-14', 3, 0.000000, 1, 'shift', NULL, NULL, '2025-09-16 11:17:47', '2025-09-16 11:17:47', 'G44'),
(12883, 48, 9, '2025-09-14', 3, 0.000000, 1, 'shift', NULL, NULL, '2025-09-16 11:17:47', '2025-09-16 11:17:47', 'G45'),
(12884, 49, 9, '2025-09-14', 3, 3.260000, 1, 'shift', NULL, NULL, '2025-09-16 11:17:47', '2025-09-16 11:17:47', 'G48'),
(12885, 50, 9, '2025-09-14', 3, 0.210000, 1, 'shift', NULL, NULL, '2025-09-16 11:17:47', '2025-09-16 11:17:47', 'G49'),
(12886, 51, 9, '2025-09-14', 3, 36.930000, 1, 'shift', NULL, NULL, '2025-09-16 11:17:47', '2025-09-16 11:17:47', 'G50'),
(12887, 52, 9, '2025-09-14', 3, 3.360000, 1, 'shift', NULL, NULL, '2025-09-16 11:17:47', '2025-09-16 11:17:47', 'G51'),
(12888, 53, 9, '2025-09-14', 3, 48.580000, 1, 'shift', NULL, NULL, '2025-09-16 11:17:47', '2025-09-16 11:17:47', 'G52'),
(17977, 26, 7, '2025-09-16', 1, 0.000000, 1, 'shift', NULL, NULL, '2025-09-17 13:52:11', '2025-09-17 13:52:11', 'E11'),
(17978, 27, 7, '2025-09-16', 1, 0.000000, 1, 'shift', NULL, NULL, '2025-09-17 13:52:11', '2025-09-17 13:52:11', 'E13'),
(17979, 28, 7, '2025-09-16', 1, 0.000000, 1, 'shift', NULL, NULL, '2025-09-17 13:52:11', '2025-09-17 13:52:11', 'E15'),
(17980, 29, 7, '2025-09-16', 1, 0.000000, 1, 'shift', NULL, NULL, '2025-09-17 13:52:11', '2025-09-17 13:52:11', 'E17'),
(17981, 30, 7, '2025-09-16', 1, 0.000000, 1, 'shift', NULL, NULL, '2025-09-17 13:52:11', '2025-09-17 13:52:11', 'E18'),
(17982, 37, 7, '2025-09-16', 1, 0.000000, 1, 'shift', NULL, NULL, '2025-09-17 13:52:11', '2025-09-17 13:52:11', 'E30'),
(17983, 31, 7, '2025-09-16', 1, 0.000000, 1, 'shift', NULL, NULL, '2025-09-17 13:52:11', '2025-09-17 13:52:11', 'E19');
INSERT INTO `tg_result_values` (`id`, `param_id`, `tg_id`, `date`, `shift_id`, `value`, `user_id`, `period_type`, `period_start`, `period_end`, `created_at`, `updated_at`, `cell`) VALUES
(17984, 32, 7, '2025-09-16', 1, 0.000000, 1, 'shift', NULL, NULL, '2025-09-17 13:52:11', '2025-09-17 13:52:11', 'E20'),
(17985, 33, 7, '2025-09-16', 1, 0.000000, 1, 'shift', NULL, NULL, '2025-09-17 13:52:11', '2025-09-17 13:52:11', 'E21'),
(17986, 34, 7, '2025-09-16', 1, 0.000000, 1, 'shift', NULL, NULL, '2025-09-17 13:52:11', '2025-09-17 13:52:11', 'E22'),
(17987, 35, 7, '2025-09-16', 1, 0.000000, 1, 'shift', NULL, NULL, '2025-09-17 13:52:11', '2025-09-17 13:52:11', 'E26'),
(17988, 36, 7, '2025-09-16', 1, 0.000000, 1, 'shift', NULL, NULL, '2025-09-17 13:52:11', '2025-09-17 13:52:11', 'E29'),
(17989, 38, 7, '2025-09-16', 1, 0.000000, 1, 'shift', NULL, NULL, '2025-09-17 13:52:11', '2025-09-17 13:52:11', 'E31'),
(17990, 39, 7, '2025-09-16', 1, 0.000000, 1, 'shift', NULL, NULL, '2025-09-17 13:52:11', '2025-09-17 13:52:11', 'E33'),
(17991, 40, 7, '2025-09-16', 1, 0.000000, 1, 'shift', NULL, NULL, '2025-09-17 13:52:11', '2025-09-17 13:52:11', 'E34'),
(17992, 41, 7, '2025-09-16', 1, 0.000000, 1, 'shift', NULL, NULL, '2025-09-17 13:52:11', '2025-09-17 13:52:11', 'E35'),
(17993, 42, 7, '2025-09-16', 1, 0.000000, 1, 'shift', NULL, NULL, '2025-09-17 13:52:11', '2025-09-17 13:52:11', 'E36'),
(17994, 43, 7, '2025-09-16', 1, 46.900000, 1, 'shift', NULL, NULL, '2025-09-17 13:52:11', '2025-09-17 13:52:11', 'E37'),
(17995, 44, 7, '2025-09-16', 1, 46.900000, 1, 'shift', NULL, NULL, '2025-09-17 13:52:11', '2025-09-17 13:52:11', 'E39'),
(17996, 45, 7, '2025-09-16', 1, 1.120000, 1, 'shift', NULL, NULL, '2025-09-17 13:52:11', '2025-09-17 13:52:11', 'E41'),
(17997, 46, 7, '2025-09-16', 1, 0.000000, 1, 'shift', NULL, NULL, '2025-09-17 13:52:11', '2025-09-17 13:52:11', 'E42'),
(17998, 47, 7, '2025-09-16', 1, 0.450000, 1, 'shift', NULL, NULL, '2025-09-17 13:52:11', '2025-09-17 13:52:11', 'E44'),
(17999, 48, 7, '2025-09-16', 1, 0.000000, 1, 'shift', NULL, NULL, '2025-09-17 13:52:11', '2025-09-17 13:52:11', 'E45'),
(18000, 49, 7, '2025-09-16', 1, 1.630000, 1, 'shift', NULL, NULL, '2025-09-17 13:52:11', '2025-09-17 13:52:11', 'E48'),
(18001, 50, 7, '2025-09-16', 1, 0.000000, 1, 'shift', NULL, NULL, '2025-09-17 13:52:11', '2025-09-17 13:52:11', 'E49'),
(18002, 51, 7, '2025-09-16', 1, 0.000000, 1, 'shift', NULL, NULL, '2025-09-17 13:52:11', '2025-09-17 13:52:11', 'E50'),
(18003, 52, 7, '2025-09-16', 1, 0.000000, 1, 'shift', NULL, NULL, '2025-09-17 13:52:11', '2025-09-17 13:52:11', 'E51'),
(18004, 53, 7, '2025-09-16', 1, 46.900000, 1, 'shift', NULL, NULL, '2025-09-17 13:52:11', '2025-09-17 13:52:11', 'E52'),
(18005, 271, 7, '2025-09-16', 1, 1500.000000, 1, 'shift', NULL, NULL, '2025-09-17 13:52:11', '2025-09-17 13:52:11', 'E12'),
(18006, 272, 7, '2025-09-16', 1, 232.000000, 1, 'shift', NULL, NULL, '2025-09-17 13:52:11', '2025-09-17 13:52:11', 'E13'),
(18007, 26, 8, '2025-09-16', 1, 0.000000, 1, 'shift', NULL, NULL, '2025-09-17 13:52:11', '2025-09-17 13:52:11', 'F11'),
(18008, 27, 8, '2025-09-16', 1, 0.000000, 1, 'shift', NULL, NULL, '2025-09-17 13:52:11', '2025-09-17 13:52:11', 'F13'),
(18009, 28, 8, '2025-09-16', 1, 8.000000, 1, 'shift', NULL, NULL, '2025-09-17 13:52:11', '2025-09-17 13:52:11', 'F15'),
(18010, 29, 8, '2025-09-16', 1, 0.000000, 1, 'shift', NULL, NULL, '2025-09-17 13:52:11', '2025-09-17 13:52:11', 'F17'),
(18011, 30, 8, '2025-09-16', 1, 0.000000, 1, 'shift', NULL, NULL, '2025-09-17 13:52:11', '2025-09-17 13:52:11', 'F18'),
(18012, 37, 8, '2025-09-16', 1, 20.000000, 1, 'shift', NULL, NULL, '2025-09-17 13:52:11', '2025-09-17 13:52:11', 'F30'),
(18013, 31, 8, '2025-09-16', 1, 0.000000, 1, 'shift', NULL, NULL, '2025-09-17 13:52:11', '2025-09-17 13:52:11', 'F19'),
(18014, 32, 8, '2025-09-16', 1, 0.000000, 1, 'shift', NULL, NULL, '2025-09-17 13:52:11', '2025-09-17 13:52:11', 'F20'),
(18015, 33, 8, '2025-09-16', 1, 0.000000, 1, 'shift', NULL, NULL, '2025-09-17 13:52:11', '2025-09-17 13:52:11', 'F21'),
(18016, 34, 8, '2025-09-16', 1, 0.000000, 1, 'shift', NULL, NULL, '2025-09-17 13:52:11', '2025-09-17 13:52:11', 'F22'),
(18017, 35, 8, '2025-09-16', 1, 0.000000, 1, 'shift', NULL, NULL, '2025-09-17 13:52:11', '2025-09-17 13:52:11', 'F26'),
(18018, 36, 8, '2025-09-16', 1, 0.000000, 1, 'shift', NULL, NULL, '2025-09-17 13:52:11', '2025-09-17 13:52:11', 'F29'),
(18019, 38, 8, '2025-09-16', 1, 0.000000, 1, 'shift', NULL, NULL, '2025-09-17 13:52:11', '2025-09-17 13:52:11', 'F31'),
(18020, 39, 8, '2025-09-16', 1, 0.000000, 1, 'shift', NULL, NULL, '2025-09-17 13:52:11', '2025-09-17 13:52:11', 'F33'),
(18021, 40, 8, '2025-09-16', 1, 0.000000, 1, 'shift', NULL, NULL, '2025-09-17 13:52:12', '2025-09-17 13:52:12', 'F34'),
(18022, 41, 8, '2025-09-16', 1, 0.000000, 1, 'shift', NULL, NULL, '2025-09-17 13:52:12', '2025-09-17 13:52:12', 'F35'),
(18023, 42, 8, '2025-09-16', 1, 0.000000, 1, 'shift', NULL, NULL, '2025-09-17 13:52:12', '2025-09-17 13:52:12', 'F36'),
(18024, 43, 8, '2025-09-16', 1, 46.900000, 1, 'shift', NULL, NULL, '2025-09-17 13:52:12', '2025-09-17 13:52:12', 'F37'),
(18025, 44, 8, '2025-09-16', 1, 46.900000, 1, 'shift', NULL, NULL, '2025-09-17 13:52:12', '2025-09-17 13:52:12', 'F39'),
(18026, 45, 8, '2025-09-16', 1, 1.120000, 1, 'shift', NULL, NULL, '2025-09-17 13:52:12', '2025-09-17 13:52:12', 'F41'),
(18027, 46, 8, '2025-09-16', 1, 0.000000, 1, 'shift', NULL, NULL, '2025-09-17 13:52:12', '2025-09-17 13:52:12', 'F42'),
(18028, 47, 8, '2025-09-16', 1, 0.450000, 1, 'shift', NULL, NULL, '2025-09-17 13:52:12', '2025-09-17 13:52:12', 'F44'),
(18029, 48, 8, '2025-09-16', 1, 0.000000, 1, 'shift', NULL, NULL, '2025-09-17 13:52:12', '2025-09-17 13:52:12', 'F45'),
(18030, 49, 8, '2025-09-16', 1, 1.630000, 1, 'shift', NULL, NULL, '2025-09-17 13:52:12', '2025-09-17 13:52:12', 'F48'),
(18031, 50, 8, '2025-09-16', 1, 0.000000, 1, 'shift', NULL, NULL, '2025-09-17 13:52:12', '2025-09-17 13:52:12', 'F49'),
(18032, 51, 8, '2025-09-16', 1, 0.000000, 1, 'shift', NULL, NULL, '2025-09-17 13:52:12', '2025-09-17 13:52:12', 'F50'),
(18033, 52, 8, '2025-09-16', 1, 0.000000, 1, 'shift', NULL, NULL, '2025-09-17 13:52:12', '2025-09-17 13:52:12', 'F51'),
(18034, 53, 8, '2025-09-16', 1, 46.900000, 1, 'shift', NULL, NULL, '2025-09-17 13:52:12', '2025-09-17 13:52:12', 'F52'),
(18035, 271, 8, '2025-09-16', 1, 2300.000000, 1, 'shift', NULL, NULL, '2025-09-17 13:52:12', '2025-09-17 13:52:12', 'F12'),
(18036, 272, 8, '2025-09-16', 1, 2242.000000, 1, 'shift', NULL, NULL, '2025-09-17 13:52:12', '2025-09-17 13:52:12', 'F13'),
(18037, 26, 9, '2025-09-16', 1, 0.000000, 1, 'shift', NULL, NULL, '2025-09-17 13:52:12', '2025-09-17 13:52:12', 'G11'),
(18038, 27, 9, '2025-09-16', 1, 0.000000, 1, 'shift', NULL, NULL, '2025-09-17 13:52:12', '2025-09-17 13:52:12', 'G13'),
(18039, 28, 9, '2025-09-16', 1, 8.000000, 1, 'shift', NULL, NULL, '2025-09-17 13:52:12', '2025-09-17 13:52:12', 'G15'),
(18040, 29, 9, '2025-09-16', 1, 0.000000, 1, 'shift', NULL, NULL, '2025-09-17 13:52:12', '2025-09-17 13:52:12', 'G17'),
(18041, 30, 9, '2025-09-16', 1, 0.000000, 1, 'shift', NULL, NULL, '2025-09-17 13:52:12', '2025-09-17 13:52:12', 'G18'),
(18042, 37, 9, '2025-09-16', 1, 20.000000, 1, 'shift', NULL, NULL, '2025-09-17 13:52:12', '2025-09-17 13:52:12', 'G30'),
(18043, 31, 9, '2025-09-16', 1, 0.000000, 1, 'shift', NULL, NULL, '2025-09-17 13:52:12', '2025-09-17 13:52:12', 'G19'),
(18044, 32, 9, '2025-09-16', 1, 0.000000, 1, 'shift', NULL, NULL, '2025-09-17 13:52:12', '2025-09-17 13:52:12', 'G20'),
(18045, 33, 9, '2025-09-16', 1, 0.000000, 1, 'shift', NULL, NULL, '2025-09-17 13:52:12', '2025-09-17 13:52:12', 'G21'),
(18046, 34, 9, '2025-09-16', 1, 0.000000, 1, 'shift', NULL, NULL, '2025-09-17 13:52:12', '2025-09-17 13:52:12', 'G22'),
(18047, 35, 9, '2025-09-16', 1, 0.000000, 1, 'shift', NULL, NULL, '2025-09-17 13:52:12', '2025-09-17 13:52:12', 'G26'),
(18048, 36, 9, '2025-09-16', 1, 0.000000, 1, 'shift', NULL, NULL, '2025-09-17 13:52:12', '2025-09-17 13:52:12', 'G29'),
(18049, 38, 9, '2025-09-16', 1, 0.000000, 1, 'shift', NULL, NULL, '2025-09-17 13:52:12', '2025-09-17 13:52:12', 'G31'),
(18050, 39, 9, '2025-09-16', 1, 0.000000, 1, 'shift', NULL, NULL, '2025-09-17 13:52:12', '2025-09-17 13:52:12', 'G33'),
(18051, 40, 9, '2025-09-16', 1, 0.000000, 1, 'shift', NULL, NULL, '2025-09-17 13:52:12', '2025-09-17 13:52:12', 'G34'),
(18052, 41, 9, '2025-09-16', 1, 0.000000, 1, 'shift', NULL, NULL, '2025-09-17 13:52:12', '2025-09-17 13:52:12', 'G35'),
(18053, 42, 9, '2025-09-16', 1, 0.000000, 1, 'shift', NULL, NULL, '2025-09-17 13:52:12', '2025-09-17 13:52:12', 'G36'),
(18054, 43, 9, '2025-09-16', 1, 0.000000, 1, 'shift', NULL, NULL, '2025-09-17 13:52:12', '2025-09-17 13:52:12', 'G37'),
(18055, 44, 9, '2025-09-16', 1, 0.000000, 1, 'shift', NULL, NULL, '2025-09-17 13:52:12', '2025-09-17 13:52:12', 'G39'),
(18056, 45, 9, '2025-09-16', 1, 2.230000, 1, 'shift', NULL, NULL, '2025-09-17 13:52:12', '2025-09-17 13:52:12', 'G41'),
(18057, 46, 9, '2025-09-16', 1, 0.000000, 1, 'shift', NULL, NULL, '2025-09-17 13:52:12', '2025-09-17 13:52:12', 'G42'),
(18058, 47, 9, '2025-09-16', 1, 0.000000, 1, 'shift', NULL, NULL, '2025-09-17 13:52:12', '2025-09-17 13:52:12', 'G44'),
(18059, 48, 9, '2025-09-16', 1, 0.000000, 1, 'shift', NULL, NULL, '2025-09-17 13:52:12', '2025-09-17 13:52:12', 'G45'),
(18060, 49, 9, '2025-09-16', 1, 3.260000, 1, 'shift', NULL, NULL, '2025-09-17 13:52:12', '2025-09-17 13:52:12', 'G48'),
(18061, 50, 9, '2025-09-16', 1, 0.000000, 1, 'shift', NULL, NULL, '2025-09-17 13:52:12', '2025-09-17 13:52:12', 'G49'),
(18062, 51, 9, '2025-09-16', 1, 0.000000, 1, 'shift', NULL, NULL, '2025-09-17 13:52:12', '2025-09-17 13:52:12', 'G50'),
(18063, 52, 9, '2025-09-16', 1, 0.000000, 1, 'shift', NULL, NULL, '2025-09-17 13:52:12', '2025-09-17 13:52:12', 'G51'),
(18064, 53, 9, '2025-09-16', 1, 0.000000, 1, 'shift', NULL, NULL, '2025-09-17 13:52:12', '2025-09-17 13:52:12', 'G52'),
(18065, 269, 9, '2025-09-16', 1, 2500.000000, 1, 'shift', NULL, NULL, '2025-09-17 13:52:12', '2025-09-17 13:52:12', 'G10'),
(18066, 270, 9, '2025-09-16', 1, 3000.000000, 1, 'shift', NULL, NULL, '2025-09-17 13:52:12', '2025-09-17 13:52:12', 'G11'),
(18067, 271, 9, '2025-09-16', 1, 3800.000000, 1, 'shift', NULL, NULL, '2025-09-17 13:52:12', '2025-09-17 13:52:12', 'G12'),
(18068, 272, 9, '2025-09-16', 1, 2474.000000, 1, 'shift', NULL, NULL, '2025-09-17 13:52:12', '2025-09-17 13:52:12', 'G13'),
(18069, 273, 7, '2025-09-16', 1, 535.710000, 1, 'shift', NULL, NULL, '2025-09-17 13:52:12', '2025-09-17 13:52:12', 'E14'),
(18070, 274, 7, '2025-09-16', 1, 99.430000, 1, 'shift', NULL, NULL, '2025-09-17 13:52:12', '2025-09-17 13:52:12', 'E15'),
(18071, 275, 7, '2025-09-16', 1, 635.140000, 1, 'shift', NULL, NULL, '2025-09-17 13:52:12', '2025-09-17 13:52:12', 'E16'),
(18072, 276, 7, '2025-09-16', 1, 0.840000, 1, 'shift', NULL, NULL, '2025-09-17 13:52:12', '2025-09-17 13:52:12', 'E17'),
(18073, 277, 7, '2025-09-16', 1, 0.000000, 1, 'shift', NULL, NULL, '2025-09-17 13:52:12', '2025-09-17 13:52:12', 'E18'),
(18074, 273, 8, '2025-09-16', 1, 821.430000, 1, 'shift', NULL, NULL, '2025-09-17 13:52:12', '2025-09-17 13:52:12', 'F14'),
(18075, 274, 8, '2025-09-16', 1, 960.860000, 1, 'shift', NULL, NULL, '2025-09-17 13:52:12', '2025-09-17 13:52:12', 'F15'),
(18076, 275, 8, '2025-09-16', 1, 1782.290000, 1, 'shift', NULL, NULL, '2025-09-17 13:52:12', '2025-09-17 13:52:12', 'F16'),
(18077, 276, 8, '2025-09-16', 1, 0.460000, 1, 'shift', NULL, NULL, '2025-09-17 13:52:12', '2025-09-17 13:52:12', 'F17'),
(18078, 277, 8, '2025-09-16', 1, 8.000000, 1, 'shift', NULL, NULL, '2025-09-17 13:52:12', '2025-09-17 13:52:12', 'F18'),
(18079, 273, 9, '2025-09-16', 1, 1357.140000, 1, 'shift', NULL, NULL, '2025-09-17 13:52:12', '2025-09-17 13:52:12', 'G14'),
(18080, 274, 9, '2025-09-16', 1, 1060.290000, 1, 'shift', NULL, NULL, '2025-09-17 13:52:12', '2025-09-17 13:52:12', 'G15'),
(18081, 275, 9, '2025-09-16', 1, 2417.430000, 1, 'shift', NULL, NULL, '2025-09-17 13:52:12', '2025-09-17 13:52:12', 'G16'),
(18082, 276, 9, '2025-09-16', 1, 0.560000, 1, 'shift', NULL, NULL, '2025-09-17 13:52:12', '2025-09-17 13:52:12', 'G17'),
(18083, 277, 9, '2025-09-16', 1, 8.000000, 1, 'shift', NULL, NULL, '2025-09-17 13:52:12', '2025-09-17 13:52:12', 'G18'),
(18084, 26, 7, '2025-09-16', 2, 0.000000, 1, 'shift', NULL, NULL, '2025-09-17 13:52:12', '2025-09-17 13:52:12', 'E11'),
(18085, 27, 7, '2025-09-16', 2, 0.000000, 1, 'shift', NULL, NULL, '2025-09-17 13:52:12', '2025-09-17 13:52:12', 'E13'),
(18086, 28, 7, '2025-09-16', 2, 0.000000, 1, 'shift', NULL, NULL, '2025-09-17 13:52:12', '2025-09-17 13:52:12', 'E15'),
(18087, 29, 7, '2025-09-16', 2, 0.000000, 1, 'shift', NULL, NULL, '2025-09-17 13:52:12', '2025-09-17 13:52:12', 'E17'),
(18088, 30, 7, '2025-09-16', 2, 0.000000, 1, 'shift', NULL, NULL, '2025-09-17 13:52:12', '2025-09-17 13:52:12', 'E18'),
(18089, 37, 7, '2025-09-16', 2, 0.000000, 1, 'shift', NULL, NULL, '2025-09-17 13:52:12', '2025-09-17 13:52:12', 'E30'),
(18090, 31, 7, '2025-09-16', 2, 0.000000, 1, 'shift', NULL, NULL, '2025-09-17 13:52:12', '2025-09-17 13:52:12', 'E19'),
(18091, 32, 7, '2025-09-16', 2, 0.000000, 1, 'shift', NULL, NULL, '2025-09-17 13:52:12', '2025-09-17 13:52:12', 'E20'),
(18092, 33, 7, '2025-09-16', 2, 0.000000, 1, 'shift', NULL, NULL, '2025-09-17 13:52:12', '2025-09-17 13:52:12', 'E21'),
(18093, 34, 7, '2025-09-16', 2, 0.000000, 1, 'shift', NULL, NULL, '2025-09-17 13:52:12', '2025-09-17 13:52:12', 'E22'),
(18094, 35, 7, '2025-09-16', 2, 0.000000, 1, 'shift', NULL, NULL, '2025-09-17 13:52:12', '2025-09-17 13:52:12', 'E26'),
(18095, 36, 7, '2025-09-16', 2, 0.000000, 1, 'shift', NULL, NULL, '2025-09-17 13:52:12', '2025-09-17 13:52:12', 'E29'),
(18096, 38, 7, '2025-09-16', 2, 0.000000, 1, 'shift', NULL, NULL, '2025-09-17 13:52:12', '2025-09-17 13:52:12', 'E31'),
(18097, 39, 7, '2025-09-16', 2, 0.000000, 1, 'shift', NULL, NULL, '2025-09-17 13:52:12', '2025-09-17 13:52:12', 'E33'),
(18098, 40, 7, '2025-09-16', 2, 0.000000, 1, 'shift', NULL, NULL, '2025-09-17 13:52:12', '2025-09-17 13:52:12', 'E34'),
(18099, 41, 7, '2025-09-16', 2, 0.000000, 1, 'shift', NULL, NULL, '2025-09-17 13:52:12', '2025-09-17 13:52:12', 'E35'),
(18100, 42, 7, '2025-09-16', 2, 0.000000, 1, 'shift', NULL, NULL, '2025-09-17 13:52:12', '2025-09-17 13:52:12', 'E36'),
(18101, 43, 7, '2025-09-16', 2, 46.900000, 1, 'shift', NULL, NULL, '2025-09-17 13:52:12', '2025-09-17 13:52:12', 'E37'),
(18102, 44, 7, '2025-09-16', 2, 46.900000, 1, 'shift', NULL, NULL, '2025-09-17 13:52:12', '2025-09-17 13:52:12', 'E39'),
(18103, 45, 7, '2025-09-16', 2, 1.120000, 1, 'shift', NULL, NULL, '2025-09-17 13:52:12', '2025-09-17 13:52:12', 'E41'),
(18104, 46, 7, '2025-09-16', 2, 0.000000, 1, 'shift', NULL, NULL, '2025-09-17 13:52:12', '2025-09-17 13:52:12', 'E42'),
(18105, 47, 7, '2025-09-16', 2, 0.450000, 1, 'shift', NULL, NULL, '2025-09-17 13:52:12', '2025-09-17 13:52:12', 'E44'),
(18106, 48, 7, '2025-09-16', 2, 0.000000, 1, 'shift', NULL, NULL, '2025-09-17 13:52:12', '2025-09-17 13:52:12', 'E45'),
(18107, 49, 7, '2025-09-16', 2, 1.630000, 1, 'shift', NULL, NULL, '2025-09-17 13:52:12', '2025-09-17 13:52:12', 'E48'),
(18108, 50, 7, '2025-09-16', 2, 0.000000, 1, 'shift', NULL, NULL, '2025-09-17 13:52:12', '2025-09-17 13:52:12', 'E49'),
(18109, 51, 7, '2025-09-16', 2, 0.000000, 1, 'shift', NULL, NULL, '2025-09-17 13:52:12', '2025-09-17 13:52:12', 'E50'),
(18110, 52, 7, '2025-09-16', 2, 0.000000, 1, 'shift', NULL, NULL, '2025-09-17 13:52:12', '2025-09-17 13:52:12', 'E51'),
(18111, 53, 7, '2025-09-16', 2, 46.900000, 1, 'shift', NULL, NULL, '2025-09-17 13:52:12', '2025-09-17 13:52:12', 'E52'),
(18112, 26, 8, '2025-09-16', 2, 0.000000, 1, 'shift', NULL, NULL, '2025-09-17 13:52:12', '2025-09-17 13:52:12', 'F11'),
(18113, 27, 8, '2025-09-16', 2, 0.000000, 1, 'shift', NULL, NULL, '2025-09-17 13:52:12', '2025-09-17 13:52:12', 'F13'),
(18114, 28, 8, '2025-09-16', 2, 8.000000, 1, 'shift', NULL, NULL, '2025-09-17 13:52:12', '2025-09-17 13:52:12', 'F15'),
(18115, 29, 8, '2025-09-16', 2, 0.000000, 1, 'shift', NULL, NULL, '2025-09-17 13:52:12', '2025-09-17 13:52:12', 'F17'),
(18116, 30, 8, '2025-09-16', 2, 0.000000, 1, 'shift', NULL, NULL, '2025-09-17 13:52:12', '2025-09-17 13:52:12', 'F18'),
(18117, 37, 8, '2025-09-16', 2, 20.000000, 1, 'shift', NULL, NULL, '2025-09-17 13:52:12', '2025-09-17 13:52:12', 'F30'),
(18118, 31, 8, '2025-09-16', 2, 0.000000, 1, 'shift', NULL, NULL, '2025-09-17 13:52:12', '2025-09-17 13:52:12', 'F19'),
(18119, 32, 8, '2025-09-16', 2, 0.000000, 1, 'shift', NULL, NULL, '2025-09-17 13:52:12', '2025-09-17 13:52:12', 'F20'),
(18120, 33, 8, '2025-09-16', 2, 0.000000, 1, 'shift', NULL, NULL, '2025-09-17 13:52:12', '2025-09-17 13:52:12', 'F21'),
(18121, 34, 8, '2025-09-16', 2, 0.000000, 1, 'shift', NULL, NULL, '2025-09-17 13:52:12', '2025-09-17 13:52:12', 'F22'),
(18122, 35, 8, '2025-09-16', 2, 0.000000, 1, 'shift', NULL, NULL, '2025-09-17 13:52:12', '2025-09-17 13:52:12', 'F26'),
(18123, 36, 8, '2025-09-16', 2, 0.000000, 1, 'shift', NULL, NULL, '2025-09-17 13:52:12', '2025-09-17 13:52:12', 'F29'),
(18124, 38, 8, '2025-09-16', 2, 0.000000, 1, 'shift', NULL, NULL, '2025-09-17 13:52:12', '2025-09-17 13:52:12', 'F31'),
(18125, 39, 8, '2025-09-16', 2, 0.000000, 1, 'shift', NULL, NULL, '2025-09-17 13:52:12', '2025-09-17 13:52:12', 'F33'),
(18126, 40, 8, '2025-09-16', 2, 0.000000, 1, 'shift', NULL, NULL, '2025-09-17 13:52:12', '2025-09-17 13:52:12', 'F34'),
(18127, 41, 8, '2025-09-16', 2, 0.000000, 1, 'shift', NULL, NULL, '2025-09-17 13:52:12', '2025-09-17 13:52:12', 'F35'),
(18128, 42, 8, '2025-09-16', 2, 0.000000, 1, 'shift', NULL, NULL, '2025-09-17 13:52:12', '2025-09-17 13:52:12', 'F36'),
(18129, 43, 8, '2025-09-16', 2, 46.900000, 1, 'shift', NULL, NULL, '2025-09-17 13:52:12', '2025-09-17 13:52:12', 'F37'),
(18130, 44, 8, '2025-09-16', 2, 46.900000, 1, 'shift', NULL, NULL, '2025-09-17 13:52:12', '2025-09-17 13:52:12', 'F39'),
(18131, 45, 8, '2025-09-16', 2, 1.120000, 1, 'shift', NULL, NULL, '2025-09-17 13:52:12', '2025-09-17 13:52:12', 'F41'),
(18132, 46, 8, '2025-09-16', 2, 0.000000, 1, 'shift', NULL, NULL, '2025-09-17 13:52:12', '2025-09-17 13:52:12', 'F42'),
(18133, 47, 8, '2025-09-16', 2, 0.450000, 1, 'shift', NULL, NULL, '2025-09-17 13:52:12', '2025-09-17 13:52:12', 'F44'),
(18134, 48, 8, '2025-09-16', 2, 0.000000, 1, 'shift', NULL, NULL, '2025-09-17 13:52:12', '2025-09-17 13:52:12', 'F45'),
(18135, 49, 8, '2025-09-16', 2, 1.630000, 1, 'shift', NULL, NULL, '2025-09-17 13:52:12', '2025-09-17 13:52:12', 'F48'),
(18136, 50, 8, '2025-09-16', 2, 0.000000, 1, 'shift', NULL, NULL, '2025-09-17 13:52:12', '2025-09-17 13:52:12', 'F49'),
(18137, 51, 8, '2025-09-16', 2, 0.000000, 1, 'shift', NULL, NULL, '2025-09-17 13:52:12', '2025-09-17 13:52:12', 'F50'),
(18138, 52, 8, '2025-09-16', 2, 0.000000, 1, 'shift', NULL, NULL, '2025-09-17 13:52:12', '2025-09-17 13:52:12', 'F51'),
(18139, 53, 8, '2025-09-16', 2, 46.900000, 1, 'shift', NULL, NULL, '2025-09-17 13:52:12', '2025-09-17 13:52:12', 'F52'),
(18140, 26, 9, '2025-09-16', 2, 0.000000, 1, 'shift', NULL, NULL, '2025-09-17 13:52:12', '2025-09-17 13:52:12', 'G11'),
(18141, 27, 9, '2025-09-16', 2, 0.000000, 1, 'shift', NULL, NULL, '2025-09-17 13:52:12', '2025-09-17 13:52:12', 'G13'),
(18142, 28, 9, '2025-09-16', 2, 8.000000, 1, 'shift', NULL, NULL, '2025-09-17 13:52:12', '2025-09-17 13:52:12', 'G15'),
(18143, 29, 9, '2025-09-16', 2, 0.000000, 1, 'shift', NULL, NULL, '2025-09-17 13:52:12', '2025-09-17 13:52:12', 'G17'),
(18144, 30, 9, '2025-09-16', 2, 0.000000, 1, 'shift', NULL, NULL, '2025-09-17 13:52:12', '2025-09-17 13:52:12', 'G18'),
(18145, 37, 9, '2025-09-16', 2, 20.000000, 1, 'shift', NULL, NULL, '2025-09-17 13:52:12', '2025-09-17 13:52:12', 'G30'),
(18146, 31, 9, '2025-09-16', 2, 0.000000, 1, 'shift', NULL, NULL, '2025-09-17 13:52:12', '2025-09-17 13:52:12', 'G19'),
(18147, 32, 9, '2025-09-16', 2, 0.000000, 1, 'shift', NULL, NULL, '2025-09-17 13:52:12', '2025-09-17 13:52:12', 'G20'),
(18148, 33, 9, '2025-09-16', 2, 0.000000, 1, 'shift', NULL, NULL, '2025-09-17 13:52:12', '2025-09-17 13:52:12', 'G21'),
(18149, 34, 9, '2025-09-16', 2, 0.000000, 1, 'shift', NULL, NULL, '2025-09-17 13:52:12', '2025-09-17 13:52:12', 'G22'),
(18150, 35, 9, '2025-09-16', 2, 0.000000, 1, 'shift', NULL, NULL, '2025-09-17 13:52:12', '2025-09-17 13:52:12', 'G26'),
(18151, 36, 9, '2025-09-16', 2, 0.000000, 1, 'shift', NULL, NULL, '2025-09-17 13:52:12', '2025-09-17 13:52:12', 'G29'),
(18152, 38, 9, '2025-09-16', 2, 0.000000, 1, 'shift', NULL, NULL, '2025-09-17 13:52:12', '2025-09-17 13:52:12', 'G31'),
(18153, 39, 9, '2025-09-16', 2, 0.000000, 1, 'shift', NULL, NULL, '2025-09-17 13:52:12', '2025-09-17 13:52:12', 'G33'),
(18154, 40, 9, '2025-09-16', 2, 0.000000, 1, 'shift', NULL, NULL, '2025-09-17 13:52:12', '2025-09-17 13:52:12', 'G34'),
(18155, 41, 9, '2025-09-16', 2, 0.000000, 1, 'shift', NULL, NULL, '2025-09-17 13:52:12', '2025-09-17 13:52:12', 'G35'),
(18156, 42, 9, '2025-09-16', 2, 0.000000, 1, 'shift', NULL, NULL, '2025-09-17 13:52:12', '2025-09-17 13:52:12', 'G36'),
(18157, 43, 9, '2025-09-16', 2, 0.000000, 1, 'shift', NULL, NULL, '2025-09-17 13:52:12', '2025-09-17 13:52:12', 'G37'),
(18158, 44, 9, '2025-09-16', 2, 0.000000, 1, 'shift', NULL, NULL, '2025-09-17 13:52:12', '2025-09-17 13:52:12', 'G39'),
(18159, 45, 9, '2025-09-16', 2, 2.230000, 1, 'shift', NULL, NULL, '2025-09-17 13:52:12', '2025-09-17 13:52:12', 'G41'),
(18160, 46, 9, '2025-09-16', 2, 0.000000, 1, 'shift', NULL, NULL, '2025-09-17 13:52:12', '2025-09-17 13:52:12', 'G42'),
(18161, 47, 9, '2025-09-16', 2, 0.000000, 1, 'shift', NULL, NULL, '2025-09-17 13:52:12', '2025-09-17 13:52:12', 'G44'),
(18162, 48, 9, '2025-09-16', 2, 0.000000, 1, 'shift', NULL, NULL, '2025-09-17 13:52:12', '2025-09-17 13:52:12', 'G45'),
(18163, 49, 9, '2025-09-16', 2, 3.260000, 1, 'shift', NULL, NULL, '2025-09-17 13:52:12', '2025-09-17 13:52:12', 'G48'),
(18164, 50, 9, '2025-09-16', 2, 0.000000, 1, 'shift', NULL, NULL, '2025-09-17 13:52:12', '2025-09-17 13:52:12', 'G49'),
(18165, 51, 9, '2025-09-16', 2, 0.000000, 1, 'shift', NULL, NULL, '2025-09-17 13:52:12', '2025-09-17 13:52:12', 'G50'),
(18166, 52, 9, '2025-09-16', 2, 0.000000, 1, 'shift', NULL, NULL, '2025-09-17 13:52:12', '2025-09-17 13:52:12', 'G51'),
(18167, 53, 9, '2025-09-16', 2, 0.000000, 1, 'shift', NULL, NULL, '2025-09-17 13:52:12', '2025-09-17 13:52:12', 'G52'),
(18168, 269, 9, '2025-09-16', 2, 1000.000000, 1, 'shift', NULL, NULL, '2025-09-17 13:52:12', '2025-09-17 13:52:12', 'G10'),
(18169, 270, 9, '2025-09-16', 2, 1599.000000, 1, 'shift', NULL, NULL, '2025-09-17 13:52:12', '2025-09-17 13:52:12', 'G11'),
(18170, 271, 9, '2025-09-16', 2, 0.000000, 1, 'shift', NULL, NULL, '2025-09-17 13:52:12', '2025-09-17 13:52:12', 'G12'),
(18171, 272, 9, '2025-09-16', 2, 0.000000, 1, 'shift', NULL, NULL, '2025-09-17 13:52:12', '2025-09-17 13:52:12', 'G13'),
(18172, 275, 7, '2025-09-16', 2, 0.000000, 1, 'shift', NULL, NULL, '2025-09-17 13:52:12', '2025-09-17 13:52:12', 'E16'),
(18173, 277, 7, '2025-09-16', 2, 0.000000, 1, 'shift', NULL, NULL, '2025-09-17 13:52:12', '2025-09-17 13:52:12', 'E18'),
(18174, 275, 8, '2025-09-16', 2, 0.000000, 1, 'shift', NULL, NULL, '2025-09-17 13:52:12', '2025-09-17 13:52:12', 'F16'),
(18175, 277, 8, '2025-09-16', 2, 8.000000, 1, 'shift', NULL, NULL, '2025-09-17 13:52:12', '2025-09-17 13:52:12', 'F18'),
(18176, 275, 9, '2025-09-16', 2, 0.000000, 1, 'shift', NULL, NULL, '2025-09-17 13:52:12', '2025-09-17 13:52:12', 'G16'),
(18177, 277, 9, '2025-09-16', 2, 8.000000, 1, 'shift', NULL, NULL, '2025-09-17 13:52:12', '2025-09-17 13:52:12', 'G18'),
(18178, 26, 7, '2025-09-16', 3, 0.000000, 1, 'shift', NULL, NULL, '2025-09-17 13:52:12', '2025-09-17 13:52:12', 'E11'),
(18179, 27, 7, '2025-09-16', 3, 0.000000, 1, 'shift', NULL, NULL, '2025-09-17 13:52:12', '2025-09-17 13:52:12', 'E13'),
(18180, 28, 7, '2025-09-16', 3, 0.000000, 1, 'shift', NULL, NULL, '2025-09-17 13:52:12', '2025-09-17 13:52:12', 'E15'),
(18181, 29, 7, '2025-09-16', 3, 0.000000, 1, 'shift', NULL, NULL, '2025-09-17 13:52:12', '2025-09-17 13:52:12', 'E17'),
(18182, 30, 7, '2025-09-16', 3, 0.000000, 1, 'shift', NULL, NULL, '2025-09-17 13:52:12', '2025-09-17 13:52:12', 'E18'),
(18183, 37, 7, '2025-09-16', 3, 0.000000, 1, 'shift', NULL, NULL, '2025-09-17 13:52:12', '2025-09-17 13:52:12', 'E30'),
(18184, 31, 7, '2025-09-16', 3, 0.000000, 1, 'shift', NULL, NULL, '2025-09-17 13:52:12', '2025-09-17 13:52:12', 'E19'),
(18185, 32, 7, '2025-09-16', 3, 0.000000, 1, 'shift', NULL, NULL, '2025-09-17 13:52:12', '2025-09-17 13:52:12', 'E20'),
(18186, 33, 7, '2025-09-16', 3, 0.000000, 1, 'shift', NULL, NULL, '2025-09-17 13:52:12', '2025-09-17 13:52:12', 'E21'),
(18187, 34, 7, '2025-09-16', 3, 0.000000, 1, 'shift', NULL, NULL, '2025-09-17 13:52:12', '2025-09-17 13:52:12', 'E22'),
(18188, 35, 7, '2025-09-16', 3, 0.000000, 1, 'shift', NULL, NULL, '2025-09-17 13:52:12', '2025-09-17 13:52:12', 'E26'),
(18189, 36, 7, '2025-09-16', 3, 0.000000, 1, 'shift', NULL, NULL, '2025-09-17 13:52:12', '2025-09-17 13:52:12', 'E29'),
(18190, 38, 7, '2025-09-16', 3, 0.000000, 1, 'shift', NULL, NULL, '2025-09-17 13:52:12', '2025-09-17 13:52:12', 'E31'),
(18191, 39, 7, '2025-09-16', 3, 0.000000, 1, 'shift', NULL, NULL, '2025-09-17 13:52:12', '2025-09-17 13:52:12', 'E33'),
(18192, 40, 7, '2025-09-16', 3, 0.000000, 1, 'shift', NULL, NULL, '2025-09-17 13:52:12', '2025-09-17 13:52:12', 'E34'),
(18193, 41, 7, '2025-09-16', 3, 0.000000, 1, 'shift', NULL, NULL, '2025-09-17 13:52:12', '2025-09-17 13:52:12', 'E35'),
(18194, 42, 7, '2025-09-16', 3, 0.000000, 1, 'shift', NULL, NULL, '2025-09-17 13:52:12', '2025-09-17 13:52:12', 'E36'),
(18195, 43, 7, '2025-09-16', 3, 46.900000, 1, 'shift', NULL, NULL, '2025-09-17 13:52:12', '2025-09-17 13:52:12', 'E37'),
(18196, 44, 7, '2025-09-16', 3, 46.900000, 1, 'shift', NULL, NULL, '2025-09-17 13:52:12', '2025-09-17 13:52:12', 'E39'),
(18197, 45, 7, '2025-09-16', 3, 1.120000, 1, 'shift', NULL, NULL, '2025-09-17 13:52:12', '2025-09-17 13:52:12', 'E41'),
(18198, 46, 7, '2025-09-16', 3, 0.000000, 1, 'shift', NULL, NULL, '2025-09-17 13:52:12', '2025-09-17 13:52:12', 'E42'),
(18199, 47, 7, '2025-09-16', 3, 0.450000, 1, 'shift', NULL, NULL, '2025-09-17 13:52:12', '2025-09-17 13:52:12', 'E44'),
(18200, 48, 7, '2025-09-16', 3, 0.000000, 1, 'shift', NULL, NULL, '2025-09-17 13:52:12', '2025-09-17 13:52:12', 'E45'),
(18201, 49, 7, '2025-09-16', 3, 1.630000, 1, 'shift', NULL, NULL, '2025-09-17 13:52:12', '2025-09-17 13:52:12', 'E48'),
(18202, 50, 7, '2025-09-16', 3, 0.000000, 1, 'shift', NULL, NULL, '2025-09-17 13:52:12', '2025-09-17 13:52:12', 'E49'),
(18203, 51, 7, '2025-09-16', 3, 0.000000, 1, 'shift', NULL, NULL, '2025-09-17 13:52:12', '2025-09-17 13:52:12', 'E50'),
(18204, 52, 7, '2025-09-16', 3, 0.000000, 1, 'shift', NULL, NULL, '2025-09-17 13:52:12', '2025-09-17 13:52:12', 'E51'),
(18205, 53, 7, '2025-09-16', 3, 46.900000, 1, 'shift', NULL, NULL, '2025-09-17 13:52:12', '2025-09-17 13:52:12', 'E52'),
(18206, 26, 8, '2025-09-16', 3, 0.000000, 1, 'shift', NULL, NULL, '2025-09-17 13:52:12', '2025-09-17 13:52:12', 'F11'),
(18207, 27, 8, '2025-09-16', 3, 0.000000, 1, 'shift', NULL, NULL, '2025-09-17 13:52:12', '2025-09-17 13:52:12', 'F13'),
(18208, 28, 8, '2025-09-16', 3, 8.000000, 1, 'shift', NULL, NULL, '2025-09-17 13:52:12', '2025-09-17 13:52:12', 'F15'),
(18209, 29, 8, '2025-09-16', 3, 0.000000, 1, 'shift', NULL, NULL, '2025-09-17 13:52:12', '2025-09-17 13:52:12', 'F17'),
(18210, 30, 8, '2025-09-16', 3, 0.000000, 1, 'shift', NULL, NULL, '2025-09-17 13:52:12', '2025-09-17 13:52:12', 'F18'),
(18211, 37, 8, '2025-09-16', 3, 20.000000, 1, 'shift', NULL, NULL, '2025-09-17 13:52:12', '2025-09-17 13:52:12', 'F30'),
(18212, 31, 8, '2025-09-16', 3, 0.000000, 1, 'shift', NULL, NULL, '2025-09-17 13:52:12', '2025-09-17 13:52:12', 'F19'),
(18213, 32, 8, '2025-09-16', 3, 0.000000, 1, 'shift', NULL, NULL, '2025-09-17 13:52:12', '2025-09-17 13:52:12', 'F20'),
(18214, 33, 8, '2025-09-16', 3, 0.000000, 1, 'shift', NULL, NULL, '2025-09-17 13:52:12', '2025-09-17 13:52:12', 'F21'),
(18215, 34, 8, '2025-09-16', 3, 0.000000, 1, 'shift', NULL, NULL, '2025-09-17 13:52:12', '2025-09-17 13:52:12', 'F22'),
(18216, 35, 8, '2025-09-16', 3, 0.000000, 1, 'shift', NULL, NULL, '2025-09-17 13:52:12', '2025-09-17 13:52:12', 'F26'),
(18217, 36, 8, '2025-09-16', 3, 0.000000, 1, 'shift', NULL, NULL, '2025-09-17 13:52:12', '2025-09-17 13:52:12', 'F29'),
(18218, 38, 8, '2025-09-16', 3, 0.000000, 1, 'shift', NULL, NULL, '2025-09-17 13:52:12', '2025-09-17 13:52:12', 'F31'),
(18219, 39, 8, '2025-09-16', 3, 0.000000, 1, 'shift', NULL, NULL, '2025-09-17 13:52:12', '2025-09-17 13:52:12', 'F33'),
(18220, 40, 8, '2025-09-16', 3, 0.000000, 1, 'shift', NULL, NULL, '2025-09-17 13:52:12', '2025-09-17 13:52:12', 'F34'),
(18221, 41, 8, '2025-09-16', 3, 0.000000, 1, 'shift', NULL, NULL, '2025-09-17 13:52:12', '2025-09-17 13:52:12', 'F35'),
(18222, 42, 8, '2025-09-16', 3, 0.000000, 1, 'shift', NULL, NULL, '2025-09-17 13:52:12', '2025-09-17 13:52:12', 'F36'),
(18223, 43, 8, '2025-09-16', 3, 46.900000, 1, 'shift', NULL, NULL, '2025-09-17 13:52:12', '2025-09-17 13:52:12', 'F37'),
(18224, 44, 8, '2025-09-16', 3, 46.900000, 1, 'shift', NULL, NULL, '2025-09-17 13:52:12', '2025-09-17 13:52:12', 'F39'),
(18225, 45, 8, '2025-09-16', 3, 1.120000, 1, 'shift', NULL, NULL, '2025-09-17 13:52:12', '2025-09-17 13:52:12', 'F41'),
(18226, 46, 8, '2025-09-16', 3, 0.000000, 1, 'shift', NULL, NULL, '2025-09-17 13:52:12', '2025-09-17 13:52:12', 'F42'),
(18227, 47, 8, '2025-09-16', 3, 0.450000, 1, 'shift', NULL, NULL, '2025-09-17 13:52:12', '2025-09-17 13:52:12', 'F44'),
(18228, 48, 8, '2025-09-16', 3, 0.000000, 1, 'shift', NULL, NULL, '2025-09-17 13:52:12', '2025-09-17 13:52:12', 'F45'),
(18229, 49, 8, '2025-09-16', 3, 1.630000, 1, 'shift', NULL, NULL, '2025-09-17 13:52:12', '2025-09-17 13:52:12', 'F48'),
(18230, 50, 8, '2025-09-16', 3, 0.000000, 1, 'shift', NULL, NULL, '2025-09-17 13:52:12', '2025-09-17 13:52:12', 'F49'),
(18231, 51, 8, '2025-09-16', 3, 0.000000, 1, 'shift', NULL, NULL, '2025-09-17 13:52:12', '2025-09-17 13:52:12', 'F50'),
(18232, 52, 8, '2025-09-16', 3, 0.000000, 1, 'shift', NULL, NULL, '2025-09-17 13:52:12', '2025-09-17 13:52:12', 'F51'),
(18233, 53, 8, '2025-09-16', 3, 46.900000, 1, 'shift', NULL, NULL, '2025-09-17 13:52:12', '2025-09-17 13:52:12', 'F52'),
(18234, 26, 9, '2025-09-16', 3, 0.000000, 1, 'shift', NULL, NULL, '2025-09-17 13:52:12', '2025-09-17 13:52:12', 'G11'),
(18235, 27, 9, '2025-09-16', 3, 0.000000, 1, 'shift', NULL, NULL, '2025-09-17 13:52:12', '2025-09-17 13:52:12', 'G13'),
(18236, 28, 9, '2025-09-16', 3, 8.000000, 1, 'shift', NULL, NULL, '2025-09-17 13:52:12', '2025-09-17 13:52:12', 'G15'),
(18237, 29, 9, '2025-09-16', 3, 0.000000, 1, 'shift', NULL, NULL, '2025-09-17 13:52:12', '2025-09-17 13:52:12', 'G17'),
(18238, 30, 9, '2025-09-16', 3, 0.000000, 1, 'shift', NULL, NULL, '2025-09-17 13:52:12', '2025-09-17 13:52:12', 'G18'),
(18239, 37, 9, '2025-09-16', 3, 20.000000, 1, 'shift', NULL, NULL, '2025-09-17 13:52:12', '2025-09-17 13:52:12', 'G30'),
(18240, 31, 9, '2025-09-16', 3, 0.000000, 1, 'shift', NULL, NULL, '2025-09-17 13:52:12', '2025-09-17 13:52:12', 'G19'),
(18241, 32, 9, '2025-09-16', 3, 0.000000, 1, 'shift', NULL, NULL, '2025-09-17 13:52:12', '2025-09-17 13:52:12', 'G20'),
(18242, 33, 9, '2025-09-16', 3, 0.000000, 1, 'shift', NULL, NULL, '2025-09-17 13:52:12', '2025-09-17 13:52:12', 'G21'),
(18243, 34, 9, '2025-09-16', 3, 0.000000, 1, 'shift', NULL, NULL, '2025-09-17 13:52:12', '2025-09-17 13:52:12', 'G22'),
(18244, 35, 9, '2025-09-16', 3, 0.000000, 1, 'shift', NULL, NULL, '2025-09-17 13:52:12', '2025-09-17 13:52:12', 'G26'),
(18245, 36, 9, '2025-09-16', 3, 0.000000, 1, 'shift', NULL, NULL, '2025-09-17 13:52:12', '2025-09-17 13:52:12', 'G29'),
(18246, 38, 9, '2025-09-16', 3, 0.000000, 1, 'shift', NULL, NULL, '2025-09-17 13:52:12', '2025-09-17 13:52:12', 'G31'),
(18247, 39, 9, '2025-09-16', 3, 0.000000, 1, 'shift', NULL, NULL, '2025-09-17 13:52:12', '2025-09-17 13:52:12', 'G33'),
(18248, 40, 9, '2025-09-16', 3, 0.000000, 1, 'shift', NULL, NULL, '2025-09-17 13:52:12', '2025-09-17 13:52:12', 'G34'),
(18249, 41, 9, '2025-09-16', 3, 0.000000, 1, 'shift', NULL, NULL, '2025-09-17 13:52:12', '2025-09-17 13:52:12', 'G35'),
(18250, 42, 9, '2025-09-16', 3, 0.000000, 1, 'shift', NULL, NULL, '2025-09-17 13:52:12', '2025-09-17 13:52:12', 'G36'),
(18251, 43, 9, '2025-09-16', 3, 0.000000, 1, 'shift', NULL, NULL, '2025-09-17 13:52:12', '2025-09-17 13:52:12', 'G37'),
(18252, 44, 9, '2025-09-16', 3, 0.000000, 1, 'shift', NULL, NULL, '2025-09-17 13:52:12', '2025-09-17 13:52:12', 'G39'),
(18253, 45, 9, '2025-09-16', 3, 2.230000, 1, 'shift', NULL, NULL, '2025-09-17 13:52:12', '2025-09-17 13:52:12', 'G41'),
(18254, 46, 9, '2025-09-16', 3, 0.000000, 1, 'shift', NULL, NULL, '2025-09-17 13:52:12', '2025-09-17 13:52:12', 'G42'),
(18255, 47, 9, '2025-09-16', 3, 0.000000, 1, 'shift', NULL, NULL, '2025-09-17 13:52:12', '2025-09-17 13:52:12', 'G44'),
(18256, 48, 9, '2025-09-16', 3, 0.000000, 1, 'shift', NULL, NULL, '2025-09-17 13:52:12', '2025-09-17 13:52:12', 'G45'),
(18257, 49, 9, '2025-09-16', 3, 3.260000, 1, 'shift', NULL, NULL, '2025-09-17 13:52:12', '2025-09-17 13:52:12', 'G48'),
(18258, 50, 9, '2025-09-16', 3, 0.000000, 1, 'shift', NULL, NULL, '2025-09-17 13:52:12', '2025-09-17 13:52:12', 'G49'),
(18259, 51, 9, '2025-09-16', 3, 0.000000, 1, 'shift', NULL, NULL, '2025-09-17 13:52:12', '2025-09-17 13:52:12', 'G50'),
(18260, 52, 9, '2025-09-16', 3, 0.000000, 1, 'shift', NULL, NULL, '2025-09-17 13:52:12', '2025-09-17 13:52:12', 'G51'),
(18261, 53, 9, '2025-09-16', 3, 0.000000, 1, 'shift', NULL, NULL, '2025-09-17 13:52:12', '2025-09-17 13:52:12', 'G52'),
(18262, 271, 9, '2025-09-16', 3, 0.000000, 1, 'shift', NULL, NULL, '2025-09-17 13:52:12', '2025-09-17 13:52:12', 'G12'),
(18263, 272, 9, '2025-09-16', 3, 0.000000, 1, 'shift', NULL, NULL, '2025-09-17 13:52:12', '2025-09-17 13:52:12', 'G13'),
(18264, 275, 7, '2025-09-16', 3, 0.000000, 1, 'shift', NULL, NULL, '2025-09-17 13:52:12', '2025-09-17 13:52:12', 'E16'),
(18265, 277, 7, '2025-09-16', 3, 0.000000, 1, 'shift', NULL, NULL, '2025-09-17 13:52:12', '2025-09-17 13:52:12', 'E18'),
(18266, 275, 8, '2025-09-16', 3, 0.000000, 1, 'shift', NULL, NULL, '2025-09-17 13:52:12', '2025-09-17 13:52:12', 'F16'),
(18267, 277, 8, '2025-09-16', 3, 8.000000, 1, 'shift', NULL, NULL, '2025-09-17 13:52:12', '2025-09-17 13:52:12', 'F18'),
(18268, 275, 9, '2025-09-16', 3, 0.000000, 1, 'shift', NULL, NULL, '2025-09-17 13:52:12', '2025-09-17 13:52:12', 'G16'),
(18269, 277, 9, '2025-09-16', 3, 8.000000, 1, 'shift', NULL, NULL, '2025-09-17 13:52:12', '2025-09-17 13:52:12', 'G18'),
(18270, 26, 7, '2025-09-17', 1, 0.000000, 1, 'shift', NULL, NULL, '2025-09-17 15:52:47', '2025-09-17 15:52:47', 'E11'),
(18271, 27, 7, '2025-09-17', 1, 0.000000, 1, 'shift', NULL, NULL, '2025-09-17 15:52:47', '2025-09-17 15:52:47', 'E13'),
(18272, 28, 7, '2025-09-17', 1, 5.750000, 1, 'shift', NULL, NULL, '2025-09-17 15:52:47', '2025-09-17 15:52:47', 'E15'),
(18273, 29, 7, '2025-09-17', 1, 0.000000, 1, 'shift', NULL, NULL, '2025-09-17 15:52:47', '2025-09-17 15:52:47', 'E17'),
(18274, 30, 7, '2025-09-17', 1, 0.000000, 1, 'shift', NULL, NULL, '2025-09-17 15:52:47', '2025-09-17 15:52:47', 'E18'),
(18275, 37, 7, '2025-09-17', 1, 20.000000, 1, 'shift', NULL, NULL, '2025-09-17 15:52:47', '2025-09-17 15:52:47', 'E30'),
(18276, 31, 7, '2025-09-17', 1, 0.000000, 1, 'shift', NULL, NULL, '2025-09-17 15:52:47', '2025-09-17 15:52:47', 'E19'),
(18277, 32, 7, '2025-09-17', 1, 0.000000, 1, 'shift', NULL, NULL, '2025-09-17 15:52:47', '2025-09-17 15:52:47', 'E20'),
(18278, 33, 7, '2025-09-17', 1, 0.000000, 1, 'shift', NULL, NULL, '2025-09-17 15:52:47', '2025-09-17 15:52:47', 'E21'),
(18279, 34, 7, '2025-09-17', 1, 0.000000, 1, 'shift', NULL, NULL, '2025-09-17 15:52:47', '2025-09-17 15:52:47', 'E22'),
(18280, 35, 7, '2025-09-17', 1, 0.000000, 1, 'shift', NULL, NULL, '2025-09-17 15:52:47', '2025-09-17 15:52:47', 'E26'),
(18281, 36, 7, '2025-09-17', 1, 0.000000, 1, 'shift', NULL, NULL, '2025-09-17 15:52:47', '2025-09-17 15:52:47', 'E29'),
(18282, 38, 7, '2025-09-17', 1, 0.000000, 1, 'shift', NULL, NULL, '2025-09-17 15:52:47', '2025-09-17 15:52:47', 'E31'),
(18283, 39, 7, '2025-09-17', 1, 0.000000, 1, 'shift', NULL, NULL, '2025-09-17 15:52:47', '2025-09-17 15:52:47', 'E33'),
(18284, 40, 7, '2025-09-17', 1, 0.000000, 1, 'shift', NULL, NULL, '2025-09-17 15:52:47', '2025-09-17 15:52:47', 'E34'),
(18285, 41, 7, '2025-09-17', 1, 0.000000, 1, 'shift', NULL, NULL, '2025-09-17 15:52:47', '2025-09-17 15:52:47', 'E35'),
(18286, 42, 7, '2025-09-17', 1, 245.000000, 1, 'shift', NULL, NULL, '2025-09-17 15:52:47', '2025-09-17 15:52:47', 'E36'),
(18287, 43, 7, '2025-09-17', 1, 46.900000, 1, 'shift', NULL, NULL, '2025-09-17 15:52:47', '2025-09-17 15:52:47', 'E37'),
(18288, 44, 7, '2025-09-17', 1, 291.900000, 1, 'shift', NULL, NULL, '2025-09-17 15:52:47', '2025-09-17 15:52:47', 'E39'),
(18289, 45, 7, '2025-09-17', 1, 1.120000, 1, 'shift', NULL, NULL, '2025-09-17 15:52:47', '2025-09-17 15:52:47', 'E41'),
(18290, 46, 7, '2025-09-17', 1, 0.000000, 1, 'shift', NULL, NULL, '2025-09-17 15:52:47', '2025-09-17 15:52:47', 'E42'),
(18291, 47, 7, '2025-09-17', 1, 0.450000, 1, 'shift', NULL, NULL, '2025-09-17 15:52:47', '2025-09-17 15:52:47', 'E44'),
(18292, 48, 7, '2025-09-17', 1, 0.000000, 1, 'shift', NULL, NULL, '2025-09-17 15:52:47', '2025-09-17 15:52:47', 'E45'),
(18293, 49, 7, '2025-09-17', 1, 1.630000, 1, 'shift', NULL, NULL, '2025-09-17 15:52:47', '2025-09-17 15:52:47', 'E48'),
(18294, 50, 7, '2025-09-17', 1, 0.000000, 1, 'shift', NULL, NULL, '2025-09-17 15:52:47', '2025-09-17 15:52:47', 'E49'),
(18295, 51, 7, '2025-09-17', 1, 0.000000, 1, 'shift', NULL, NULL, '2025-09-17 15:52:47', '2025-09-17 15:52:47', 'E50'),
(18296, 52, 7, '2025-09-17', 1, 0.000000, 1, 'shift', NULL, NULL, '2025-09-17 15:52:47', '2025-09-17 15:52:47', 'E51'),
(18297, 53, 7, '2025-09-17', 1, 46.900000, 1, 'shift', NULL, NULL, '2025-09-17 15:52:47', '2025-09-17 15:52:47', 'E52'),
(18298, 26, 8, '2025-09-17', 1, 0.000000, 1, 'shift', NULL, NULL, '2025-09-17 15:52:47', '2025-09-17 15:52:47', 'F11'),
(18299, 27, 8, '2025-09-17', 1, 0.000000, 1, 'shift', NULL, NULL, '2025-09-17 15:52:47', '2025-09-17 15:52:47', 'F13'),
(18300, 28, 8, '2025-09-17', 1, 8.000000, 1, 'shift', NULL, NULL, '2025-09-17 15:52:47', '2025-09-17 15:52:47', 'F15'),
(18301, 29, 8, '2025-09-17', 1, 0.000000, 1, 'shift', NULL, NULL, '2025-09-17 15:52:47', '2025-09-17 15:52:47', 'F17'),
(18302, 30, 8, '2025-09-17', 1, 0.000000, 1, 'shift', NULL, NULL, '2025-09-17 15:52:47', '2025-09-17 15:52:47', 'F18'),
(18303, 37, 8, '2025-09-17', 1, 20.000000, 1, 'shift', NULL, NULL, '2025-09-17 15:52:47', '2025-09-17 15:52:47', 'F30'),
(18304, 31, 8, '2025-09-17', 1, 0.000000, 1, 'shift', NULL, NULL, '2025-09-17 15:52:47', '2025-09-17 15:52:47', 'F19'),
(18305, 32, 8, '2025-09-17', 1, 0.000000, 1, 'shift', NULL, NULL, '2025-09-17 15:52:47', '2025-09-17 15:52:47', 'F20'),
(18306, 33, 8, '2025-09-17', 1, 0.000000, 1, 'shift', NULL, NULL, '2025-09-17 15:52:47', '2025-09-17 15:52:47', 'F21'),
(18307, 34, 8, '2025-09-17', 1, 0.000000, 1, 'shift', NULL, NULL, '2025-09-17 15:52:47', '2025-09-17 15:52:47', 'F22'),
(18308, 35, 8, '2025-09-17', 1, 0.000000, 1, 'shift', NULL, NULL, '2025-09-17 15:52:47', '2025-09-17 15:52:47', 'F26'),
(18309, 36, 8, '2025-09-17', 1, 0.000000, 1, 'shift', NULL, NULL, '2025-09-17 15:52:47', '2025-09-17 15:52:47', 'F29'),
(18310, 38, 8, '2025-09-17', 1, 0.000000, 1, 'shift', NULL, NULL, '2025-09-17 15:52:47', '2025-09-17 15:52:47', 'F31'),
(18311, 39, 8, '2025-09-17', 1, 0.000000, 1, 'shift', NULL, NULL, '2025-09-17 15:52:47', '2025-09-17 15:52:47', 'F33'),
(18312, 40, 8, '2025-09-17', 1, 0.000000, 1, 'shift', NULL, NULL, '2025-09-17 15:52:47', '2025-09-17 15:52:47', 'F34'),
(18313, 41, 8, '2025-09-17', 1, 0.000000, 1, 'shift', NULL, NULL, '2025-09-17 15:52:47', '2025-09-17 15:52:47', 'F35'),
(18314, 42, 8, '2025-09-17', 1, 0.000000, 1, 'shift', NULL, NULL, '2025-09-17 15:52:47', '2025-09-17 15:52:47', 'F36'),
(18315, 43, 8, '2025-09-17', 1, 46.900000, 1, 'shift', NULL, NULL, '2025-09-17 15:52:47', '2025-09-17 15:52:47', 'F37'),
(18316, 44, 8, '2025-09-17', 1, 46.900000, 1, 'shift', NULL, NULL, '2025-09-17 15:52:47', '2025-09-17 15:52:47', 'F39'),
(18317, 45, 8, '2025-09-17', 1, 1.120000, 1, 'shift', NULL, NULL, '2025-09-17 15:52:47', '2025-09-17 15:52:47', 'F41'),
(18318, 46, 8, '2025-09-17', 1, 0.000000, 1, 'shift', NULL, NULL, '2025-09-17 15:52:47', '2025-09-17 15:52:47', 'F42'),
(18319, 47, 8, '2025-09-17', 1, 0.450000, 1, 'shift', NULL, NULL, '2025-09-17 15:52:47', '2025-09-17 15:52:47', 'F44'),
(18320, 48, 8, '2025-09-17', 1, 0.000000, 1, 'shift', NULL, NULL, '2025-09-17 15:52:47', '2025-09-17 15:52:47', 'F45'),
(18321, 49, 8, '2025-09-17', 1, 1.630000, 1, 'shift', NULL, NULL, '2025-09-17 15:52:47', '2025-09-17 15:52:47', 'F48'),
(18322, 50, 8, '2025-09-17', 1, 0.000000, 1, 'shift', NULL, NULL, '2025-09-17 15:52:47', '2025-09-17 15:52:47', 'F49'),
(18323, 51, 8, '2025-09-17', 1, 0.000000, 1, 'shift', NULL, NULL, '2025-09-17 15:52:47', '2025-09-17 15:52:47', 'F50'),
(18324, 52, 8, '2025-09-17', 1, 0.000000, 1, 'shift', NULL, NULL, '2025-09-17 15:52:47', '2025-09-17 15:52:47', 'F51'),
(18325, 53, 8, '2025-09-17', 1, 46.900000, 1, 'shift', NULL, NULL, '2025-09-17 15:52:47', '2025-09-17 15:52:47', 'F52'),
(18326, 26, 9, '2025-09-17', 1, 0.000000, 1, 'shift', NULL, NULL, '2025-09-17 15:52:47', '2025-09-17 15:52:47', 'G11'),
(18327, 27, 9, '2025-09-17', 1, 0.000000, 1, 'shift', NULL, NULL, '2025-09-17 15:52:47', '2025-09-17 15:52:47', 'G13'),
(18328, 28, 9, '2025-09-17', 1, 13.750000, 1, 'shift', NULL, NULL, '2025-09-17 15:52:47', '2025-09-17 15:52:47', 'G15'),
(18329, 29, 9, '2025-09-17', 1, 0.000000, 1, 'shift', NULL, NULL, '2025-09-17 15:52:47', '2025-09-17 15:52:47', 'G17'),
(18330, 30, 9, '2025-09-17', 1, 0.000000, 1, 'shift', NULL, NULL, '2025-09-17 15:52:47', '2025-09-17 15:52:47', 'G18'),
(18331, 37, 9, '2025-09-17', 1, 20.000000, 1, 'shift', NULL, NULL, '2025-09-17 15:52:47', '2025-09-17 15:52:47', 'G30'),
(18332, 31, 9, '2025-09-17', 1, 0.000000, 1, 'shift', NULL, NULL, '2025-09-17 15:52:47', '2025-09-17 15:52:47', 'G19'),
(18333, 32, 9, '2025-09-17', 1, 0.000000, 1, 'shift', NULL, NULL, '2025-09-17 15:52:47', '2025-09-17 15:52:47', 'G20'),
(18334, 33, 9, '2025-09-17', 1, 0.000000, 1, 'shift', NULL, NULL, '2025-09-17 15:52:47', '2025-09-17 15:52:47', 'G21'),
(18335, 34, 9, '2025-09-17', 1, 0.000000, 1, 'shift', NULL, NULL, '2025-09-17 15:52:47', '2025-09-17 15:52:47', 'G22'),
(18336, 35, 9, '2025-09-17', 1, 0.000000, 1, 'shift', NULL, NULL, '2025-09-17 15:52:47', '2025-09-17 15:52:47', 'G26'),
(18337, 36, 9, '2025-09-17', 1, 0.000000, 1, 'shift', NULL, NULL, '2025-09-17 15:52:47', '2025-09-17 15:52:47', 'G29'),
(18338, 38, 9, '2025-09-17', 1, 0.000000, 1, 'shift', NULL, NULL, '2025-09-17 15:52:47', '2025-09-17 15:52:47', 'G31'),
(18339, 39, 9, '2025-09-17', 1, 0.000000, 1, 'shift', NULL, NULL, '2025-09-17 15:52:47', '2025-09-17 15:52:47', 'G33'),
(18340, 40, 9, '2025-09-17', 1, 0.000000, 1, 'shift', NULL, NULL, '2025-09-17 15:52:47', '2025-09-17 15:52:47', 'G34'),
(18341, 41, 9, '2025-09-17', 1, 0.000000, 1, 'shift', NULL, NULL, '2025-09-17 15:52:47', '2025-09-17 15:52:47', 'G35'),
(18342, 42, 9, '2025-09-17', 1, 0.000000, 1, 'shift', NULL, NULL, '2025-09-17 15:52:47', '2025-09-17 15:52:47', 'G36'),
(18343, 43, 9, '2025-09-17', 1, 0.000000, 1, 'shift', NULL, NULL, '2025-09-17 15:52:47', '2025-09-17 15:52:47', 'G37'),
(18344, 44, 9, '2025-09-17', 1, 0.000000, 1, 'shift', NULL, NULL, '2025-09-17 15:52:47', '2025-09-17 15:52:47', 'G39'),
(18345, 45, 9, '2025-09-17', 1, 2.230000, 1, 'shift', NULL, NULL, '2025-09-17 15:52:47', '2025-09-17 15:52:47', 'G41'),
(18346, 46, 9, '2025-09-17', 1, 0.000000, 1, 'shift', NULL, NULL, '2025-09-17 15:52:47', '2025-09-17 15:52:47', 'G42'),
(18347, 47, 9, '2025-09-17', 1, 0.000000, 1, 'shift', NULL, NULL, '2025-09-17 15:52:47', '2025-09-17 15:52:47', 'G44'),
(18348, 48, 9, '2025-09-17', 1, 0.000000, 1, 'shift', NULL, NULL, '2025-09-17 15:52:47', '2025-09-17 15:52:47', 'G45'),
(18349, 49, 9, '2025-09-17', 1, 3.260000, 1, 'shift', NULL, NULL, '2025-09-17 15:52:47', '2025-09-17 15:52:47', 'G48'),
(18350, 50, 9, '2025-09-17', 1, 0.000000, 1, 'shift', NULL, NULL, '2025-09-17 15:52:47', '2025-09-17 15:52:47', 'G49'),
(18351, 51, 9, '2025-09-17', 1, 0.000000, 1, 'shift', NULL, NULL, '2025-09-17 15:52:47', '2025-09-17 15:52:47', 'G50'),
(18352, 52, 9, '2025-09-17', 1, 0.000000, 1, 'shift', NULL, NULL, '2025-09-17 15:52:47', '2025-09-17 15:52:47', 'G51'),
(18353, 53, 9, '2025-09-17', 1, 0.000000, 1, 'shift', NULL, NULL, '2025-09-17 15:52:47', '2025-09-17 15:52:47', 'G52'),
(18354, 271, 9, '2025-09-17', 1, 0.000000, 1, 'shift', NULL, NULL, '2025-09-17 15:52:47', '2025-09-17 15:52:47', 'G12'),
(18355, 272, 9, '2025-09-17', 1, 0.000000, 1, 'shift', NULL, NULL, '2025-09-17 15:52:47', '2025-09-17 15:52:47', 'G13'),
(18356, 275, 7, '2025-09-17', 1, 0.000000, 1, 'shift', NULL, NULL, '2025-09-17 15:52:47', '2025-09-17 15:52:47', 'E16'),
(18357, 277, 7, '2025-09-17', 1, 5.750000, 1, 'shift', NULL, NULL, '2025-09-17 15:52:47', '2025-09-17 15:52:47', 'E18'),
(18358, 275, 8, '2025-09-17', 1, 0.000000, 1, 'shift', NULL, NULL, '2025-09-17 15:52:47', '2025-09-17 15:52:47', 'F16'),
(18359, 277, 8, '2025-09-17', 1, 8.000000, 1, 'shift', NULL, NULL, '2025-09-17 15:52:47', '2025-09-17 15:52:47', 'F18'),
(18360, 275, 9, '2025-09-17', 1, 0.000000, 1, 'shift', NULL, NULL, '2025-09-17 15:52:47', '2025-09-17 15:52:47', 'G16'),
(18361, 277, 9, '2025-09-17', 1, 13.750000, 1, 'shift', NULL, NULL, '2025-09-17 15:52:47', '2025-09-17 15:52:47', 'G18'),
(18362, 26, 7, '2025-09-17', 2, 0.000000, 1, 'shift', NULL, NULL, '2025-09-17 15:52:47', '2025-09-17 15:52:47', 'E11'),
(18363, 27, 7, '2025-09-17', 2, 0.000000, 1, 'shift', NULL, NULL, '2025-09-17 15:52:47', '2025-09-17 15:52:47', 'E13'),
(18364, 28, 7, '2025-09-17', 2, 8.000000, 1, 'shift', NULL, NULL, '2025-09-17 15:52:47', '2025-09-17 15:52:47', 'E15'),
(18365, 29, 7, '2025-09-17', 2, 0.000000, 1, 'shift', NULL, NULL, '2025-09-17 15:52:47', '2025-09-17 15:52:47', 'E17'),
(18366, 30, 7, '2025-09-17', 2, 0.000000, 1, 'shift', NULL, NULL, '2025-09-17 15:52:47', '2025-09-17 15:52:47', 'E18'),
(18367, 37, 7, '2025-09-17', 2, 20.000000, 1, 'shift', NULL, NULL, '2025-09-17 15:52:47', '2025-09-17 15:52:47', 'E30'),
(18368, 31, 7, '2025-09-17', 2, 0.000000, 1, 'shift', NULL, NULL, '2025-09-17 15:52:47', '2025-09-17 15:52:47', 'E19'),
(18369, 32, 7, '2025-09-17', 2, 0.000000, 1, 'shift', NULL, NULL, '2025-09-17 15:52:47', '2025-09-17 15:52:47', 'E20'),
(18370, 33, 7, '2025-09-17', 2, 0.000000, 1, 'shift', NULL, NULL, '2025-09-17 15:52:47', '2025-09-17 15:52:47', 'E21'),
(18371, 34, 7, '2025-09-17', 2, 0.000000, 1, 'shift', NULL, NULL, '2025-09-17 15:52:47', '2025-09-17 15:52:47', 'E22'),
(18372, 35, 7, '2025-09-17', 2, 0.000000, 1, 'shift', NULL, NULL, '2025-09-17 15:52:47', '2025-09-17 15:52:47', 'E26'),
(18373, 36, 7, '2025-09-17', 2, 0.000000, 1, 'shift', NULL, NULL, '2025-09-17 15:52:47', '2025-09-17 15:52:47', 'E29'),
(18374, 38, 7, '2025-09-17', 2, 0.000000, 1, 'shift', NULL, NULL, '2025-09-17 15:52:47', '2025-09-17 15:52:47', 'E31'),
(18375, 39, 7, '2025-09-17', 2, 0.000000, 1, 'shift', NULL, NULL, '2025-09-17 15:52:47', '2025-09-17 15:52:47', 'E33'),
(18376, 40, 7, '2025-09-17', 2, 0.000000, 1, 'shift', NULL, NULL, '2025-09-17 15:52:47', '2025-09-17 15:52:47', 'E34'),
(18377, 41, 7, '2025-09-17', 2, 0.000000, 1, 'shift', NULL, NULL, '2025-09-17 15:52:47', '2025-09-17 15:52:47', 'E35'),
(18378, 42, 7, '2025-09-17', 2, 245.000000, 1, 'shift', NULL, NULL, '2025-09-17 15:52:47', '2025-09-17 15:52:47', 'E36'),
(18379, 43, 7, '2025-09-17', 2, 46.900000, 1, 'shift', NULL, NULL, '2025-09-17 15:52:47', '2025-09-17 15:52:47', 'E37'),
(18380, 44, 7, '2025-09-17', 2, 291.900000, 1, 'shift', NULL, NULL, '2025-09-17 15:52:47', '2025-09-17 15:52:47', 'E39'),
(18381, 45, 7, '2025-09-17', 2, 1.120000, 1, 'shift', NULL, NULL, '2025-09-17 15:52:47', '2025-09-17 15:52:47', 'E41'),
(18382, 46, 7, '2025-09-17', 2, 0.000000, 1, 'shift', NULL, NULL, '2025-09-17 15:52:47', '2025-09-17 15:52:47', 'E42'),
(18383, 47, 7, '2025-09-17', 2, 0.450000, 1, 'shift', NULL, NULL, '2025-09-17 15:52:47', '2025-09-17 15:52:47', 'E44'),
(18384, 48, 7, '2025-09-17', 2, 0.000000, 1, 'shift', NULL, NULL, '2025-09-17 15:52:47', '2025-09-17 15:52:47', 'E45'),
(18385, 49, 7, '2025-09-17', 2, 1.630000, 1, 'shift', NULL, NULL, '2025-09-17 15:52:47', '2025-09-17 15:52:47', 'E48'),
(18386, 50, 7, '2025-09-17', 2, 0.000000, 1, 'shift', NULL, NULL, '2025-09-17 15:52:47', '2025-09-17 15:52:47', 'E49'),
(18387, 51, 7, '2025-09-17', 2, 0.000000, 1, 'shift', NULL, NULL, '2025-09-17 15:52:47', '2025-09-17 15:52:47', 'E50'),
(18388, 52, 7, '2025-09-17', 2, 0.000000, 1, 'shift', NULL, NULL, '2025-09-17 15:52:47', '2025-09-17 15:52:47', 'E51'),
(18389, 53, 7, '2025-09-17', 2, 46.900000, 1, 'shift', NULL, NULL, '2025-09-17 15:52:47', '2025-09-17 15:52:47', 'E52'),
(18390, 26, 8, '2025-09-17', 2, 0.000000, 1, 'shift', NULL, NULL, '2025-09-17 15:52:47', '2025-09-17 15:52:47', 'F11'),
(18391, 27, 8, '2025-09-17', 2, 0.000000, 1, 'shift', NULL, NULL, '2025-09-17 15:52:47', '2025-09-17 15:52:47', 'F13'),
(18392, 28, 8, '2025-09-17', 2, 8.000000, 1, 'shift', NULL, NULL, '2025-09-17 15:52:47', '2025-09-17 15:52:47', 'F15'),
(18393, 29, 8, '2025-09-17', 2, 0.000000, 1, 'shift', NULL, NULL, '2025-09-17 15:52:47', '2025-09-17 15:52:47', 'F17'),
(18394, 30, 8, '2025-09-17', 2, 0.000000, 1, 'shift', NULL, NULL, '2025-09-17 15:52:47', '2025-09-17 15:52:47', 'F18'),
(18395, 37, 8, '2025-09-17', 2, 20.000000, 1, 'shift', NULL, NULL, '2025-09-17 15:52:47', '2025-09-17 15:52:47', 'F30'),
(18396, 31, 8, '2025-09-17', 2, 0.000000, 1, 'shift', NULL, NULL, '2025-09-17 15:52:47', '2025-09-17 15:52:47', 'F19'),
(18397, 32, 8, '2025-09-17', 2, 0.000000, 1, 'shift', NULL, NULL, '2025-09-17 15:52:47', '2025-09-17 15:52:47', 'F20'),
(18398, 33, 8, '2025-09-17', 2, 0.000000, 1, 'shift', NULL, NULL, '2025-09-17 15:52:47', '2025-09-17 15:52:47', 'F21'),
(18399, 34, 8, '2025-09-17', 2, 0.000000, 1, 'shift', NULL, NULL, '2025-09-17 15:52:47', '2025-09-17 15:52:47', 'F22'),
(18400, 35, 8, '2025-09-17', 2, 0.000000, 1, 'shift', NULL, NULL, '2025-09-17 15:52:47', '2025-09-17 15:52:47', 'F26'),
(18401, 36, 8, '2025-09-17', 2, 0.000000, 1, 'shift', NULL, NULL, '2025-09-17 15:52:47', '2025-09-17 15:52:47', 'F29'),
(18402, 38, 8, '2025-09-17', 2, 0.000000, 1, 'shift', NULL, NULL, '2025-09-17 15:52:47', '2025-09-17 15:52:47', 'F31'),
(18403, 39, 8, '2025-09-17', 2, 0.000000, 1, 'shift', NULL, NULL, '2025-09-17 15:52:47', '2025-09-17 15:52:47', 'F33');
INSERT INTO `tg_result_values` (`id`, `param_id`, `tg_id`, `date`, `shift_id`, `value`, `user_id`, `period_type`, `period_start`, `period_end`, `created_at`, `updated_at`, `cell`) VALUES
(18404, 40, 8, '2025-09-17', 2, 0.000000, 1, 'shift', NULL, NULL, '2025-09-17 15:52:47', '2025-09-17 15:52:47', 'F34'),
(18405, 41, 8, '2025-09-17', 2, 0.000000, 1, 'shift', NULL, NULL, '2025-09-17 15:52:48', '2025-09-17 15:52:48', 'F35'),
(18406, 42, 8, '2025-09-17', 2, 0.000000, 1, 'shift', NULL, NULL, '2025-09-17 15:52:48', '2025-09-17 15:52:48', 'F36'),
(18407, 43, 8, '2025-09-17', 2, 46.900000, 1, 'shift', NULL, NULL, '2025-09-17 15:52:48', '2025-09-17 15:52:48', 'F37'),
(18408, 44, 8, '2025-09-17', 2, 46.900000, 1, 'shift', NULL, NULL, '2025-09-17 15:52:48', '2025-09-17 15:52:48', 'F39'),
(18409, 45, 8, '2025-09-17', 2, 1.120000, 1, 'shift', NULL, NULL, '2025-09-17 15:52:48', '2025-09-17 15:52:48', 'F41'),
(18410, 46, 8, '2025-09-17', 2, 0.000000, 1, 'shift', NULL, NULL, '2025-09-17 15:52:48', '2025-09-17 15:52:48', 'F42'),
(18411, 47, 8, '2025-09-17', 2, 0.450000, 1, 'shift', NULL, NULL, '2025-09-17 15:52:48', '2025-09-17 15:52:48', 'F44'),
(18412, 48, 8, '2025-09-17', 2, 0.000000, 1, 'shift', NULL, NULL, '2025-09-17 15:52:48', '2025-09-17 15:52:48', 'F45'),
(18413, 49, 8, '2025-09-17', 2, 1.630000, 1, 'shift', NULL, NULL, '2025-09-17 15:52:48', '2025-09-17 15:52:48', 'F48'),
(18414, 50, 8, '2025-09-17', 2, 0.000000, 1, 'shift', NULL, NULL, '2025-09-17 15:52:48', '2025-09-17 15:52:48', 'F49'),
(18415, 51, 8, '2025-09-17', 2, 0.000000, 1, 'shift', NULL, NULL, '2025-09-17 15:52:48', '2025-09-17 15:52:48', 'F50'),
(18416, 52, 8, '2025-09-17', 2, 0.000000, 1, 'shift', NULL, NULL, '2025-09-17 15:52:48', '2025-09-17 15:52:48', 'F51'),
(18417, 53, 8, '2025-09-17', 2, 46.900000, 1, 'shift', NULL, NULL, '2025-09-17 15:52:48', '2025-09-17 15:52:48', 'F52'),
(18418, 26, 9, '2025-09-17', 2, 0.000000, 1, 'shift', NULL, NULL, '2025-09-17 15:52:48', '2025-09-17 15:52:48', 'G11'),
(18419, 27, 9, '2025-09-17', 2, 0.000000, 1, 'shift', NULL, NULL, '2025-09-17 15:52:48', '2025-09-17 15:52:48', 'G13'),
(18420, 28, 9, '2025-09-17', 2, 16.000000, 1, 'shift', NULL, NULL, '2025-09-17 15:52:48', '2025-09-17 15:52:48', 'G15'),
(18421, 29, 9, '2025-09-17', 2, 0.000000, 1, 'shift', NULL, NULL, '2025-09-17 15:52:48', '2025-09-17 15:52:48', 'G17'),
(18422, 30, 9, '2025-09-17', 2, 0.000000, 1, 'shift', NULL, NULL, '2025-09-17 15:52:48', '2025-09-17 15:52:48', 'G18'),
(18423, 37, 9, '2025-09-17', 2, 20.000000, 1, 'shift', NULL, NULL, '2025-09-17 15:52:48', '2025-09-17 15:52:48', 'G30'),
(18424, 31, 9, '2025-09-17', 2, 0.000000, 1, 'shift', NULL, NULL, '2025-09-17 15:52:48', '2025-09-17 15:52:48', 'G19'),
(18425, 32, 9, '2025-09-17', 2, 0.000000, 1, 'shift', NULL, NULL, '2025-09-17 15:52:48', '2025-09-17 15:52:48', 'G20'),
(18426, 33, 9, '2025-09-17', 2, 0.000000, 1, 'shift', NULL, NULL, '2025-09-17 15:52:48', '2025-09-17 15:52:48', 'G21'),
(18427, 34, 9, '2025-09-17', 2, 0.000000, 1, 'shift', NULL, NULL, '2025-09-17 15:52:48', '2025-09-17 15:52:48', 'G22'),
(18428, 35, 9, '2025-09-17', 2, 0.000000, 1, 'shift', NULL, NULL, '2025-09-17 15:52:48', '2025-09-17 15:52:48', 'G26'),
(18429, 36, 9, '2025-09-17', 2, 0.000000, 1, 'shift', NULL, NULL, '2025-09-17 15:52:48', '2025-09-17 15:52:48', 'G29'),
(18430, 38, 9, '2025-09-17', 2, 0.000000, 1, 'shift', NULL, NULL, '2025-09-17 15:52:48', '2025-09-17 15:52:48', 'G31'),
(18431, 39, 9, '2025-09-17', 2, 0.000000, 1, 'shift', NULL, NULL, '2025-09-17 15:52:48', '2025-09-17 15:52:48', 'G33'),
(18432, 40, 9, '2025-09-17', 2, 0.000000, 1, 'shift', NULL, NULL, '2025-09-17 15:52:48', '2025-09-17 15:52:48', 'G34'),
(18433, 41, 9, '2025-09-17', 2, 0.000000, 1, 'shift', NULL, NULL, '2025-09-17 15:52:48', '2025-09-17 15:52:48', 'G35'),
(18434, 42, 9, '2025-09-17', 2, 0.000000, 1, 'shift', NULL, NULL, '2025-09-17 15:52:48', '2025-09-17 15:52:48', 'G36'),
(18435, 43, 9, '2025-09-17', 2, 0.000000, 1, 'shift', NULL, NULL, '2025-09-17 15:52:48', '2025-09-17 15:52:48', 'G37'),
(18436, 44, 9, '2025-09-17', 2, 0.000000, 1, 'shift', NULL, NULL, '2025-09-17 15:52:48', '2025-09-17 15:52:48', 'G39'),
(18437, 45, 9, '2025-09-17', 2, 2.230000, 1, 'shift', NULL, NULL, '2025-09-17 15:52:48', '2025-09-17 15:52:48', 'G41'),
(18438, 46, 9, '2025-09-17', 2, 0.000000, 1, 'shift', NULL, NULL, '2025-09-17 15:52:48', '2025-09-17 15:52:48', 'G42'),
(18439, 47, 9, '2025-09-17', 2, 0.000000, 1, 'shift', NULL, NULL, '2025-09-17 15:52:48', '2025-09-17 15:52:48', 'G44'),
(18440, 48, 9, '2025-09-17', 2, 0.000000, 1, 'shift', NULL, NULL, '2025-09-17 15:52:48', '2025-09-17 15:52:48', 'G45'),
(18441, 49, 9, '2025-09-17', 2, 3.260000, 1, 'shift', NULL, NULL, '2025-09-17 15:52:48', '2025-09-17 15:52:48', 'G48'),
(18442, 50, 9, '2025-09-17', 2, 0.000000, 1, 'shift', NULL, NULL, '2025-09-17 15:52:48', '2025-09-17 15:52:48', 'G49'),
(18443, 51, 9, '2025-09-17', 2, 0.000000, 1, 'shift', NULL, NULL, '2025-09-17 15:52:48', '2025-09-17 15:52:48', 'G50'),
(18444, 52, 9, '2025-09-17', 2, 0.000000, 1, 'shift', NULL, NULL, '2025-09-17 15:52:48', '2025-09-17 15:52:48', 'G51'),
(18445, 53, 9, '2025-09-17', 2, 0.000000, 1, 'shift', NULL, NULL, '2025-09-17 15:52:48', '2025-09-17 15:52:48', 'G52'),
(18446, 271, 9, '2025-09-17', 2, 0.000000, 1, 'shift', NULL, NULL, '2025-09-17 15:52:48', '2025-09-17 15:52:48', 'G12'),
(18447, 272, 9, '2025-09-17', 2, 0.000000, 1, 'shift', NULL, NULL, '2025-09-17 15:52:48', '2025-09-17 15:52:48', 'G13'),
(18448, 275, 7, '2025-09-17', 2, 0.000000, 1, 'shift', NULL, NULL, '2025-09-17 15:52:48', '2025-09-17 15:52:48', 'E16'),
(18449, 277, 7, '2025-09-17', 2, 8.000000, 1, 'shift', NULL, NULL, '2025-09-17 15:52:48', '2025-09-17 15:52:48', 'E18'),
(18450, 275, 8, '2025-09-17', 2, 0.000000, 1, 'shift', NULL, NULL, '2025-09-17 15:52:48', '2025-09-17 15:52:48', 'F16'),
(18451, 277, 8, '2025-09-17', 2, 8.000000, 1, 'shift', NULL, NULL, '2025-09-17 15:52:48', '2025-09-17 15:52:48', 'F18'),
(18452, 275, 9, '2025-09-17', 2, 0.000000, 1, 'shift', NULL, NULL, '2025-09-17 15:52:48', '2025-09-17 15:52:48', 'G16'),
(18453, 277, 9, '2025-09-17', 2, 16.000000, 1, 'shift', NULL, NULL, '2025-09-17 15:52:48', '2025-09-17 15:52:48', 'G18'),
(18454, 26, 7, '2025-09-17', 3, 0.000000, 1, 'shift', NULL, NULL, '2025-09-17 15:52:48', '2025-09-17 15:52:48', 'E11'),
(18455, 27, 7, '2025-09-17', 3, 0.000000, 1, 'shift', NULL, NULL, '2025-09-17 15:52:48', '2025-09-17 15:52:48', 'E13'),
(18456, 28, 7, '2025-09-17', 3, 4.880000, 1, 'shift', NULL, NULL, '2025-09-17 15:52:48', '2025-09-17 15:52:48', 'E15'),
(18457, 29, 7, '2025-09-17', 3, 0.000000, 1, 'shift', NULL, NULL, '2025-09-17 15:52:48', '2025-09-17 15:52:48', 'E17'),
(18458, 30, 7, '2025-09-17', 3, 0.000000, 1, 'shift', NULL, NULL, '2025-09-17 15:52:48', '2025-09-17 15:52:48', 'E18'),
(18459, 37, 7, '2025-09-17', 3, 20.000000, 1, 'shift', NULL, NULL, '2025-09-17 15:52:48', '2025-09-17 15:52:48', 'E30'),
(18460, 31, 7, '2025-09-17', 3, 0.000000, 1, 'shift', NULL, NULL, '2025-09-17 15:52:48', '2025-09-17 15:52:48', 'E19'),
(18461, 32, 7, '2025-09-17', 3, 0.000000, 1, 'shift', NULL, NULL, '2025-09-17 15:52:48', '2025-09-17 15:52:48', 'E20'),
(18462, 33, 7, '2025-09-17', 3, 0.000000, 1, 'shift', NULL, NULL, '2025-09-17 15:52:48', '2025-09-17 15:52:48', 'E21'),
(18463, 34, 7, '2025-09-17', 3, 0.000000, 1, 'shift', NULL, NULL, '2025-09-17 15:52:48', '2025-09-17 15:52:48', 'E22'),
(18464, 35, 7, '2025-09-17', 3, 0.000000, 1, 'shift', NULL, NULL, '2025-09-17 15:52:48', '2025-09-17 15:52:48', 'E26'),
(18465, 36, 7, '2025-09-17', 3, 0.000000, 1, 'shift', NULL, NULL, '2025-09-17 15:52:48', '2025-09-17 15:52:48', 'E29'),
(18466, 38, 7, '2025-09-17', 3, 0.000000, 1, 'shift', NULL, NULL, '2025-09-17 15:52:48', '2025-09-17 15:52:48', 'E31'),
(18467, 39, 7, '2025-09-17', 3, 0.000000, 1, 'shift', NULL, NULL, '2025-09-17 15:52:48', '2025-09-17 15:52:48', 'E33'),
(18468, 40, 7, '2025-09-17', 3, 0.000000, 1, 'shift', NULL, NULL, '2025-09-17 15:52:48', '2025-09-17 15:52:48', 'E34'),
(18469, 41, 7, '2025-09-17', 3, 0.000000, 1, 'shift', NULL, NULL, '2025-09-17 15:52:48', '2025-09-17 15:52:48', 'E35'),
(18470, 42, 7, '2025-09-17', 3, 245.000000, 1, 'shift', NULL, NULL, '2025-09-17 15:52:48', '2025-09-17 15:52:48', 'E36'),
(18471, 43, 7, '2025-09-17', 3, 46.900000, 1, 'shift', NULL, NULL, '2025-09-17 15:52:48', '2025-09-17 15:52:48', 'E37'),
(18472, 44, 7, '2025-09-17', 3, 291.900000, 1, 'shift', NULL, NULL, '2025-09-17 15:52:48', '2025-09-17 15:52:48', 'E39'),
(18473, 45, 7, '2025-09-17', 3, 1.120000, 1, 'shift', NULL, NULL, '2025-09-17 15:52:48', '2025-09-17 15:52:48', 'E41'),
(18474, 46, 7, '2025-09-17', 3, 0.000000, 1, 'shift', NULL, NULL, '2025-09-17 15:52:48', '2025-09-17 15:52:48', 'E42'),
(18475, 47, 7, '2025-09-17', 3, 0.450000, 1, 'shift', NULL, NULL, '2025-09-17 15:52:48', '2025-09-17 15:52:48', 'E44'),
(18476, 48, 7, '2025-09-17', 3, 0.000000, 1, 'shift', NULL, NULL, '2025-09-17 15:52:48', '2025-09-17 15:52:48', 'E45'),
(18477, 49, 7, '2025-09-17', 3, 1.630000, 1, 'shift', NULL, NULL, '2025-09-17 15:52:48', '2025-09-17 15:52:48', 'E48'),
(18478, 50, 7, '2025-09-17', 3, 0.000000, 1, 'shift', NULL, NULL, '2025-09-17 15:52:48', '2025-09-17 15:52:48', 'E49'),
(18479, 51, 7, '2025-09-17', 3, 0.000000, 1, 'shift', NULL, NULL, '2025-09-17 15:52:48', '2025-09-17 15:52:48', 'E50'),
(18480, 52, 7, '2025-09-17', 3, 0.000000, 1, 'shift', NULL, NULL, '2025-09-17 15:52:48', '2025-09-17 15:52:48', 'E51'),
(18481, 53, 7, '2025-09-17', 3, 46.900000, 1, 'shift', NULL, NULL, '2025-09-17 15:52:48', '2025-09-17 15:52:48', 'E52'),
(18482, 26, 8, '2025-09-17', 3, 0.000000, 1, 'shift', NULL, NULL, '2025-09-17 15:52:48', '2025-09-17 15:52:48', 'F11'),
(18483, 27, 8, '2025-09-17', 3, 0.000000, 1, 'shift', NULL, NULL, '2025-09-17 15:52:48', '2025-09-17 15:52:48', 'F13'),
(18484, 28, 8, '2025-09-17', 3, 4.880000, 1, 'shift', NULL, NULL, '2025-09-17 15:52:48', '2025-09-17 15:52:48', 'F15'),
(18485, 29, 8, '2025-09-17', 3, 0.000000, 1, 'shift', NULL, NULL, '2025-09-17 15:52:48', '2025-09-17 15:52:48', 'F17'),
(18486, 30, 8, '2025-09-17', 3, 0.000000, 1, 'shift', NULL, NULL, '2025-09-17 15:52:48', '2025-09-17 15:52:48', 'F18'),
(18487, 37, 8, '2025-09-17', 3, 20.000000, 1, 'shift', NULL, NULL, '2025-09-17 15:52:48', '2025-09-17 15:52:48', 'F30'),
(18488, 31, 8, '2025-09-17', 3, 0.000000, 1, 'shift', NULL, NULL, '2025-09-17 15:52:48', '2025-09-17 15:52:48', 'F19'),
(18489, 32, 8, '2025-09-17', 3, 0.000000, 1, 'shift', NULL, NULL, '2025-09-17 15:52:48', '2025-09-17 15:52:48', 'F20'),
(18490, 33, 8, '2025-09-17', 3, 0.000000, 1, 'shift', NULL, NULL, '2025-09-17 15:52:48', '2025-09-17 15:52:48', 'F21'),
(18491, 34, 8, '2025-09-17', 3, 0.000000, 1, 'shift', NULL, NULL, '2025-09-17 15:52:48', '2025-09-17 15:52:48', 'F22'),
(18492, 35, 8, '2025-09-17', 3, 0.000000, 1, 'shift', NULL, NULL, '2025-09-17 15:52:48', '2025-09-17 15:52:48', 'F26'),
(18493, 36, 8, '2025-09-17', 3, 0.000000, 1, 'shift', NULL, NULL, '2025-09-17 15:52:48', '2025-09-17 15:52:48', 'F29'),
(18494, 38, 8, '2025-09-17', 3, 0.000000, 1, 'shift', NULL, NULL, '2025-09-17 15:52:48', '2025-09-17 15:52:48', 'F31'),
(18495, 39, 8, '2025-09-17', 3, 0.000000, 1, 'shift', NULL, NULL, '2025-09-17 15:52:48', '2025-09-17 15:52:48', 'F33'),
(18496, 40, 8, '2025-09-17', 3, 0.000000, 1, 'shift', NULL, NULL, '2025-09-17 15:52:48', '2025-09-17 15:52:48', 'F34'),
(18497, 41, 8, '2025-09-17', 3, 0.000000, 1, 'shift', NULL, NULL, '2025-09-17 15:52:48', '2025-09-17 15:52:48', 'F35'),
(18498, 42, 8, '2025-09-17', 3, 0.000000, 1, 'shift', NULL, NULL, '2025-09-17 15:52:48', '2025-09-17 15:52:48', 'F36'),
(18499, 43, 8, '2025-09-17', 3, 46.900000, 1, 'shift', NULL, NULL, '2025-09-17 15:52:48', '2025-09-17 15:52:48', 'F37'),
(18500, 44, 8, '2025-09-17', 3, 46.900000, 1, 'shift', NULL, NULL, '2025-09-17 15:52:48', '2025-09-17 15:52:48', 'F39'),
(18501, 45, 8, '2025-09-17', 3, 1.120000, 1, 'shift', NULL, NULL, '2025-09-17 15:52:48', '2025-09-17 15:52:48', 'F41'),
(18502, 46, 8, '2025-09-17', 3, 0.000000, 1, 'shift', NULL, NULL, '2025-09-17 15:52:48', '2025-09-17 15:52:48', 'F42'),
(18503, 47, 8, '2025-09-17', 3, 0.450000, 1, 'shift', NULL, NULL, '2025-09-17 15:52:48', '2025-09-17 15:52:48', 'F44'),
(18504, 48, 8, '2025-09-17', 3, 0.000000, 1, 'shift', NULL, NULL, '2025-09-17 15:52:48', '2025-09-17 15:52:48', 'F45'),
(18505, 49, 8, '2025-09-17', 3, 1.630000, 1, 'shift', NULL, NULL, '2025-09-17 15:52:48', '2025-09-17 15:52:48', 'F48'),
(18506, 50, 8, '2025-09-17', 3, 0.000000, 1, 'shift', NULL, NULL, '2025-09-17 15:52:48', '2025-09-17 15:52:48', 'F49'),
(18507, 51, 8, '2025-09-17', 3, 0.000000, 1, 'shift', NULL, NULL, '2025-09-17 15:52:48', '2025-09-17 15:52:48', 'F50'),
(18508, 52, 8, '2025-09-17', 3, 0.000000, 1, 'shift', NULL, NULL, '2025-09-17 15:52:48', '2025-09-17 15:52:48', 'F51'),
(18509, 53, 8, '2025-09-17', 3, 46.900000, 1, 'shift', NULL, NULL, '2025-09-17 15:52:48', '2025-09-17 15:52:48', 'F52'),
(18510, 26, 9, '2025-09-17', 3, 0.000000, 1, 'shift', NULL, NULL, '2025-09-17 15:52:48', '2025-09-17 15:52:48', 'G11'),
(18511, 27, 9, '2025-09-17', 3, 0.000000, 1, 'shift', NULL, NULL, '2025-09-17 15:52:48', '2025-09-17 15:52:48', 'G13'),
(18512, 28, 9, '2025-09-17', 3, 9.760000, 1, 'shift', NULL, NULL, '2025-09-17 15:52:48', '2025-09-17 15:52:48', 'G15'),
(18513, 29, 9, '2025-09-17', 3, 0.000000, 1, 'shift', NULL, NULL, '2025-09-17 15:52:48', '2025-09-17 15:52:48', 'G17'),
(18514, 30, 9, '2025-09-17', 3, 0.000000, 1, 'shift', NULL, NULL, '2025-09-17 15:52:48', '2025-09-17 15:52:48', 'G18'),
(18515, 37, 9, '2025-09-17', 3, 20.000000, 1, 'shift', NULL, NULL, '2025-09-17 15:52:48', '2025-09-17 15:52:48', 'G30'),
(18516, 31, 9, '2025-09-17', 3, 0.000000, 1, 'shift', NULL, NULL, '2025-09-17 15:52:48', '2025-09-17 15:52:48', 'G19'),
(18517, 32, 9, '2025-09-17', 3, 0.000000, 1, 'shift', NULL, NULL, '2025-09-17 15:52:48', '2025-09-17 15:52:48', 'G20'),
(18518, 33, 9, '2025-09-17', 3, 0.000000, 1, 'shift', NULL, NULL, '2025-09-17 15:52:48', '2025-09-17 15:52:48', 'G21'),
(18519, 34, 9, '2025-09-17', 3, 0.000000, 1, 'shift', NULL, NULL, '2025-09-17 15:52:48', '2025-09-17 15:52:48', 'G22'),
(18520, 35, 9, '2025-09-17', 3, 0.000000, 1, 'shift', NULL, NULL, '2025-09-17 15:52:48', '2025-09-17 15:52:48', 'G26'),
(18521, 36, 9, '2025-09-17', 3, 0.000000, 1, 'shift', NULL, NULL, '2025-09-17 15:52:48', '2025-09-17 15:52:48', 'G29'),
(18522, 38, 9, '2025-09-17', 3, 0.000000, 1, 'shift', NULL, NULL, '2025-09-17 15:52:48', '2025-09-17 15:52:48', 'G31'),
(18523, 39, 9, '2025-09-17', 3, 0.000000, 1, 'shift', NULL, NULL, '2025-09-17 15:52:48', '2025-09-17 15:52:48', 'G33'),
(18524, 40, 9, '2025-09-17', 3, 0.000000, 1, 'shift', NULL, NULL, '2025-09-17 15:52:48', '2025-09-17 15:52:48', 'G34'),
(18525, 41, 9, '2025-09-17', 3, 0.000000, 1, 'shift', NULL, NULL, '2025-09-17 15:52:48', '2025-09-17 15:52:48', 'G35'),
(18526, 42, 9, '2025-09-17', 3, 0.000000, 1, 'shift', NULL, NULL, '2025-09-17 15:52:48', '2025-09-17 15:52:48', 'G36'),
(18527, 43, 9, '2025-09-17', 3, 0.000000, 1, 'shift', NULL, NULL, '2025-09-17 15:52:48', '2025-09-17 15:52:48', 'G37'),
(18528, 44, 9, '2025-09-17', 3, 0.000000, 1, 'shift', NULL, NULL, '2025-09-17 15:52:48', '2025-09-17 15:52:48', 'G39'),
(18529, 45, 9, '2025-09-17', 3, 2.230000, 1, 'shift', NULL, NULL, '2025-09-17 15:52:48', '2025-09-17 15:52:48', 'G41'),
(18530, 46, 9, '2025-09-17', 3, 0.000000, 1, 'shift', NULL, NULL, '2025-09-17 15:52:48', '2025-09-17 15:52:48', 'G42'),
(18531, 47, 9, '2025-09-17', 3, 0.000000, 1, 'shift', NULL, NULL, '2025-09-17 15:52:48', '2025-09-17 15:52:48', 'G44'),
(18532, 48, 9, '2025-09-17', 3, 0.000000, 1, 'shift', NULL, NULL, '2025-09-17 15:52:48', '2025-09-17 15:52:48', 'G45'),
(18533, 49, 9, '2025-09-17', 3, 3.260000, 1, 'shift', NULL, NULL, '2025-09-17 15:52:48', '2025-09-17 15:52:48', 'G48'),
(18534, 50, 9, '2025-09-17', 3, 0.000000, 1, 'shift', NULL, NULL, '2025-09-17 15:52:48', '2025-09-17 15:52:48', 'G49'),
(18535, 51, 9, '2025-09-17', 3, 0.000000, 1, 'shift', NULL, NULL, '2025-09-17 15:52:48', '2025-09-17 15:52:48', 'G50'),
(18536, 52, 9, '2025-09-17', 3, 0.000000, 1, 'shift', NULL, NULL, '2025-09-17 15:52:48', '2025-09-17 15:52:48', 'G51'),
(18537, 53, 9, '2025-09-17', 3, 0.000000, 1, 'shift', NULL, NULL, '2025-09-17 15:52:48', '2025-09-17 15:52:48', 'G52'),
(18538, 271, 9, '2025-09-17', 3, 0.000000, 1, 'shift', NULL, NULL, '2025-09-17 15:52:48', '2025-09-17 15:52:48', 'G12'),
(18539, 272, 9, '2025-09-17', 3, 0.000000, 1, 'shift', NULL, NULL, '2025-09-17 15:52:48', '2025-09-17 15:52:48', 'G13'),
(18540, 275, 7, '2025-09-17', 3, 0.000000, 1, 'shift', NULL, NULL, '2025-09-17 15:52:48', '2025-09-17 15:52:48', 'E16'),
(18541, 277, 7, '2025-09-17', 3, 4.880000, 1, 'shift', NULL, NULL, '2025-09-17 15:52:48', '2025-09-17 15:52:48', 'E18'),
(18542, 275, 8, '2025-09-17', 3, 0.000000, 1, 'shift', NULL, NULL, '2025-09-17 15:52:48', '2025-09-17 15:52:48', 'F16'),
(18543, 277, 8, '2025-09-17', 3, 4.880000, 1, 'shift', NULL, NULL, '2025-09-17 15:52:48', '2025-09-17 15:52:48', 'F18'),
(18544, 275, 9, '2025-09-17', 3, 0.000000, 1, 'shift', NULL, NULL, '2025-09-17 15:52:48', '2025-09-17 15:52:48', 'G16'),
(18545, 277, 9, '2025-09-17', 3, 9.760000, 1, 'shift', NULL, NULL, '2025-09-17 15:52:48', '2025-09-17 15:52:48', 'G18');

-- --------------------------------------------------------

--
-- Table structure for table `users`
--

CREATE TABLE `users` (
  `id` int NOT NULL,
  `username` varchar(50) CHARACTER SET utf8mb4 COLLATE utf8mb4_unicode_ci NOT NULL,
  `password` varchar(255) CHARACTER SET utf8mb4 COLLATE utf8mb4_unicode_ci NOT NULL,
  `role` enum('рядовой','инженер','менеджер') CHARACTER SET utf8mb4 COLLATE utf8mb4_unicode_ci NOT NULL DEFAULT 'рядовой',
  `created_at` timestamp NULL DEFAULT CURRENT_TIMESTAMP,
  `updated_at` timestamp NULL DEFAULT CURRENT_TIMESTAMP ON UPDATE CURRENT_TIMESTAMP
) ENGINE=InnoDB DEFAULT CHARSET=utf8mb4 COLLATE=utf8mb4_unicode_ci;

--
-- Dumping data for table `users`
--

INSERT INTO `users` (`id`, `username`, `password`, `role`, `created_at`, `updated_at`) VALUES
(1, 'admin', '$2y$10$50xU1GGHHTQaXHez3cbu6evqKxXjTOyN234Hp.7F5nam1Fu/MBtSe', 'менеджер', '2025-05-08 21:58:52', '2025-07-23 20:10:52'),
(2, 'user', '$2y$10$T0hBIF2eFbet4w0XWUeAFOBuLNUjhzHn1jtWUD1.aLmJxIIBh6i8W', 'рядовой', '2025-08-25 10:31:36', '2025-08-25 10:31:36');

--
-- Indexes for dumped tables
--

--
-- Indexes for table `common_meter_block_usage`
--
ALTER TABLE `common_meter_block_usage`
  ADD PRIMARY KEY (`id`),
  ADD KEY `idx_meter_date` (`meter_id`,`date`),
  ADD KEY `idx_equipment_date` (`equipment_id`,`date`),
  ADD KEY `fk_common_meter_block_usage_meter` (`meter_id`),
  ADD KEY `fk_common_meter_block_usage_equipment` (`equipment_id`),
  ADD KEY `fk_common_meter_block_usage_user` (`user_id`);

--
-- Indexes for table `equipment`
--
ALTER TABLE `equipment`
  ADD PRIMARY KEY (`id`),
  ADD KEY `type_id` (`type_id`);

--
-- Indexes for table `equipment_events`
--
ALTER TABLE `equipment_events`
  ADD PRIMARY KEY (`id`),
  ADD KEY `shift_id` (`shift_id`),
  ADD KEY `user_id` (`user_id`),
  ADD KEY `reason_id` (`reason_id`),
  ADD KEY `idx_eq_time` (`equipment_id`,`event_time`);

--
-- Indexes for table `equipment_tool_events`
--
ALTER TABLE `equipment_tool_events`
  ADD PRIMARY KEY (`id`),
  ADD KEY `idx_equipment_tool` (`equipment_id`,`tool_type`),
  ADD KEY `idx_equipment_time` (`equipment_id`,`event_time`),
  ADD KEY `shift_id` (`shift_id`),
  ADD KEY `user_id` (`user_id`);

--
-- Indexes for table `equipment_types`
--
ALTER TABLE `equipment_types`
  ADD PRIMARY KEY (`id`),
  ADD UNIQUE KEY `name` (`name`);

--
-- Indexes for table `functions`
--
ALTER TABLE `functions`
  ADD PRIMARY KEY (`id`);

--
-- Indexes for table `function_coefficients`
--
ALTER TABLE `function_coefficients`
  ADD PRIMARY KEY (`id`),
  ADD UNIQUE KEY `ux_set_index` (`coeff_set_id`,`coeff_index`),
  ADD KEY `idx_set` (`coeff_set_id`);

--
-- Indexes for table `function_coeff_sets`
--
ALTER TABLE `function_coeff_sets`
  ADD PRIMARY KEY (`id`),
  ADD UNIQUE KEY `ux_func_x` (`function_id`,`x_value`),
  ADD KEY `idx_func` (`function_id`);

--
-- Indexes for table `meters`
--
ALTER TABLE `meters`
  ADD PRIMARY KEY (`id`),
  ADD KEY `meter_type_id` (`meter_type_id`),
  ADD KEY `equipment_id` (`equipment_id`);

--
-- Indexes for table `meter_readings`
--
ALTER TABLE `meter_readings`
  ADD PRIMARY KEY (`id`),
  ADD UNIQUE KEY `ux_reading_meter_date` (`meter_id`,`date`),
  ADD KEY `meter_id` (`meter_id`);

--
-- Indexes for table `meter_reading_history`
--
ALTER TABLE `meter_reading_history`
  ADD PRIMARY KEY (`history_id`),
  ADD KEY `reading_id` (`reading_id`);

--
-- Indexes for table `meter_replacements`
--
ALTER TABLE `meter_replacements`
  ADD PRIMARY KEY (`id`),
  ADD KEY `meter_id` (`meter_id`);

--
-- Indexes for table `meter_replacement_cancellations`
--
ALTER TABLE `meter_replacement_cancellations`
  ADD PRIMARY KEY (`id`),
  ADD KEY `fk_cancellation_meter` (`meter_id`),
  ADD KEY `fk_cancellation_replacement` (`replacement_id`),
  ADD KEY `fk_cancellation_user` (`user_id`);

--
-- Indexes for table `meter_reserve_assignments`
--
ALTER TABLE `meter_reserve_assignments`
  ADD PRIMARY KEY (`id`),
  ADD KEY `idx_reserve_time` (`reserve_meter_id`,`start_time`),
  ADD KEY `idx_primary_time` (`primary_meter_id`,`start_time`);

--
-- Indexes for table `meter_types`
--
ALTER TABLE `meter_types`
  ADD PRIMARY KEY (`id`);

--
-- Indexes for table `parameters`
--
ALTER TABLE `parameters`
  ADD PRIMARY KEY (`id`),
  ADD KEY `equipment_type_id` (`equipment_type_id`);

--
-- Indexes for table `parameter_values`
--
ALTER TABLE `parameter_values`
  ADD PRIMARY KEY (`id`),
  ADD UNIQUE KEY `unique_parameter_value` (`parameter_id`,`equipment_id`,`date`,`shift_id`),
  ADD KEY `equipment_id` (`equipment_id`),
  ADD KEY `shift_id` (`shift_id`),
  ADD KEY `user_id` (`user_id`);

--
-- Indexes for table `pgu_fullparams`
--
ALTER TABLE `pgu_fullparams`
  ADD PRIMARY KEY (`id`);

--
-- Indexes for table `pgu_fullparam_values`
--
ALTER TABLE `pgu_fullparam_values`
  ADD PRIMARY KEY (`id`);

--
-- Indexes for table `pgu_result_params`
--
ALTER TABLE `pgu_result_params`
  ADD PRIMARY KEY (`id`),
  ADD UNIQUE KEY `name` (`name`);

--
-- Indexes for table `pgu_result_values`
--
ALTER TABLE `pgu_result_values`
  ADD PRIMARY KEY (`id`),
  ADD UNIQUE KEY `unique_pgu_result` (`param_id`,`pgu_id`,`date`,`shift_id`),
  ADD KEY `idx_pgu_pgu_date` (`pgu_id`,`date`),
  ADD KEY `idx_pgu_param_date` (`param_id`,`date`),
  ADD KEY `idx_pgu_period_type_date` (`period_type`,`date`),
  ADD KEY `idx_pgu_period_range` (`period_start`,`period_end`),
  ADD KEY `fk_pgu_result_shift` (`shift_id`),
  ADD KEY `fk_pgu_result_user` (`user_id`);

--
-- Indexes for table `shifts`
--
ALTER TABLE `shifts`
  ADD PRIMARY KEY (`id`),
  ADD UNIQUE KEY `name` (`name`);

--
-- Indexes for table `start_reasons`
--
ALTER TABLE `start_reasons`
  ADD PRIMARY KEY (`id`);

--
-- Indexes for table `stop_reasons`
--
ALTER TABLE `stop_reasons`
  ADD PRIMARY KEY (`id`),
  ADD UNIQUE KEY `name` (`name`);

--
-- Indexes for table `tg_result_params`
--
ALTER TABLE `tg_result_params`
  ADD PRIMARY KEY (`id`),
  ADD UNIQUE KEY `name` (`name`);

--
-- Indexes for table `tg_result_values`
--
ALTER TABLE `tg_result_values`
  ADD PRIMARY KEY (`id`),
  ADD KEY `idx_tg_result_values_date` (`date`),
  ADD KEY `idx_tg_result_values_param_tg` (`param_id`,`tg_id`),
  ADD KEY `idx_tg_result_values_shift` (`shift_id`),
  ADD KEY `idx_tg_result_values_period` (`period_type`),
  ADD KEY `idx_tg_result_values_cell` (`cell`);

--
-- Indexes for table `users`
--
ALTER TABLE `users`
  ADD PRIMARY KEY (`id`),
  ADD UNIQUE KEY `username` (`username`);

--
-- AUTO_INCREMENT for dumped tables
--

--
-- AUTO_INCREMENT for table `common_meter_block_usage`
--
ALTER TABLE `common_meter_block_usage`
  MODIFY `id` int NOT NULL AUTO_INCREMENT, AUTO_INCREMENT=33;

--
-- AUTO_INCREMENT for table `equipment`
--
ALTER TABLE `equipment`
  MODIFY `id` int NOT NULL AUTO_INCREMENT, AUTO_INCREMENT=8;

--
-- AUTO_INCREMENT for table `equipment_events`
--
ALTER TABLE `equipment_events`
  MODIFY `id` int NOT NULL AUTO_INCREMENT, AUTO_INCREMENT=368;

--
-- AUTO_INCREMENT for table `equipment_tool_events`
--
ALTER TABLE `equipment_tool_events`
  MODIFY `id` int NOT NULL AUTO_INCREMENT, AUTO_INCREMENT=134;

--
-- AUTO_INCREMENT for table `equipment_types`
--
ALTER TABLE `equipment_types`
  MODIFY `id` int NOT NULL AUTO_INCREMENT, AUTO_INCREMENT=3;

--
-- AUTO_INCREMENT for table `functions`
--
ALTER TABLE `functions`
  MODIFY `id` int NOT NULL AUTO_INCREMENT, AUTO_INCREMENT=18;

--
-- AUTO_INCREMENT for table `function_coefficients`
--
ALTER TABLE `function_coefficients`
  MODIFY `id` int NOT NULL AUTO_INCREMENT, AUTO_INCREMENT=202;

--
-- AUTO_INCREMENT for table `function_coeff_sets`
--
ALTER TABLE `function_coeff_sets`
  MODIFY `id` int NOT NULL AUTO_INCREMENT, AUTO_INCREMENT=47;

--
-- AUTO_INCREMENT for table `meters`
--
ALTER TABLE `meters`
  MODIFY `id` int NOT NULL AUTO_INCREMENT, AUTO_INCREMENT=60;

--
-- AUTO_INCREMENT for table `meter_readings`
--
ALTER TABLE `meter_readings`
  MODIFY `id` bigint NOT NULL AUTO_INCREMENT, AUTO_INCREMENT=169;

--
-- AUTO_INCREMENT for table `meter_reading_history`
--
ALTER TABLE `meter_reading_history`
  MODIFY `history_id` bigint NOT NULL AUTO_INCREMENT;

--
-- AUTO_INCREMENT for table `meter_replacements`
--
ALTER TABLE `meter_replacements`
  MODIFY `id` bigint NOT NULL AUTO_INCREMENT, AUTO_INCREMENT=44;

--
-- AUTO_INCREMENT for table `meter_replacement_cancellations`
--
ALTER TABLE `meter_replacement_cancellations`
  MODIFY `id` bigint NOT NULL AUTO_INCREMENT, AUTO_INCREMENT=6;

--
-- AUTO_INCREMENT for table `meter_reserve_assignments`
--
ALTER TABLE `meter_reserve_assignments`
  MODIFY `id` bigint NOT NULL AUTO_INCREMENT, AUTO_INCREMENT=20;

--
-- AUTO_INCREMENT for table `meter_types`
--
ALTER TABLE `meter_types`
  MODIFY `id` int NOT NULL AUTO_INCREMENT, AUTO_INCREMENT=5;

--
-- AUTO_INCREMENT for table `parameters`
--
ALTER TABLE `parameters`
  MODIFY `id` int NOT NULL AUTO_INCREMENT, AUTO_INCREMENT=58;

--
-- AUTO_INCREMENT for table `parameter_values`
--
ALTER TABLE `parameter_values`
  MODIFY `id` int NOT NULL AUTO_INCREMENT, AUTO_INCREMENT=297;

--
-- AUTO_INCREMENT for table `pgu_fullparams`
--
ALTER TABLE `pgu_fullparams`
  MODIFY `id` int NOT NULL AUTO_INCREMENT, AUTO_INCREMENT=35;

--
-- AUTO_INCREMENT for table `pgu_fullparam_values`
--
ALTER TABLE `pgu_fullparam_values`
  MODIFY `id` bigint NOT NULL AUTO_INCREMENT, AUTO_INCREMENT=1507;

--
-- AUTO_INCREMENT for table `pgu_result_params`
--
ALTER TABLE `pgu_result_params`
  MODIFY `id` int NOT NULL AUTO_INCREMENT, AUTO_INCREMENT=75;

--
-- AUTO_INCREMENT for table `pgu_result_values`
--
ALTER TABLE `pgu_result_values`
  MODIFY `id` bigint NOT NULL AUTO_INCREMENT, AUTO_INCREMENT=12283;

--
-- AUTO_INCREMENT for table `shifts`
--
ALTER TABLE `shifts`
  MODIFY `id` int NOT NULL AUTO_INCREMENT, AUTO_INCREMENT=4;

--
-- AUTO_INCREMENT for table `start_reasons`
--
ALTER TABLE `start_reasons`
  MODIFY `id` int NOT NULL AUTO_INCREMENT, AUTO_INCREMENT=4;

--
-- AUTO_INCREMENT for table `stop_reasons`
--
ALTER TABLE `stop_reasons`
  MODIFY `id` int NOT NULL AUTO_INCREMENT, AUTO_INCREMENT=4;

--
-- AUTO_INCREMENT for table `tg_result_params`
--
ALTER TABLE `tg_result_params`
  MODIFY `id` int NOT NULL AUTO_INCREMENT, AUTO_INCREMENT=304;

--
-- AUTO_INCREMENT for table `tg_result_values`
--
ALTER TABLE `tg_result_values`
  MODIFY `id` bigint NOT NULL AUTO_INCREMENT, AUTO_INCREMENT=18546;

--
-- AUTO_INCREMENT for table `users`
--
ALTER TABLE `users`
  MODIFY `id` int NOT NULL AUTO_INCREMENT, AUTO_INCREMENT=3;

--
-- Constraints for dumped tables
--

--
-- Constraints for table `common_meter_block_usage`
--
ALTER TABLE `common_meter_block_usage`
  ADD CONSTRAINT `fk_common_meter_block_usage_equipment` FOREIGN KEY (`equipment_id`) REFERENCES `equipment` (`id`) ON DELETE CASCADE,
  ADD CONSTRAINT `fk_common_meter_block_usage_meter` FOREIGN KEY (`meter_id`) REFERENCES `meters` (`id`) ON DELETE CASCADE,
  ADD CONSTRAINT `fk_common_meter_block_usage_user` FOREIGN KEY (`user_id`) REFERENCES `users` (`id`) ON DELETE SET NULL;

--
-- Constraints for table `equipment`
--
ALTER TABLE `equipment`
  ADD CONSTRAINT `equipment_ibfk_1` FOREIGN KEY (`type_id`) REFERENCES `equipment_types` (`id`);

--
-- Constraints for table `equipment_events`
--
ALTER TABLE `equipment_events`
  ADD CONSTRAINT `equipment_events_ibfk_1` FOREIGN KEY (`equipment_id`) REFERENCES `equipment` (`id`) ON DELETE CASCADE,
  ADD CONSTRAINT `equipment_events_ibfk_2` FOREIGN KEY (`shift_id`) REFERENCES `shifts` (`id`),
  ADD CONSTRAINT `equipment_events_ibfk_3` FOREIGN KEY (`user_id`) REFERENCES `users` (`id`),
  ADD CONSTRAINT `equipment_events_ibfk_4` FOREIGN KEY (`reason_id`) REFERENCES `stop_reasons` (`id`);

--
-- Constraints for table `equipment_tool_events`
--
ALTER TABLE `equipment_tool_events`
  ADD CONSTRAINT `equipment_tool_events_ibfk_1` FOREIGN KEY (`equipment_id`) REFERENCES `equipment` (`id`) ON DELETE CASCADE,
  ADD CONSTRAINT `equipment_tool_events_ibfk_2` FOREIGN KEY (`shift_id`) REFERENCES `shifts` (`id`),
  ADD CONSTRAINT `equipment_tool_events_ibfk_3` FOREIGN KEY (`user_id`) REFERENCES `users` (`id`);

--
-- Constraints for table `function_coefficients`
--
ALTER TABLE `function_coefficients`
  ADD CONSTRAINT `fk_coeffs_coeffset` FOREIGN KEY (`coeff_set_id`) REFERENCES `function_coeff_sets` (`id`) ON DELETE CASCADE;

--
-- Constraints for table `function_coeff_sets`
--
ALTER TABLE `function_coeff_sets`
  ADD CONSTRAINT `fk_coeffsets_function` FOREIGN KEY (`function_id`) REFERENCES `functions` (`id`) ON DELETE CASCADE;

--
-- Constraints for table `meters`
--
ALTER TABLE `meters`
  ADD CONSTRAINT `fk_meters_equipment` FOREIGN KEY (`equipment_id`) REFERENCES `equipment` (`id`) ON UPDATE CASCADE,
  ADD CONSTRAINT `fk_meters_type` FOREIGN KEY (`meter_type_id`) REFERENCES `meter_types` (`id`) ON UPDATE CASCADE;

--
-- Constraints for table `meter_readings`
--
ALTER TABLE `meter_readings`
  ADD CONSTRAINT `fk_readings_meter` FOREIGN KEY (`meter_id`) REFERENCES `meters` (`id`) ON DELETE CASCADE ON UPDATE CASCADE;

--
-- Constraints for table `meter_reading_history`
--
ALTER TABLE `meter_reading_history`
  ADD CONSTRAINT `fk_history_reading` FOREIGN KEY (`reading_id`) REFERENCES `meter_readings` (`id`) ON DELETE CASCADE ON UPDATE CASCADE;

--
-- Constraints for table `meter_replacements`
--
ALTER TABLE `meter_replacements`
  ADD CONSTRAINT `fk_repl_meter` FOREIGN KEY (`meter_id`) REFERENCES `meters` (`id`) ON DELETE CASCADE ON UPDATE CASCADE;

--
-- Constraints for table `meter_replacement_cancellations`
--
ALTER TABLE `meter_replacement_cancellations`
  ADD CONSTRAINT `fk_cancellation_meter` FOREIGN KEY (`meter_id`) REFERENCES `meters` (`id`) ON DELETE CASCADE ON UPDATE CASCADE,
  ADD CONSTRAINT `fk_cancellation_replacement` FOREIGN KEY (`replacement_id`) REFERENCES `meter_replacements` (`id`) ON DELETE CASCADE ON UPDATE CASCADE,
  ADD CONSTRAINT `fk_cancellation_user` FOREIGN KEY (`user_id`) REFERENCES `users` (`id`) ON DELETE SET NULL ON UPDATE CASCADE;

--
-- Constraints for table `parameters`
--
ALTER TABLE `parameters`
  ADD CONSTRAINT `parameters_ibfk_1` FOREIGN KEY (`equipment_type_id`) REFERENCES `equipment_types` (`id`);

--
-- Constraints for table `parameter_values`
--
ALTER TABLE `parameter_values`
  ADD CONSTRAINT `parameter_values_ibfk_1` FOREIGN KEY (`parameter_id`) REFERENCES `parameters` (`id`),
  ADD CONSTRAINT `parameter_values_ibfk_2` FOREIGN KEY (`equipment_id`) REFERENCES `equipment` (`id`),
  ADD CONSTRAINT `parameter_values_ibfk_3` FOREIGN KEY (`shift_id`) REFERENCES `shifts` (`id`),
  ADD CONSTRAINT `parameter_values_ibfk_4` FOREIGN KEY (`user_id`) REFERENCES `users` (`id`);

--
-- Constraints for table `pgu_result_values`
--
ALTER TABLE `pgu_result_values`
  ADD CONSTRAINT `fk_pgu_result_param` FOREIGN KEY (`param_id`) REFERENCES `pgu_result_params` (`id`) ON DELETE CASCADE,
  ADD CONSTRAINT `fk_pgu_result_shift` FOREIGN KEY (`shift_id`) REFERENCES `shifts` (`id`) ON DELETE SET NULL,
  ADD CONSTRAINT `fk_pgu_result_user` FOREIGN KEY (`user_id`) REFERENCES `users` (`id`) ON DELETE SET NULL;
COMMIT;

/*!40101 SET CHARACTER_SET_CLIENT=@OLD_CHARACTER_SET_CLIENT */;
/*!40101 SET CHARACTER_SET_RESULTS=@OLD_CHARACTER_SET_RESULTS */;
/*!40101 SET COLLATION_CONNECTION=@OLD_COLLATION_CONNECTION */;
