-- phpMyAdmin SQL Dump
-- version 5.2.2
-- https://www.phpmyadmin.net/
--
-- Host: mysql:3306
-- Generation Time: Sep 28, 2025 at 12:15 PM
-- Server version: 8.0.43
-- PHP Version: 8.2.27

SET SQL_MODE = "NO_AUTO_VALUE_ON_ZERO";
START TRANSACTION;
SET time_zone = "+00:00";


/*!40101 SET @OLD_CHARACTER_SET_CLIENT=@@CHARACTER_SET_CLIENT */;
/*!40101 SET @OLD_CHARACTER_SET_RESULTS=@@CHARACTER_SET_RESULTS */;
/*!40101 SET @OLD_COLLATION_CONNECTION=@@COLLATION_CONNECTION */;
/*!40101 SET NAMES utf8mb4 */;

--
-- Database: `exepower`
--

-- --------------------------------------------------------

--
-- Table structure for table `common_meter_block_usage`
--

CREATE TABLE `common_meter_block_usage` (
  `id` int NOT NULL,
  `meter_id` int NOT NULL,
  `equipment_id` int NOT NULL,
  `date` date NOT NULL,
  `start_time` time NOT NULL,
  `end_time` time NOT NULL,
  `start_reading` decimal(14,3) NOT NULL,
  `end_reading` decimal(14,3) NOT NULL,
  `energy_consumed` decimal(14,3) NOT NULL,
  `user_id` int DEFAULT NULL,
  `created_at` timestamp NULL DEFAULT CURRENT_TIMESTAMP,
  `updated_at` timestamp NULL DEFAULT CURRENT_TIMESTAMP ON UPDATE CURRENT_TIMESTAMP
) ENGINE=InnoDB DEFAULT CHARSET=utf8mb4 COLLATE=utf8mb4_unicode_ci COMMENT='Использование общих счетчиков блоками ТГ7 и ТГ8';

--
-- Dumping data for table `common_meter_block_usage`
--

INSERT INTO `common_meter_block_usage` (`id`, `meter_id`, `equipment_id`, `date`, `start_time`, `end_time`, `start_reading`, `end_reading`, `energy_consumed`, `user_id`, `created_at`, `updated_at`) VALUES
(29, 49, 1, '2025-09-15', '01:00:00', '07:00:00', 0.000, 6.000, 72.000, 1, '2025-09-15 11:02:50', '2025-09-15 11:02:50'),
(30, 49, 2, '2025-09-15', '07:01:00', '11:02:00', 6.000, 14.000, 96.000, 1, '2025-09-15 11:02:50', '2025-09-15 11:02:50'),
(31, 49, 1, '2025-09-14', '01:00:00', '07:00:00', 0.000, 6.000, 72.000, 1, '2025-09-15 11:13:28', '2025-09-15 11:13:28'),
(32, 49, 2, '2025-09-14', '07:01:00', '11:02:00', 6.000, 14.000, 96.000, 1, '2025-09-15 11:13:28', '2025-09-15 11:13:28');

-- --------------------------------------------------------

--
-- Table structure for table `equipment`
--

CREATE TABLE `equipment` (
  `id` int NOT NULL,
  `name` varchar(100) CHARACTER SET utf8mb4 COLLATE utf8mb4_unicode_ci NOT NULL,
  `type_id` int NOT NULL,
  `description` text CHARACTER SET utf8mb4 COLLATE utf8mb4_unicode_ci
) ENGINE=InnoDB DEFAULT CHARSET=utf8mb4 COLLATE=utf8mb4_unicode_ci;

--
-- Dumping data for table `equipment`
--

INSERT INTO `equipment` (`id`, `name`, `type_id`, `description`) VALUES
(1, 'Блок ТГ7', 1, 'Турбогенератор блок 7'),
(2, 'Блок ТГ8', 1, 'Турбогенератор блок 8'),
(3, 'ГТ 1', 2, 'Газовая установка 1'),
(4, 'ПТ 1', 2, 'Паровая установка 1'),
(5, 'ГТ 2', 2, 'Газовая установка 2'),
(6, 'ПТ 2', 2, 'Паровая установка 2'),
(7, 'ОЧ-130', 1, 'ОЧ-130');

-- --------------------------------------------------------

--
-- Table structure for table `equipment_events`
--

CREATE TABLE `equipment_events` (
  `id` int NOT NULL,
  `equipment_id` int NOT NULL,
  `event_type` enum('pusk','ostanov') CHARACTER SET utf8mb4 COLLATE utf8mb4_unicode_ci NOT NULL,
  `event_time` datetime NOT NULL,
  `shift_id` int DEFAULT NULL,
  `user_id` int DEFAULT NULL,
  `reason_id` int DEFAULT NULL,
  `comment` varchar(255) CHARACTER SET utf8mb4 COLLATE utf8mb4_unicode_ci DEFAULT NULL,
  `created_at` timestamp NULL DEFAULT CURRENT_TIMESTAMP
) ENGINE=InnoDB DEFAULT CHARSET=utf8mb4 COLLATE=utf8mb4_unicode_ci;

--
-- Dumping data for table `equipment_events`
--

INSERT INTO `equipment_events` (`id`, `equipment_id`, `event_type`, `event_time`, `shift_id`, `user_id`, `reason_id`, `comment`, `created_at`) VALUES
(364, 1, 'pusk', '2025-09-13 20:31:00', 3, 1, 1, '', '2025-09-17 15:31:44'),
(369, 1, 'ostanov', '2025-09-19 15:45:00', 2, 1, 1, '', '2025-09-18 11:05:53'),
(370, 2, 'pusk', '2025-09-18 12:15:00', 2, 1, 1, '', '2025-09-19 07:15:22');

-- --------------------------------------------------------

--
-- Table structure for table `equipment_tool_events`
--

CREATE TABLE `equipment_tool_events` (
  `id` int NOT NULL,
  `equipment_id` int NOT NULL,
  `tool_type` enum('evaporator','aos') CHARACTER SET utf8mb4 COLLATE utf8mb4_unicode_ci NOT NULL,
  `event_type` enum('on','off') CHARACTER SET utf8mb4 COLLATE utf8mb4_unicode_ci NOT NULL,
  `event_time` datetime NOT NULL,
  `shift_id` int DEFAULT NULL,
  `user_id` int DEFAULT NULL,
  `comment` varchar(255) CHARACTER SET utf8mb4 COLLATE utf8mb4_unicode_ci DEFAULT NULL,
  `created_at` timestamp NULL DEFAULT CURRENT_TIMESTAMP
) ENGINE=InnoDB DEFAULT CHARSET=utf8mb4 COLLATE=utf8mb4_unicode_ci;

-- --------------------------------------------------------

--
-- Table structure for table `equipment_types`
--

CREATE TABLE `equipment_types` (
  `id` int NOT NULL,
  `name` varchar(50) CHARACTER SET utf8mb4 COLLATE utf8mb4_unicode_ci NOT NULL,
  `description` text CHARACTER SET utf8mb4 COLLATE utf8mb4_unicode_ci
) ENGINE=InnoDB DEFAULT CHARSET=utf8mb4 COLLATE=utf8mb4_unicode_ci;

--
-- Dumping data for table `equipment_types`
--

INSERT INTO `equipment_types` (`id`, `name`, `description`) VALUES
(1, 'ТГ', 'Турбогенератор (Блок)'),
(2, 'ПГУ', 'Парогазовая установка');

-- --------------------------------------------------------

--
-- Table structure for table `functions`
--

CREATE TABLE `functions` (
  `id` int NOT NULL,
  `name` varchar(255) NOT NULL,
  `symbol` varchar(50) NOT NULL,
  `unit` varchar(50) NOT NULL
) ENGINE=InnoDB DEFAULT CHARSET=utf8mb4 COLLATE=utf8mb4_0900_ai_ci;

--
-- Dumping data for table `functions`
--

INSERT INTO `functions` (`id`, `name`, `symbol`, `unit`) VALUES
(1, 'На изменение cosφГТ', 'MW', 'ΔNcosφгт'),
(2, 'На изменение cosφПТ', 'MW', 'ΔNcosφпт'),
(5, 'На изменение температуры мокрого термометра в градирню', 'MW', 'ΔNбл'),
(6, 'На  давление топливного газа', 'MW', 'ΔNРт.газа'),
(7, 'На температуру топливного газа', 'MW', 'ΔNtт.газа'),
(8, 'На температуру окружающей среды и относительную влажность (применяется в Вкл условии испар. охл.)', '-', 'ktн.в'),
(9, 'На температуру на входе компрессора (применяется в Откл условии испар. охл.)', '-', 'ktвх.к'),
(10, 'На изменение барометрического давления и температуры на входе компрессора (применяется при условии Вкл и Откл испар. охл.)', '-', 'kРбар'),
(11, 'На относительную влажность и температуру на входе компрессора (применяется при условии Откл испар. охл.)', '-', 'kφвх.к'),
(12, 'На отклонение низшей теплоты сгорания топлива', '-', 'kQнр'),
(13, 'На изменение частоты ГТ (применяется при условии Вкл и Откл испар. охл.)', '-', 'kν'),
(14, 'Кривая деградации ГТУ', '-', 'kd'),
(15, 'Исходно-номинальный УРТ ПГУ, g/kWh', '', 'bэ(ином)пгу'),
(16, 'На занос КВОУ', '-', 'kΔNквоу'),
(17, 'На включение антиобледенительной системы (АОС)', '-', 'kΔNаос');

-- --------------------------------------------------------

--
-- Table structure for table `function_coefficients`
--

CREATE TABLE `function_coefficients` (
  `id` int NOT NULL,
  `coeff_set_id` int NOT NULL,
  `coeff_index` tinyint NOT NULL,
  `coeff_value` varchar(60) NOT NULL
) ENGINE=InnoDB DEFAULT CHARSET=utf8mb4 COLLATE=utf8mb4_0900_ai_ci;

--
-- Dumping data for table `function_coefficients`
--

INSERT INTO `function_coefficients` (`id`, `coeff_set_id`, `coeff_index`, `coeff_value`) VALUES
(1, 2, 0, '1755.2900390625'),
(2, 2, 1, '-3.205090045928955'),
(3, 2, 2, '0.05486280098557472'),
(4, 2, 3, '-0.00021166099759284407'),
(5, 2, 4, '0.0000003550269980223675'),
(6, 3, 0, '1657.9200439453125'),
(7, 3, 1, '1.1666500568389893'),
(8, 3, 2, '0.0057877302169799805'),
(9, 3, 3, '0.000034862001484725624'),
(10, 3, 4, '-0.000000054505498781054484'),
(11, 4, 0, '1604.8399658203125'),
(12, 4, 1, '2.3590800762176514'),
(13, 4, 2, '0.003359379945322871'),
(14, 4, 3, '0.000029723600164288655'),
(15, 4, 4, '-0.000000012745999811158981'),
(16, 5, 0, '1555.1800537109375'),
(17, 5, 1, '4.974629878997803'),
(18, 5, 2, '-0.029911700636148453'),
(19, 5, 3, '0.00021919200662523508'),
(20, 5, 4, '-0.00000034930599213112146'),
(21, 6, 0, '1143.06005859375'),
(22, 6, 1, '-26.166799545288086'),
(23, 6, 2, '0.8006089925765991'),
(24, 6, 3, '-0.009191659279167652'),
(25, 6, 4, '0.000038746598875150084'),
(26, 7, 0, '823.3779907226562'),
(27, 7, 1, '-0.5977259874343872'),
(28, 7, 2, '0.1083339974284172'),
(29, 7, 3, '-0.0011761400382965803'),
(30, 7, 4, '0.00000580712003284134'),
(31, 8, 0, '503.6910095214844'),
(32, 8, 1, '24.971399307250977'),
(33, 8, 2, '-0.5839400291442871'),
(34, 8, 3, '0.0068393899127841'),
(35, 8, 4, '-0.000027132400646223687'),
(36, 9, 0, '184.00399780273438'),
(37, 9, 1, '50.54050064086914'),
(38, 9, 2, '-1.2762099504470825'),
(39, 9, 3, '0.014854899607598782'),
(40, 9, 4, '-0.00006007189949741587'),
(41, 10, 0, '-2258.969970703125'),
(42, 10, 1, '181.37899780273438'),
(43, 10, 2, '-1.2210999727249146'),
(44, 10, 3, '0.7589390277862549'),
(45, 10, 4, '-0.027979999780654907'),
(46, 11, 0, '11709.099609375'),
(47, 11, 1, '-2784.800048828125'),
(48, 11, 2, '246.26100158691406'),
(49, 11, 3, '-9.73622989654541'),
(50, 11, 4, '0.14245499670505524'),
(51, 12, 0, '-45.964298248291016'),
(52, 12, 1, '4.827079772949219'),
(53, 12, 2, '-0.05074400082230568'),
(54, 12, 3, '0.0032291701063513756'),
(55, 12, 4, '-0.00004613100099959411'),
(56, 13, 0, '0.9689080119132996'),
(57, 13, 1, '0.0003156570019200444'),
(58, 13, 2, '0.00014696399739477783'),
(59, 13, 3, '-0.000005482860160554992'),
(60, 13, 4, '0.00000009937119926917148'),
(61, 14, 0, '0.9599990248680115'),
(62, 14, 1, '0.002653149887919426'),
(63, 14, 2, '-0.00003143159847240895'),
(64, 14, 3, '0.0000013571500403486425'),
(65, 14, 4, '-0.00000002131999998766787'),
(66, 15, 0, '0.9515349864959717'),
(67, 15, 1, '0.005012880079448223'),
(68, 15, 2, '-0.0002166699996450916'),
(69, 15, 3, '0.000009106630386668257'),
(70, 15, 4, '-0.0000001673389959933047'),
(71, 16, 0, '1.0010199546813965'),
(72, 16, 1, '-0.005077649839222431'),
(73, 16, 2, '0.0005469620227813721'),
(74, 16, 3, '-0.000015791099940543063'),
(75, 16, 4, '0.00000020399799893766613'),
(76, 17, 0, '0.9417200088500977'),
(77, 17, 1, '0.010191399604082108'),
(78, 17, 2, '-0.0007922369986772537'),
(79, 17, 3, '0.000040521499613532797'),
(80, 17, 4, '-0.0000009228569979313761'),
(81, 18, 0, '0.971930980682373'),
(82, 18, 1, '0.0037383600138127804'),
(83, 18, 2, '-0.00012977700680494308'),
(84, 18, 3, '0.00001051520030159736'),
(85, 18, 4, '-0.0000003104970005551877'),
(86, 19, 0, '0.9779049754142761'),
(87, 19, 1, '0.0008858800283633173'),
(88, 19, 2, '0.00013807200593873858'),
(89, 19, 3, '0.0000005849850026606873'),
(90, 19, 4, '-0.00000014898699873810983'),
(91, 20, 0, '5.1519598960876465'),
(92, 20, 1, '-0.010167700238525867'),
(93, 20, 2, '0.0000096167696028715'),
(94, 20, 3, '-0.000000004335249936815444'),
(95, 20, 4, '0.0000000000007381049981283749'),
(96, 21, 0, '11.614399909973145'),
(97, 21, 1, '-0.03615809977054596'),
(98, 21, 2, '0.00004875849845120683'),
(99, 21, 3, '-0.00000003050169894436294'),
(100, 21, 4, '0.000000000007290790367264766'),
(101, 22, 0, '12.050999641418457'),
(102, 22, 1, '-0.037794001400470734'),
(103, 22, 2, '0.00005103430157760158'),
(104, 22, 3, '-0.00000003189540009884695'),
(105, 22, 4, '0.000000000007607960268718461'),
(106, 23, 0, '10.117899894714355'),
(107, 23, 1, '-0.03013090044260025'),
(108, 23, 2, '0.00003964930147049017'),
(109, 23, 3, '-0.000000024381899166314724'),
(110, 23, 4, '0.0000000000057494898599019795'),
(111, 24, 0, '-0.4032599925994873'),
(112, 24, 1, '0.011545100249350071'),
(113, 24, 2, '-0.000022243999410420656'),
(114, 24, 3, '0.000000016455500073675466'),
(115, 24, 4, '-0.0000000000043493902056324085'),
(116, 25, 0, '3.6476099491119385'),
(117, 25, 1, '-0.004994669929146767'),
(118, 25, 2, '0.0000030867399800627027'),
(119, 25, 3, '-0.0000000007819629943561779'),
(120, 25, 4, '0.00000000000004619649931689174'),
(121, 26, 0, '1.001039981842041'),
(122, 26, 1, '-0.00001184859956993023'),
(123, 26, 2, '-0.000000008912640403480054'),
(124, 26, 3, '0.0000000011128300503315813'),
(125, 26, 4, '-0.0000000000185371006738988'),
(126, 27, 0, '1.0027600526809692'),
(127, 27, 1, '-0.00002991129986185115'),
(128, 27, 2, '-0.00000002004549948253498'),
(129, 27, 3, '0.0000000009597610484135544'),
(130, 27, 4, '-0.000000000014456599979617568'),
(131, 28, 0, '1.0059399604797363'),
(132, 28, 1, '-0.00006159880285849795'),
(133, 28, 2, '-0.00000023280199457076378'),
(134, 28, 3, '0.000000006190369994385492'),
(135, 28, 4, '-0.00000000006904200128277083'),
(136, 29, 0, '1.0061700344085693'),
(137, 29, 1, '-0.00006967419903958216'),
(138, 29, 2, '0.000000021887300860612413'),
(139, 29, 3, '0.000000000676119993325841'),
(140, 29, 4, '-0.000000000011072399941358668'),
(141, 30, 0, '1.018470048904419'),
(142, 30, 1, '-0.00023955899814609438'),
(143, 30, 2, '0.0000010818699820447364'),
(144, 30, 3, '-0.000000010547499762481038'),
(145, 30, 4, '0.0000000000292165007464984'),
(146, 31, 0, '1.0210800170898438'),
(147, 31, 1, '-0.0003951030084863305'),
(148, 31, 2, '0.000006046930138836615'),
(149, 31, 3, '-0.00000010144700013370311'),
(150, 31, 4, '0.0000000008339530177536858'),
(151, 32, 0, '0.9475730061531067'),
(152, 32, 1, '0.0000016474399444632581'),
(153, 32, 2, '-0.000000000011708399874632569'),
(154, 33, 0, '0.9499959945678711'),
(155, 33, 1, '0.000001576480030962557'),
(156, 33, 2, '-0.000000000010949199880094795'),
(157, 34, 0, '0.949386'),
(158, 34, 1, '0.00000163193'),
(159, 34, 2, '-0.00000000001152942'),
(160, 35, 0, '164.85800170898438'),
(161, 35, 1, '-489.6239929199219'),
(162, 35, 2, '487.01300048828125'),
(163, 35, 3, '-161.2480010986328'),
(164, 36, 0, '133.80099487304688'),
(165, 36, 1, '-392.1960144042969'),
(166, 36, 2, '385.5429992675781'),
(167, 36, 3, '-126.14800262451172'),
(168, 37, 0, '27.14929962158203'),
(169, 37, 1, '-68.68309783935547'),
(170, 37, 2, '58.860801696777344'),
(171, 37, 3, '-16.32699966430664'),
(172, 38, 0, '42.0625'),
(173, 38, 1, '-113.06600189208984'),
(174, 38, 2, '102.91899871826172'),
(175, 38, 3, '-3.0915699005126953'),
(176, 39, 0, '287.2489929199219'),
(177, 39, 1, '-836.5789794921875'),
(178, 39, 2, '815.3889770507812'),
(179, 39, 3, '-265.0589904785156'),
(180, 40, 0, '443.9630126953125'),
(181, 40, 1, '-1305.8199462890625'),
(182, 40, 2, '1284.52001953125'),
(183, 40, 3, '-421.6629943847656'),
(184, 41, 0, '0.00474285714'),
(185, 41, 1, '0.000547085714'),
(186, 41, 2, '-0.0000000498285714'),
(187, 41, 3, '0.000000000001792'),
(188, 42, 0, '1.614'),
(189, 42, 1, '0.0000786285714'),
(190, 42, 2, '-0.0000000010857143'),
(191, 43, 0, '0.99026'),
(192, 43, 1, '0.00000974'),
(193, 44, 0, '1.00003698'),
(194, 44, 1, '0.00502014479'),
(195, 44, 2, '-0.00001124809'),
(196, 45, 0, '448.5652770027'),
(197, 45, 1, '-2.1475024881'),
(198, 45, 2, '0.007231743'),
(199, 45, 3, '-0.0000082402'),
(200, 46, 0, '0.2109403744'),
(201, 46, 1, '742.3358617859');

-- --------------------------------------------------------

--
-- Table structure for table `function_coeff_sets`
--

CREATE TABLE `function_coeff_sets` (
  `id` int NOT NULL,
  `function_id` int NOT NULL,
  `x_value` double NOT NULL,
  `created_at` timestamp NOT NULL DEFAULT CURRENT_TIMESTAMP
) ENGINE=InnoDB DEFAULT CHARSET=utf8mb4 COLLATE=utf8mb4_0900_ai_ci;

--
-- Dumping data for table `function_coeff_sets`
--

INSERT INTO `function_coeff_sets` (`id`, `function_id`, `x_value`, `created_at`) VALUES
(2, 1, 1, '2025-05-09 03:55:58'),
(3, 1, 0.95, '2025-05-09 03:55:58'),
(4, 1, 0.9, '2025-05-09 03:55:58'),
(5, 1, 0.85, '2025-05-09 03:55:58'),
(6, 2, 1, '2025-05-09 03:55:58'),
(7, 2, 0.95, '2025-05-09 03:55:58'),
(8, 2, 0.9, '2025-05-09 03:55:58'),
(9, 2, 0.85, '2025-05-09 03:55:58'),
(10, 5, 0, '2025-05-09 03:55:58'),
(11, 6, 0, '2025-05-09 03:55:58'),
(12, 7, 0, '2025-05-09 03:55:58'),
(13, 8, 10, '2025-05-09 03:55:58'),
(14, 8, 20, '2025-05-09 03:55:58'),
(15, 8, 40, '2025-05-09 03:55:58'),
(16, 8, 58, '2025-05-09 03:55:58'),
(17, 8, 80, '2025-05-09 03:55:58'),
(18, 8, 100, '2025-05-09 03:55:58'),
(19, 9, 0, '2025-05-09 03:55:58'),
(20, 10, -15, '2025-05-09 03:55:58'),
(21, 10, -3, '2025-05-09 03:55:58'),
(22, 10, 9, '2025-05-09 03:55:58'),
(23, 10, 10, '2025-05-09 03:55:58'),
(24, 10, 33, '2025-05-09 03:55:58'),
(25, 10, 45, '2025-05-09 03:55:58'),
(26, 11, -15, '2025-05-09 03:55:58'),
(27, 11, -3, '2025-05-09 03:55:58'),
(28, 11, 9, '2025-05-09 03:55:58'),
(29, 11, 10, '2025-05-09 03:55:58'),
(30, 11, 33, '2025-05-09 03:55:58'),
(31, 11, 45, '2025-05-09 03:55:58'),
(32, 12, 4, '2025-05-09 03:55:58'),
(33, 12, 3.911, '2025-05-09 03:55:58'),
(34, 12, 3.829, '2025-05-09 03:55:58'),
(35, 13, -15, '2025-05-09 03:55:58'),
(36, 13, -3, '2025-05-09 03:55:58'),
(37, 13, 9, '2025-05-09 03:55:58'),
(38, 13, 10, '2025-05-09 03:55:58'),
(39, 13, 33, '2025-05-09 03:55:58'),
(40, 13, 45, '2025-05-09 03:55:58'),
(41, 14, 10000, '2025-05-09 03:55:58'),
(42, 14, 10001, '2025-05-09 03:55:58'),
(43, 16, 0, '2025-05-09 03:55:58'),
(44, 17, 0, '2025-05-09 03:55:58'),
(45, 15, 212.31, '2025-05-09 03:55:58'),
(46, 15, 212.3, '2025-05-09 03:55:58');

-- --------------------------------------------------------

--
-- Table structure for table `meters`
--

CREATE TABLE `meters` (
  `id` int NOT NULL,
  `meter_type_id` int NOT NULL,
  `equipment_id` int DEFAULT NULL,
  `serial_number` varchar(50) NOT NULL,
  `scale` decimal(12,3) NOT NULL,
  `coefficient_k` decimal(10,3) NOT NULL DEFAULT '1.000',
  `name` varchar(100) NOT NULL,
  `is_active` tinyint(1) NOT NULL DEFAULT '1',
  `created_at` timestamp NOT NULL DEFAULT CURRENT_TIMESTAMP,
  `updated_at` timestamp NOT NULL DEFAULT CURRENT_TIMESTAMP ON UPDATE CURRENT_TIMESTAMP
) ENGINE=InnoDB DEFAULT CHARSET=utf8mb4 COLLATE=utf8mb4_0900_ai_ci;

--
-- Dumping data for table `meters`
--

INSERT INTO `meters` (`id`, `meter_type_id`, `equipment_id`, `serial_number`, `scale`, `coefficient_k`, `name`, `is_active`, `created_at`, `updated_at`) VALUES
(36, 1, 1, 'TG7A12', 999999.999, 315000.000, 'ТГ-7', 1, '2025-08-20 15:15:10', '2025-08-20 15:15:10'),
(37, 1, 2, 'TG8B93', 999999.999, 315000.000, 'ТГ-8', 1, '2025-08-20 15:15:10', '2025-08-20 15:15:10'),
(38, 1, 3, 'GTG1Z8', 999999.999, 1620000.000, 'ГТГ-1', 1, '2025-08-20 15:15:10', '2025-08-20 15:15:10'),
(39, 1, 4, 'PTG1X7', 999999.999, 805000.000, 'ПТГ-1', 1, '2025-08-20 15:15:10', '2025-08-20 15:15:10'),
(40, 1, 5, 'GTG2L9', 999999.999, 1620000.000, 'ГТГ-2', 1, '2025-08-20 15:15:10', '2025-08-20 15:15:10'),
(41, 1, 6, 'PTG2K3', 999999.999, 805000.000, 'ПТГ-2', 1, '2025-08-20 15:15:10', '2025-08-20 15:15:10'),
(42, 2, NULL, '6AA743', 999999.999, 24000.000, 'ТСР-3-6а', 1, '2025-08-20 15:15:10', '2025-08-20 15:15:10'),
(43, 2, NULL, 'B1C02A', 999999.999, 24000.000, 'ТСР-3-6б', 1, '2025-08-20 15:15:10', '2025-08-20 15:15:10'),
(44, 2, 1, '95XAD2', 999999.999, 18000.000, 'ТСБ-7 ВСР-13', 1, '2025-08-20 15:15:10', '2025-08-20 15:15:10'),
(45, 2, 1, '7GH6WQ', 999999.999, 18000.000, 'ТСБ-7 ВСР-14', 1, '2025-08-20 15:15:10', '2025-08-20 15:15:10'),
(46, 2, 2, 'XLM812', 999999.999, 18000.000, 'ТСБ-8 ВСР-15', 1, '2025-08-20 15:15:10', '2025-08-20 15:15:10'),
(47, 2, 2, 'LPO9F1', 999999.999, 18000.000, 'ТСБ-8 ВСР-16', 1, '2025-08-20 15:15:10', '2025-08-20 15:15:10'),
(48, 2, NULL, 'UUE1Z0', 999999.999, 12000.000, 'Т-5 ВРП-1', 1, '2025-08-20 15:15:10', '2025-08-20 15:15:10'),
(49, 2, NULL, 'MKTQ6Z', 999999.999, 12000.000, 'Т-5 ВРП-2', 1, '2025-08-20 15:15:10', '2025-08-20 15:15:10'),
(50, 2, NULL, '3KVP03', 999999.999, 12000.000, 'Т-6 ВСР-1', 1, '2025-08-20 15:15:10', '2025-08-20 15:15:10'),
(51, 2, NULL, 'TXD6YY', 999999.999, 12000.000, 'Т-6 ВСР-2', 1, '2025-08-20 15:15:10', '2025-08-20 15:15:10'),
(52, 2, NULL, 'LA1BL5', 999999.999, 14000.000, 'Л-БН-1', 1, '2025-08-20 15:15:10', '2025-08-20 15:15:10'),
(53, 2, NULL, 'LB2GG4', 999999.999, 7000.000, 'Л-БН-2', 1, '2025-08-20 15:15:10', '2025-08-20 15:15:10'),
(54, 2, 3, 'TSN1PG', 999999.999, 234000.000, 'ТСН-1 (ПГУ)', 1, '2025-08-20 15:15:10', '2025-08-20 15:15:10'),
(55, 2, 5, 'TSN2PG', 999999.999, 234000.000, 'ТСН-2 (ПГУ)', 1, '2025-08-20 15:15:10', '2025-08-20 15:15:10'),
(56, 3, 1, 'TV7ABC', 999999.999, 6300.000, 'ТВ-7', 1, '2025-08-20 15:15:10', '2025-08-20 15:15:10'),
(57, 3, 2, 'TV8XYZ', 999999.999, 12600.000, 'ТВ-8', 1, '2025-08-20 15:15:10', '2025-08-20 15:15:10'),
(58, 3, NULL, 'RB3KL7', 999999.999, 3600.000, 'РВ-3', 1, '2025-08-20 15:15:10', '2025-08-20 15:15:10'),
(59, 4, NULL, 'OKRSL2', 999999.999, 1000.000, 'Хоз. нужды', 1, '2025-08-20 15:15:10', '2025-08-22 18:11:58');

-- --------------------------------------------------------

--
-- Table structure for table `meter_readings`
--

CREATE TABLE `meter_readings` (
  `id` bigint NOT NULL,
  `meter_id` int NOT NULL,
  `date` date NOT NULL,
  `r0` decimal(14,3) NOT NULL,
  `r8` decimal(14,3) DEFAULT NULL,
  `r16` decimal(14,3) DEFAULT NULL,
  `r24` decimal(14,3) DEFAULT NULL,
  `shift1` decimal(14,3) DEFAULT NULL,
  `shift2` decimal(14,3) DEFAULT NULL,
  `shift3` decimal(14,3) DEFAULT NULL,
  `total` decimal(14,3) DEFAULT NULL,
  `user_id` int DEFAULT NULL,
  `created_at` timestamp NOT NULL DEFAULT CURRENT_TIMESTAMP,
  `updated_at` timestamp NOT NULL DEFAULT CURRENT_TIMESTAMP ON UPDATE CURRENT_TIMESTAMP
) ENGINE=InnoDB DEFAULT CHARSET=utf8mb4 COLLATE=utf8mb4_0900_ai_ci;

--
-- Dumping data for table `meter_readings`
--

INSERT INTO `meter_readings` (`id`, `meter_id`, `date`, `r0`, `r8`, `r16`, `r24`, `shift1`, `shift2`, `shift3`, `total`, `user_id`, `created_at`, `updated_at`) VALUES
(160, 36, '2025-09-14', 0.000, 0.000, 0.000, 20.000, 0.000, 0.000, 6300.000, 6300.000, 1, '2025-09-14 20:51:41', '2025-09-15 05:07:03'),
(161, 37, '2025-09-14', 0.000, 68.382, NULL, NULL, 21540.330, NULL, NULL, 21540.330, 1, '2025-09-14 20:54:38', '2025-09-15 05:07:03'),
(162, 36, '2025-09-15', 20.000, 25.000, 30.000, 35.000, 1575.000, 1575.000, 1575.000, 4725.000, 1, '2025-09-15 05:07:11', '2025-09-15 11:01:41'),
(165, 48, '2025-09-15', 2.000, 6.000, NULL, NULL, 48.000, NULL, NULL, 48.000, 1, '2025-09-15 05:10:59', '2025-09-15 11:01:41'),
(166, 37, '2025-09-15', 5.000, 7.000, 9.000, 11.000, 630.000, 630.000, 630.000, 1890.000, 1, '2025-09-15 05:14:42', '2025-09-15 11:01:41'),
(167, 49, '2025-09-15', 0.000, 10.000, NULL, NULL, 120.000, NULL, NULL, 120.000, 1, '2025-09-15 07:06:16', '2025-09-15 11:01:41'),
(168, 49, '2025-09-14', 0.000, 10.000, NULL, NULL, 120.000, NULL, NULL, 120.000, 1, '2025-09-15 11:13:33', '2025-09-15 11:13:33'),
(169, 36, '2025-09-19', 10.000, 20.000, 30.000, 40.000, 3150.000, 3150.000, 3150.000, 9450.000, 1, '2025-09-19 07:13:57', '2025-09-19 07:13:57'),
(170, 37, '2025-09-19', 20.000, 29.000, 36.000, 49.000, 2835.000, 2205.000, 4095.000, 9135.000, 1, '2025-09-19 07:13:57', '2025-09-19 07:13:57');

-- --------------------------------------------------------

--
-- Table structure for table `meter_reading_history`
--

CREATE TABLE `meter_reading_history` (
  `history_id` bigint NOT NULL,
  `reading_id` bigint NOT NULL,
  `old_r0` decimal(14,3) DEFAULT NULL,
  `old_r8` decimal(14,3) DEFAULT NULL,
  `old_r16` decimal(14,3) DEFAULT NULL,
  `old_r24` decimal(14,3) DEFAULT NULL,
  `new_r0` decimal(14,3) DEFAULT NULL,
  `new_r8` decimal(14,3) DEFAULT NULL,
  `new_r16` decimal(14,3) DEFAULT NULL,
  `new_r24` decimal(14,3) DEFAULT NULL,
  `user_id` int DEFAULT NULL,
  `changed_at` timestamp NOT NULL DEFAULT CURRENT_TIMESTAMP,
  `comment` varchar(255) DEFAULT NULL
) ENGINE=InnoDB DEFAULT CHARSET=utf8mb4 COLLATE=utf8mb4_0900_ai_ci;

-- --------------------------------------------------------

--
-- Table structure for table `meter_replacements`
--

CREATE TABLE `meter_replacements` (
  `id` bigint NOT NULL,
  `meter_id` int NOT NULL,
  `replacement_date` date NOT NULL,
  `replacement_time` time NOT NULL,
  `old_serial` varchar(50) NOT NULL,
  `old_coefficient` decimal(10,4) NOT NULL,
  `old_scale` decimal(12,3) NOT NULL,
  `old_reading` decimal(14,3) NOT NULL,
  `new_serial` varchar(50) NOT NULL,
  `new_coefficient` decimal(10,4) NOT NULL,
  `new_scale` decimal(12,3) NOT NULL,
  `new_reading` decimal(14,3) NOT NULL,
  `downtime_min` int NOT NULL DEFAULT '0',
  `power_mw` decimal(8,3) NOT NULL DEFAULT '0.000',
  `user_id` int DEFAULT NULL,
  `comment` varchar(255) CHARACTER SET utf8mb4 COLLATE utf8mb4_0900_ai_ci DEFAULT NULL,
  `created_at` timestamp NOT NULL DEFAULT CURRENT_TIMESTAMP
) ENGINE=InnoDB DEFAULT CHARSET=utf8mb4 COLLATE=utf8mb4_0900_ai_ci;

-- --------------------------------------------------------

--
-- Table structure for table `meter_replacement_cancellations`
--

CREATE TABLE `meter_replacement_cancellations` (
  `id` bigint NOT NULL,
  `meter_id` int NOT NULL,
  `replacement_id` bigint NOT NULL,
  `cancellation_date` date NOT NULL,
  `user_id` int DEFAULT NULL,
  `comment` varchar(255) CHARACTER SET utf8mb4 COLLATE utf8mb4_0900_ai_ci DEFAULT NULL,
  `created_at` timestamp NOT NULL DEFAULT CURRENT_TIMESTAMP
) ENGINE=InnoDB DEFAULT CHARSET=utf8mb4 COLLATE=utf8mb4_0900_ai_ci;

-- --------------------------------------------------------

--
-- Table structure for table `meter_reserve_assignments`
--

CREATE TABLE `meter_reserve_assignments` (
  `id` bigint NOT NULL,
  `reserve_meter_id` int NOT NULL,
  `primary_meter_id` int NOT NULL,
  `start_time` datetime NOT NULL,
  `start_reading` decimal(14,3) NOT NULL,
  `end_time` datetime DEFAULT NULL,
  `end_reading` decimal(14,3) DEFAULT NULL,
  `user_id` int DEFAULT NULL,
  `comment` varchar(255) CHARACTER SET utf8mb4 COLLATE utf8mb4_unicode_ci DEFAULT NULL,
  `created_at` timestamp NULL DEFAULT CURRENT_TIMESTAMP
) ENGINE=InnoDB DEFAULT CHARSET=utf8mb4 COLLATE=utf8mb4_unicode_ci;

-- --------------------------------------------------------

--
-- Table structure for table `meter_types`
--

CREATE TABLE `meter_types` (
  `id` int NOT NULL,
  `name` varchar(100) NOT NULL,
  `description` text
) ENGINE=InnoDB DEFAULT CHARSET=utf8mb4 COLLATE=utf8mb4_0900_ai_ci;

--
-- Dumping data for table `meter_types`
--

INSERT INTO `meter_types` (`id`, `name`, `description`) VALUES
(1, 'Выработка электроэнергии', 'Учёт выработанной энергии'),
(2, 'Расход на собственные нужды', 'Учёт расхода на собственные нужды станции'),
(3, 'Тиристорные', 'Учёт тиристорных возбудителей'),
(4, 'Расход на хозяйственные нужды', 'Учёт расхода на хозяйственные нужды');

-- --------------------------------------------------------

--
-- Table structure for table `parameters`
--

CREATE TABLE `parameters` (
  `id` int NOT NULL,
  `name` varchar(100) CHARACTER SET utf8mb4 COLLATE utf8mb4_unicode_ci NOT NULL,
  `description` text CHARACTER SET utf8mb4 COLLATE utf8mb4_unicode_ci,
  `unit` varchar(50) CHARACTER SET utf8mb4 COLLATE utf8mb4_unicode_ci DEFAULT NULL,
  `equipment_type_id` int NOT NULL
) ENGINE=InnoDB DEFAULT CHARSET=utf8mb4 COLLATE=utf8mb4_unicode_ci;

--
-- Dumping data for table `parameters`
--

INSERT INTO `parameters` (`id`, `name`, `description`, `unit`, `equipment_type_id`) VALUES
(11, 'Отпуск тепла на теплоцентраль', 'Отпуск тепла на теплоцентраль', 'Гкал', 2),
(12, 'Отпуск тепла на блоки', 'Отпуск тепла на блоки', 'Гкал', 2),
(13, 'Барометрическое давление', 'Барометрическое давление', 'мбар', 2),
(14, 'Относительная влажность атмосферного воздуха', 'Относительная влажность атмосферного воздуха', '%', 2),
(15, 'Относительная влажность на входе компрессора', 'Относительная влажность на входе компрессора', '%', 2),
(16, 'cosφГТ', 'Коэффициент мощности газовой турбины', '', 2),
(17, 'Частота ГТ', 'Частота газовой турбины', 'Гц', 2),
(18, 'cosφПТ', 'Коэффициент мощности паровой турбины', '', 2),
(19, 'Температура влажного термометра на входе в градирни', 'Температура влажного термометра на входе в градирни', '°C', 2),
(20, 'Температура наружного воздуха', 'Температура наружного воздуха', '°C', 2),
(21, 'Температура воздуха на входе в компрессор', 'Температура воздуха на входе в компрессор', '°C', 2),
(22, 'Давление природного газа на входе в ГДКС', 'Давление природного газа на входе в ГДКС', 'бар', 2),
(23, 'Температура природного газа на входе в ГДКС', 'Температура природного газа на входе в ГДКС', '°C', 2),
(24, 'Расход топлива на ГТУ', 'Расход топлива на ГТУ', 'тысяч м³', 2),
(25, 'Плотность природного газа', 'Плотность природного газа', 'кг/м³', 2),
(26, 'Соотношение Н/С', 'Соотношение водорода к углероду', '', 2),
(27, 'Низшая теплота сгорания топлива на ГТУ', 'Низшая теплота сгорания топлива на ГТУ', 'кДж/кг', 2),
(28, 'Сопротивление КВОУ', 'Сопротивление котла-утилизатора очистки уходящих газов', 'Па', 2),
(29, 'P острого пара перед т/а', 'Давление острого пара перед турбоагрегатом', 'kg/sm²', 1),
(30, 't острого пара перед т/а', 'Температура острого пара перед турбоагрегатом', '°C', 1),
(31, 't в циркводы на входе', 'Температура циркуляционной воды на входе', '°C', 1),
(32, 't в циркводы на выходе', 'Температура циркуляционной воды на выходе', '°C', 1),
(33, 't питательной воды', 'Температура питательной воды', '°C', 1),
(34, 'Расход дистиллята', 'Расход дистиллята', 'т/ч', 1),
(35, 'Выработка пара котлами', 'Выработка пара котлами', 't', 1),
(36, 'Продувка', 'Продувка котла', '%', 1),
(37, 'Расход питательной воды', 'Расход питательной воды', 't', 1),
(38, 't пара после промперегрева', 'Температура пара после промежуточного перегрева', '°C', 1),
(39, 't пара до промперегрева', 'Температура пара до промежуточного перегрева', '°C', 1),
(40, 't питательной воды ПВД', 'Температура питательной воды после ПВД', '°C', 1),
(41, 'P кс питательной воды', 'Давление питательной воды', '°C', 1),
(42, 't холодного воздуха', 'Температура холодного воздуха', '°C', 1),
(43, 'Факт Qнр (газ)', 'Фактическая низшая теплота сгорания газа', 'kcal/nm³', 1),
(44, 'Факт Qнр (мазут)', 'Фактическая низшая теплота сгорания мазута', 'kcal/kg', 1),
(45, 'В топлива за месяц (газ)', 'Расход топлива за месяц (газ)', 'nm³', 1),
(46, 'В топлива за месяц (мазут)', 'Расход топлива за месяц (мазут)', 't', 1),
(47, 'Температура уходящих газов', 'Температура уходящих газов', '°C', 1),
(48, 'α- уходящих', 'Коэффициент избытка воздуха уходящих газов', '', 1),
(49, 'Продолжительность работы тг от даты разр.', '', 'ч', 1),
(50, 'Qкбр', 'Теплопроизводительность котла брутто', 'Gkal', 1),
(51, 'Dпара', 'Расход пара промперегрева', 'т/ч', 1),
(52, 'Pабс пара п.п. после к/а', 'Абсолютное давление пара п.п. после к/а', 'kg/sm2', 1),
(53, 'Pабс пара п.п. до к/а', 'Абсолютное давление пара п.п. до к/а', 'kg/sm2', 1),
(54, 'i острого пара', 'Энтальпия острого пара', 'kcal/kg', 1),
(55, 'i горячего п.п.', 'Энтальпия горячего пара промперегрева', 'kcal/kg', 1),
(56, 'i холодного п.п.', 'Энтальпия холодного пара промперегрева', 'kcal/kg', 1),
(57, 'i питательной воды', 'Энтальпия питательной воды', 'kcal/kg', 1);

-- --------------------------------------------------------

--
-- Table structure for table `parameter_values`
--

CREATE TABLE `parameter_values` (
  `id` int NOT NULL,
  `parameter_id` int NOT NULL,
  `equipment_id` int NOT NULL,
  `value` decimal(10,4) NOT NULL,
  `date` date NOT NULL,
  `shift_id` int NOT NULL,
  `user_id` int NOT NULL,
  `created_at` timestamp NULL DEFAULT CURRENT_TIMESTAMP,
  `cell` varchar(20) CHARACTER SET utf8mb4 COLLATE utf8mb4_unicode_ci DEFAULT NULL
) ENGINE=InnoDB DEFAULT CHARSET=utf8mb4 COLLATE=utf8mb4_unicode_ci;

--
-- Dumping data for table `parameter_values`
--

INSERT INTO `parameter_values` (`id`, `parameter_id`, `equipment_id`, `value`, `date`, `shift_id`, `user_id`, `created_at`, `cell`) VALUES
(320, 35, 1, 79602.0000, '2025-09-18', 1, 1, '2025-09-18 10:19:56', 'C20'),
(321, 35, 7, 79602.0000, '2025-09-18', 1, 1, '2025-09-18 10:19:56', 'E20'),
(322, 35, 1, 79602.0000, '2025-09-18', 2, 1, '2025-09-18 10:24:31', 'C20'),
(323, 35, 7, 79602.0000, '2025-09-18', 2, 1, '2025-09-18 10:24:31', 'E20'),
(324, 35, 1, 79602.0000, '2025-09-18', 3, 1, '2025-09-18 11:06:36', 'C20'),
(325, 35, 7, 79602.0000, '2025-09-18', 3, 1, '2025-09-18 11:06:36', 'E20'),
(326, 37, 2, 7900.0000, '2025-09-18', 1, 1, '2025-09-18 13:35:53', 'D22'),
(327, 37, 7, 15402.0000, '2025-09-18', 1, 1, '2025-09-18 13:35:53', 'E22'),
(328, 37, 1, 7502.0000, '2025-09-18', 1, 1, '2025-09-18 13:40:44', 'C22'),
(329, 42, 1, 23.0000, '2025-09-19', 1, 1, '2025-09-19 06:54:32', 'C27'),
(330, 42, 2, 49.0000, '2025-09-19', 1, 1, '2025-09-19 06:54:32', 'D27'),
(331, 40, 1, 30.0000, '2025-09-19', 1, 1, '2025-09-19 07:03:55', 'C25'),
(332, 49, 1, 82407.0000, '2025-09-19', 1, 1, '2025-09-19 07:03:55', 'C12'),
(333, 40, 2, 210.0000, '2025-09-19', 1, 1, '2025-09-19 07:03:55', 'D25'),
(334, 49, 2, 75730.0000, '2025-09-19', 1, 1, '2025-09-19 07:03:55', 'D12'),
(335, 29, 2, 102.0000, '2025-09-19', 1, 1, '2025-09-19 07:13:26', 'D14'),
(336, 30, 2, 540.0000, '2025-09-19', 1, 1, '2025-09-19 07:13:26', 'D15'),
(337, 31, 2, 29.0000, '2025-09-19', 1, 1, '2025-09-19 07:13:26', 'D16'),
(338, 32, 2, 41.0000, '2025-09-19', 1, 1, '2025-09-19 07:13:26', 'D17'),
(339, 33, 2, 210.0000, '2025-09-19', 1, 1, '2025-09-19 07:13:26', 'D18'),
(340, 34, 2, 23.0000, '2025-09-19', 1, 1, '2025-09-19 07:13:26', 'D19'),
(341, 35, 2, 79602.0000, '2025-09-19', 1, 1, '2025-09-19 07:13:26', 'D20'),
(342, 36, 2, 0.9000, '2025-09-19', 1, 1, '2025-09-19 07:13:26', 'D21'),
(343, 37, 2, 71945.0000, '2025-09-19', 1, 1, '2025-09-19 07:13:26', 'D22'),
(344, 38, 2, 540.0000, '2025-09-19', 1, 1, '2025-09-19 07:13:26', 'D23'),
(345, 39, 2, 327.0000, '2025-09-19', 1, 1, '2025-09-19 07:13:26', 'D24'),
(346, 41, 2, 199.0000, '2025-09-19', 1, 1, '2025-09-19 07:13:26', 'D26'),
(347, 45, 2, 7981.5100, '2025-09-19', 1, 1, '2025-09-19 07:13:26', 'D30'),
(348, 47, 2, 118.0000, '2025-09-19', 1, 1, '2025-09-19 07:13:26', 'D32'),
(349, 48, 2, 1.3700, '2025-09-19', 1, 1, '2025-09-19 07:13:26', 'D33'),
(350, 29, 7, 51.0000, '2025-09-19', 1, 1, '2025-09-19 07:13:26', 'E14'),
(351, 30, 7, 270.0000, '2025-09-19', 1, 1, '2025-09-19 07:13:26', 'E15'),
(352, 31, 7, 28.0000, '2025-09-19', 1, 1, '2025-09-19 07:13:26', 'E16'),
(353, 32, 7, 39.0000, '2025-09-19', 1, 1, '2025-09-19 07:13:26', 'E17'),
(354, 33, 7, 215.0000, '2025-09-19', 1, 1, '2025-09-19 07:13:26', 'E18'),
(355, 34, 7, 23.0000, '2025-09-19', 1, 1, '2025-09-19 07:13:26', 'E19'),
(356, 35, 7, 79602.0000, '2025-09-19', 1, 1, '2025-09-19 07:13:26', 'E20'),
(357, 37, 7, 71945.0000, '2025-09-19', 1, 1, '2025-09-19 07:13:26', 'E22'),
(358, 43, 7, 8125.0000, '2025-09-19', 1, 1, '2025-09-19 07:13:26', 'E28'),
(359, 44, 7, 9500.0000, '2025-09-19', 1, 1, '2025-09-19 07:13:26', 'E29'),
(360, 45, 7, 7981.5100, '2025-09-19', 1, 1, '2025-09-19 07:13:26', 'E30'),
(361, 46, 7, 0.0000, '2025-09-19', 1, 1, '2025-09-19 07:13:26', 'E31');

-- --------------------------------------------------------

--
-- Table structure for table `pgu_fullparams`
--

CREATE TABLE `pgu_fullparams` (
  `id` int NOT NULL,
  `code` varchar(50) CHARACTER SET utf8mb4 COLLATE utf8mb4_unicode_ci NOT NULL,
  `title` text CHARACTER SET utf8mb4 COLLATE utf8mb4_unicode_ci NOT NULL,
  `unit` varchar(50) CHARACTER SET utf8mb4 COLLATE utf8mb4_unicode_ci DEFAULT NULL,
  `row_num` int DEFAULT NULL
) ENGINE=InnoDB DEFAULT CHARSET=utf8mb4 COLLATE=utf8mb4_unicode_ci;

--
-- Dumping data for table `pgu_fullparams`
--

INSERT INTO `pgu_fullparams` (`id`, `code`, `title`, `unit`, `row_num`) VALUES
(1, 'Эвыр_гту', 'Выработка э.э газовой турбиной', 'x10^3 kWh', 10),
(2, 'Эвыр_пту', 'Выработка э.э паровой турбиной', 'x10^3 kWh', 11),
(3, 'Эвыр_пгу', 'Выработка электроэнергии ПГУ', 'x10^3 kWh', 12),
(4, 'Эотп_пгу', 'Отпуск электроэнергии от блока', 'x10^3 kWh', 13),
(5, 'Qотп_пгу', 'Отпуск тепла', 'Гкал', 14),
(6, 'Эсн', 'СН блока э.э., %', '%', 15),
(7, 'τрабПГУ', 'Число часов работы ПГУ', 'часы', 16),
(8, 'τАОС', 'Число часов работы ПГУ с системой АОС', 'часы', 17),
(9, 'τИО', 'Число часов работы ПГУ с испарительным охладителем', 'часы', 18),
(10, 'τхарак_пт', 'Наработка блока на момент составления характеристик', 'часы', 19),
(11, 'tн.в', 'Температура наружного воздуха', '°C', 20),
(12, 'tвх.к', 'Температура на входе компрессора по сухому термометру', '°C', 21),
(13, 'Испаритель', 'Испаритель включен-1, выключен-0', '', 22),
(14, 'Рбар', 'Барометрическое давление', 'mbar', 23),
(15, 'φвоз', 'Относительная влажность атмосферного воздуха', '%', 24),
(16, 'φвх.к', 'Относительная влажность на входе компрессора', '%', 25),
(17, 'tвл.т.вх.град', 'Температура влажного термометра на входе в градирни', '°C', 26),
(18, 'cosφГТ', 'Коэффициент мощности газовой турбины', '', 27),
(19, 'ν', 'Системная частота (относительная частота вращения двигателя ГТ)', '', 28),
(20, 'cosφПТ', 'Коэффициент мощности паровой турбины', '', 29),
(21, 'Qнр', 'Низшая теплота сгорания топлива, kJ/kg', 'kJ/kg', 30),
(22, 'Qнр_ккал', 'Низшая теплота сгорания топлива, kcal/nm3', 'kcal/nm3', 31),
(23, 'Ргаза', 'Давление топливного газа', 'bara', 32),
(24, 'Тгаза', 'Температура топливного газа', '°C', 33),
(25, 'Qотб', 'Тепловая нагрузка', 'Gcal/h', 34),
(26, 'ΔРКВОУ', 'Сопротивление КВОУ', 'kPa', 35),
(27, 'Δt', 'Разница температуры наружного воздуха и на входе компрессора', '°C', 36),
(28, 'H/C', 'Соотношение H/C', '', 37),
(29, 'Q′нр', 'Отклонение низшей теплоты от проектной', '%', 38),
(30, 'τнараб_пгу', 'Эквивалентные часы работы блока', 'часы', 39),
(31, 'nпуск_пгу', 'Количество пусков ПГУ по диспетчерскому графику', '', 40),
(32, 'BнатПГУ', 'Количество топлива в натуральном исчислении за месяц', 'м³', 41),
(33, 'Впгуф', 'Фактический расход топлива на ПГУ (условное)', 'т.усл.топл./мес', 42),
(34, 'ρг', 'Плотность природного газа', 'kg/m³', 43);

-- --------------------------------------------------------

--
-- Table structure for table `pgu_fullparam_values`
--

CREATE TABLE `pgu_fullparam_values` (
  `id` bigint NOT NULL,
  `fullparam_id` int NOT NULL,
  `pgu_id` int NOT NULL,
  `date` date NOT NULL,
  `shift_id` int NOT NULL,
  `value` decimal(20,4) DEFAULT NULL,
  `cell` varchar(20) CHARACTER SET utf8mb4 COLLATE utf8mb4_unicode_ci DEFAULT NULL
) ENGINE=InnoDB DEFAULT CHARSET=utf8mb4 COLLATE=utf8mb4_unicode_ci;

--
-- Dumping data for table `pgu_fullparam_values`
--

INSERT INTO `pgu_fullparam_values` (`id`, `fullparam_id`, `pgu_id`, `date`, `shift_id`, `value`, `cell`) VALUES
(897, 14, 1, '2025-08-22', 1, 999.6000, 'F23'),
(898, 15, 1, '2025-08-22', 1, 32.6000, 'F24'),
(899, 18, 1, '2025-08-22', 1, 0.9540, 'F27'),
(900, 19, 1, '2025-08-22', 1, 50.0000, 'F28'),
(901, 11, 1, '2025-08-22', 1, 28.7000, 'F20'),
(902, 12, 1, '2025-08-22', 1, 26.3000, 'F21'),
(903, 23, 1, '2025-08-22', 1, 12.3000, 'F32'),
(904, 24, 1, '2025-08-22', 1, 23.4000, 'F33'),
(905, 32, 1, '2025-08-22', 1, 30328.3120, 'F41'),
(906, 34, 1, '2025-08-22', 1, 0.7200, 'F43'),
(907, 21, 1, '2025-08-22', 1, 47246.8750, 'F30'),
(908, 26, 1, '2025-08-22', 1, 1849.0000, 'F35'),
(909, 22, 1, '2025-08-22', 1, 8125.0000, 'F31'),
(910, 27, 1, '2025-08-22', 1, -2.4000, 'F36'),
(911, 29, 1, '2025-08-22', 1, -1.5587, 'F38'),
(912, 33, 1, '2025-08-22', 1, 35202.5050, 'F42'),
(913, 5, 1, '2025-08-22', 1, 534.3570, 'F14'),
(914, 20, 1, '2025-08-22', 1, 0.9530, 'F29'),
(915, 17, 1, '2025-08-22', 1, 9.2000, 'F26'),
(916, 14, 2, '2025-08-22', 1, 999.5000, 'G23'),
(917, 15, 2, '2025-08-22', 1, 34.4000, 'G24'),
(918, 18, 2, '2025-08-22', 1, 0.9570, 'G27'),
(919, 19, 2, '2025-08-22', 1, 50.0000, 'G28'),
(920, 11, 2, '2025-08-22', 1, 29.0000, 'G20'),
(921, 12, 2, '2025-08-22', 1, 27.1000, 'G21'),
(922, 23, 2, '2025-08-22', 1, 12.3000, 'G32'),
(923, 24, 2, '2025-08-22', 1, 23.4000, 'G33'),
(924, 32, 2, '2025-08-22', 1, 32697.8160, 'G41'),
(925, 34, 2, '2025-08-22', 1, 0.7200, 'G43'),
(926, 21, 2, '2025-08-22', 1, 47246.8750, 'G30'),
(927, 26, 2, '2025-08-22', 1, 1068.0000, 'G35'),
(928, 22, 2, '2025-08-22', 1, 8125.0000, 'G31'),
(929, 27, 2, '2025-08-22', 1, -1.9000, 'G36'),
(930, 29, 2, '2025-08-22', 1, -1.5587, 'G38'),
(931, 33, 2, '2025-08-22', 1, 37952.8221, 'G42'),
(932, 5, 2, '2025-08-22', 1, 437.4930, 'G14'),
(933, 20, 2, '2025-08-22', 1, 0.9580, 'G29'),
(934, 17, 2, '2025-08-22', 1, 9.2000, 'G26'),
(935, 1, 2, '2025-08-23', 1, 8100.0000, 'G10'),
(936, 1, 2, '2025-08-23', 2, 8100.0000, 'G10'),
(937, 1, 2, '2025-08-23', 3, 16200.0000, 'G10'),
(938, 3, 2, '2025-08-23', 1, 12125.0000, 'G12'),
(939, 4, 2, '2025-08-23', 1, 11891.0000, 'G13'),
(940, 3, 2, '2025-08-23', 2, 12125.0000, 'G12'),
(941, 4, 2, '2025-08-23', 2, 11891.0000, 'G13'),
(942, 3, 2, '2025-08-23', 3, 24250.0000, 'G12'),
(943, 4, 2, '2025-08-23', 3, 24016.0000, 'G13'),
(944, 2, 2, '2025-08-23', 1, 4025.0000, 'G11'),
(945, 2, 2, '2025-08-23', 2, 4025.0000, 'G11'),
(946, 2, 2, '2025-08-23', 3, 8050.0000, 'G11'),
(947, 1, 1, '2025-08-22', 1, 1620.0000, 'F10'),
(948, 1, 1, '2025-08-22', 2, 1134.0000, 'F10'),
(949, 1, 1, '2025-08-22', 3, 972.0000, 'F10'),
(950, 3, 1, '2025-08-22', 1, 3230.0000, 'F12'),
(951, 4, 1, '2025-08-22', 1, 3113.0000, 'F13'),
(952, 3, 1, '2025-08-22', 2, 402.5000, 'F12'),
(953, 4, 1, '2025-08-22', 2, 308.9000, 'F13'),
(954, 3, 1, '2025-08-22', 3, 1207.5000, 'F12'),
(955, 4, 1, '2025-08-22', 3, 1090.5000, 'F13'),
(956, 2, 1, '2025-08-22', 1, 1610.0000, 'F11'),
(957, 2, 1, '2025-08-22', 2, 402.5000, 'F11'),
(958, 2, 1, '2025-08-22', 3, 1207.5000, 'F11'),
(959, 1, 2, '2025-08-22', 1, 1296.0000, 'G10'),
(960, 1, 2, '2025-08-22', 2, 1458.0000, 'G10'),
(961, 1, 2, '2025-08-22', 3, 1458.0000, 'G10'),
(962, 3, 2, '2025-08-22', 1, 2101.0000, 'G12'),
(963, 4, 2, '2025-08-22', 1, 1960.6000, 'G13'),
(964, 3, 2, '2025-08-22', 2, 2182.5000, 'G12'),
(965, 4, 2, '2025-08-22', 2, 2018.7000, 'G13'),
(966, 3, 2, '2025-08-22', 3, 2343.5000, 'G12'),
(967, 4, 2, '2025-08-22', 3, 2203.1000, 'G13'),
(968, 2, 2, '2025-08-22', 1, 805.0000, 'G11'),
(969, 2, 2, '2025-08-22', 2, 724.5000, 'G11'),
(970, 2, 2, '2025-08-22', 3, 885.5000, 'G11'),
(971, 7, 1, '2025-08-25', 1, 8.0000, 'F16'),
(972, 7, 2, '2025-08-25', 1, 8.0000, 'G16'),
(973, 7, 3, '2025-08-25', 1, 16.0000, 'H16'),
(974, 8, 1, '2025-08-25', 1, 8.0000, 'F17'),
(975, 8, 2, '2025-08-25', 1, 8.0000, 'G17'),
(976, 8, 3, '2025-08-25', 1, 16.0000, 'H17'),
(977, 9, 1, '2025-08-25', 1, 8.0000, 'F18'),
(978, 9, 2, '2025-08-25', 1, 8.0000, 'G18'),
(979, 9, 3, '2025-08-25', 1, 16.0000, 'H18'),
(980, 10, 1, '2025-08-25', 1, 0.0000, 'F19'),
(981, 10, 2, '2025-08-25', 1, 0.0000, 'G19'),
(982, 10, 3, '2025-08-25', 1, 0.0000, 'H19'),
(983, 13, 1, '2025-08-25', 1, 1.0000, 'F22'),
(984, 13, 2, '2025-08-25', 1, 1.0000, 'G22'),
(985, 13, 3, '2025-08-25', 1, 1.0000, 'H22'),
(986, 25, 3, '2025-08-25', 1, 0.0000, 'H34'),
(987, 30, 1, '2025-08-25', 1, 261.1800, 'F39'),
(988, 30, 2, '2025-08-25', 1, 265.1800, 'G39'),
(989, 30, 3, '2025-08-25', 1, 526.3700, 'H39'),
(990, 31, 1, '2025-08-25', 1, 0.0000, 'F40'),
(991, 31, 2, '2025-08-25', 1, 0.0000, 'G40'),
(992, 31, 3, '2025-08-25', 1, 0.0000, 'H40'),
(993, 7, 1, '2025-08-25', 2, 8.0000, 'F16'),
(994, 7, 2, '2025-08-25', 2, 8.0000, 'G16'),
(995, 7, 3, '2025-08-25', 2, 16.0000, 'H16'),
(996, 8, 1, '2025-08-25', 2, 2.8400, 'F17'),
(997, 8, 2, '2025-08-25', 2, 8.0000, 'G17'),
(998, 8, 3, '2025-08-25', 2, 10.8400, 'H17'),
(999, 9, 1, '2025-08-25', 2, 2.8400, 'F18'),
(1000, 9, 2, '2025-08-25', 2, 8.0000, 'G18'),
(1001, 9, 3, '2025-08-25', 2, 10.8400, 'H18'),
(1002, 10, 1, '2025-08-25', 2, 0.0000, 'F19'),
(1003, 10, 2, '2025-08-25', 2, 0.0000, 'G19'),
(1004, 10, 3, '2025-08-25', 2, 0.0000, 'H19'),
(1005, 13, 1, '2025-08-25', 2, 0.0000, 'F22'),
(1006, 13, 2, '2025-08-25', 2, 1.0000, 'G22'),
(1007, 13, 3, '2025-08-25', 2, 1.0000, 'H22'),
(1008, 25, 3, '2025-08-25', 2, 0.0000, 'H34'),
(1009, 30, 1, '2025-08-25', 2, 261.1800, 'F39'),
(1010, 30, 2, '2025-08-25', 2, 265.1800, 'G39'),
(1011, 30, 3, '2025-08-25', 2, 526.3700, 'H39'),
(1012, 31, 1, '2025-08-25', 2, 0.0000, 'F40'),
(1013, 31, 2, '2025-08-25', 2, 0.0000, 'G40'),
(1014, 31, 3, '2025-08-25', 2, 0.0000, 'H40'),
(1015, 7, 1, '2025-08-25', 3, 8.0000, 'F16'),
(1016, 7, 2, '2025-08-25', 3, 8.0000, 'G16'),
(1017, 7, 3, '2025-08-25', 3, 16.0000, 'H16'),
(1018, 8, 1, '2025-08-25', 3, 0.0000, 'F17'),
(1019, 8, 2, '2025-08-25', 3, 8.0000, 'G17'),
(1020, 8, 3, '2025-08-25', 3, 8.0000, 'H17'),
(1021, 9, 1, '2025-08-25', 3, 0.0000, 'F18'),
(1022, 9, 2, '2025-08-25', 3, 8.0000, 'G18'),
(1023, 9, 3, '2025-08-25', 3, 8.0000, 'H18'),
(1024, 10, 1, '2025-08-25', 3, 0.0000, 'F19'),
(1025, 10, 2, '2025-08-25', 3, 0.0000, 'G19'),
(1026, 10, 3, '2025-08-25', 3, 0.0000, 'H19'),
(1027, 13, 1, '2025-08-25', 3, 0.0000, 'F22'),
(1028, 13, 2, '2025-08-25', 3, 1.0000, 'G22'),
(1029, 13, 3, '2025-08-25', 3, 1.0000, 'H22'),
(1030, 25, 3, '2025-08-25', 3, 0.0000, 'H34'),
(1031, 30, 1, '2025-08-25', 3, 261.1800, 'F39'),
(1032, 30, 2, '2025-08-25', 3, 265.1800, 'G39'),
(1033, 30, 3, '2025-08-25', 3, 526.3700, 'H39'),
(1034, 31, 1, '2025-08-25', 3, 0.0000, 'F40'),
(1035, 31, 2, '2025-08-25', 3, 0.0000, 'G40'),
(1036, 31, 3, '2025-08-25', 3, 0.0000, 'H40'),
(1037, 7, 1, '2025-08-22', 1, 0.0000, 'F16'),
(1038, 7, 2, '2025-08-22', 1, 0.0000, 'G16'),
(1039, 7, 3, '2025-08-22', 1, 0.0000, 'H16'),
(1040, 8, 1, '2025-08-22', 1, 0.0000, 'F17'),
(1041, 8, 2, '2025-08-22', 1, 0.0000, 'G17'),
(1042, 8, 3, '2025-08-22', 1, 0.0000, 'H17'),
(1043, 9, 1, '2025-08-22', 1, 0.0000, 'F18'),
(1044, 9, 2, '2025-08-22', 1, 0.0000, 'G18'),
(1045, 9, 3, '2025-08-22', 1, 0.0000, 'H18'),
(1046, 10, 1, '2025-08-22', 1, 0.0000, 'F19'),
(1047, 10, 2, '2025-08-22', 1, 0.0000, 'G19'),
(1048, 10, 3, '2025-08-22', 1, 0.0000, 'H19'),
(1049, 13, 1, '2025-08-22', 1, 0.0000, 'F22'),
(1050, 13, 2, '2025-08-22', 1, 0.0000, 'G22'),
(1051, 13, 3, '2025-08-22', 1, 0.0000, 'H22'),
(1052, 25, 1, '2025-08-22', 1, 66.9360, 'F34'),
(1053, 25, 2, '2025-08-22', 1, 54.6887, 'G34'),
(1054, 25, 3, '2025-08-22', 1, 0.0000, 'H34'),
(1055, 30, 1, '2025-08-22', 1, 0.0000, 'F39'),
(1056, 30, 2, '2025-08-22', 1, 0.0000, 'G39'),
(1057, 30, 3, '2025-08-22', 1, 0.0000, 'H39'),
(1058, 31, 1, '2025-08-22', 1, 0.0000, 'F40'),
(1059, 31, 2, '2025-08-22', 1, 0.0000, 'G40'),
(1060, 31, 3, '2025-08-22', 1, 0.0000, 'H40'),
(1061, 7, 1, '2025-08-22', 2, 0.0000, 'F16'),
(1062, 7, 2, '2025-08-22', 2, 0.0000, 'G16'),
(1063, 7, 3, '2025-08-22', 2, 0.0000, 'H16'),
(1064, 8, 1, '2025-08-22', 2, 0.0000, 'F17'),
(1065, 8, 2, '2025-08-22', 2, 0.0000, 'G17'),
(1066, 8, 3, '2025-08-22', 2, 0.0000, 'H17'),
(1067, 9, 1, '2025-08-22', 2, 0.0000, 'F18'),
(1068, 9, 2, '2025-08-22', 2, 0.0000, 'G18'),
(1069, 9, 3, '2025-08-22', 2, 0.0000, 'H18'),
(1070, 10, 1, '2025-08-22', 2, 0.0000, 'F19'),
(1071, 10, 2, '2025-08-22', 2, 0.0000, 'G19'),
(1072, 10, 3, '2025-08-22', 2, 0.0000, 'H19'),
(1073, 13, 1, '2025-08-22', 2, 0.0000, 'F22'),
(1074, 13, 2, '2025-08-22', 2, 0.0000, 'G22'),
(1075, 13, 3, '2025-08-22', 2, 0.0000, 'H22'),
(1076, 25, 3, '2025-08-22', 2, 0.0000, 'H34'),
(1077, 30, 1, '2025-08-22', 2, 0.0000, 'F39'),
(1078, 30, 2, '2025-08-22', 2, 0.0000, 'G39'),
(1079, 30, 3, '2025-08-22', 2, 0.0000, 'H39'),
(1080, 31, 1, '2025-08-22', 2, 0.0000, 'F40'),
(1081, 31, 2, '2025-08-22', 2, 0.0000, 'G40'),
(1082, 31, 3, '2025-08-22', 2, 0.0000, 'H40'),
(1083, 7, 1, '2025-08-22', 3, 0.0000, 'F16'),
(1084, 7, 2, '2025-08-22', 3, 0.0000, 'G16'),
(1085, 7, 3, '2025-08-22', 3, 0.0000, 'H16'),
(1086, 8, 1, '2025-08-22', 3, 0.0000, 'F17'),
(1087, 8, 2, '2025-08-22', 3, 0.0000, 'G17'),
(1088, 8, 3, '2025-08-22', 3, 0.0000, 'H17'),
(1089, 9, 1, '2025-08-22', 3, 0.0000, 'F18'),
(1090, 9, 2, '2025-08-22', 3, 0.0000, 'G18'),
(1091, 9, 3, '2025-08-22', 3, 0.0000, 'H18'),
(1092, 10, 1, '2025-08-22', 3, 0.0000, 'F19'),
(1093, 10, 2, '2025-08-22', 3, 0.0000, 'G19'),
(1094, 10, 3, '2025-08-22', 3, 0.0000, 'H19'),
(1095, 13, 1, '2025-08-22', 3, 0.0000, 'F22'),
(1096, 13, 2, '2025-08-22', 3, 0.0000, 'G22'),
(1097, 13, 3, '2025-08-22', 3, 0.0000, 'H22'),
(1098, 25, 3, '2025-08-22', 3, 0.0000, 'H34'),
(1099, 30, 1, '2025-08-22', 3, 0.0000, 'F39'),
(1100, 30, 2, '2025-08-22', 3, 0.0000, 'G39'),
(1101, 30, 3, '2025-08-22', 3, 0.0000, 'H39'),
(1102, 31, 1, '2025-08-22', 3, 0.0000, 'F40'),
(1103, 31, 2, '2025-08-22', 3, 0.0000, 'G40'),
(1104, 31, 3, '2025-08-22', 3, 0.0000, 'H40'),
(1105, 1, 1, '2025-08-25', 1, 16200.0000, 'F10'),
(1106, 3, 1, '2025-08-25', 1, 32300.0000, 'F12'),
(1107, 4, 1, '2025-08-25', 1, 29960.0000, 'F13'),
(1108, 3, 1, '2025-08-25', 2, 0.0000, 'F12'),
(1109, 4, 1, '2025-08-25', 2, 0.0000, 'F13'),
(1110, 3, 1, '2025-08-25', 3, 0.0000, 'F12'),
(1111, 4, 1, '2025-08-25', 3, 0.0000, 'F13'),
(1112, 2, 1, '2025-08-25', 1, 16100.0000, 'F11'),
(1113, 7, 1, '2025-08-28', 1, 8.0000, 'F16'),
(1114, 7, 2, '2025-08-28', 1, 8.0000, 'G16'),
(1115, 7, 3, '2025-08-28', 1, 16.0000, 'H16'),
(1116, 8, 1, '2025-08-28', 1, 0.0000, 'F17'),
(1117, 8, 2, '2025-08-28', 1, 8.0000, 'G17'),
(1118, 8, 3, '2025-08-28', 1, 8.0000, 'H17'),
(1119, 9, 1, '2025-08-28', 1, 0.0000, 'F18'),
(1120, 9, 2, '2025-08-28', 1, 8.0000, 'G18'),
(1121, 9, 3, '2025-08-28', 1, 8.0000, 'H18'),
(1122, 10, 1, '2025-08-28', 1, 0.0000, 'F19'),
(1123, 10, 2, '2025-08-28', 1, 0.0000, 'G19'),
(1124, 10, 3, '2025-08-28', 1, 0.0000, 'H19'),
(1125, 13, 1, '2025-08-28', 1, 0.0000, 'F22'),
(1126, 13, 2, '2025-08-28', 1, 1.0000, 'G22'),
(1127, 13, 3, '2025-08-28', 1, 1.0000, 'H22'),
(1128, 25, 3, '2025-08-28', 1, 0.0000, 'H34'),
(1129, 30, 1, '2025-08-28', 1, 337.1800, 'F39'),
(1130, 30, 2, '2025-08-28', 1, 337.1800, 'G39'),
(1131, 30, 3, '2025-08-28', 1, 674.3700, 'H39'),
(1132, 31, 1, '2025-08-28', 1, 0.0000, 'F40'),
(1133, 31, 2, '2025-08-28', 1, 0.0000, 'G40'),
(1134, 31, 3, '2025-08-28', 1, 0.0000, 'H40'),
(1135, 7, 1, '2025-08-28', 2, 8.0000, 'F16'),
(1136, 7, 2, '2025-08-28', 2, 8.0000, 'G16'),
(1137, 7, 3, '2025-08-28', 2, 16.0000, 'H16'),
(1138, 8, 1, '2025-08-28', 2, 0.0000, 'F17'),
(1139, 8, 2, '2025-08-28', 2, 8.0000, 'G17'),
(1140, 8, 3, '2025-08-28', 2, 8.0000, 'H17'),
(1141, 9, 1, '2025-08-28', 2, 0.0000, 'F18'),
(1142, 9, 2, '2025-08-28', 2, 8.0000, 'G18'),
(1143, 9, 3, '2025-08-28', 2, 8.0000, 'H18'),
(1144, 10, 1, '2025-08-28', 2, 0.0000, 'F19'),
(1145, 10, 2, '2025-08-28', 2, 0.0000, 'G19'),
(1146, 10, 3, '2025-08-28', 2, 0.0000, 'H19'),
(1147, 13, 1, '2025-08-28', 2, 0.0000, 'F22'),
(1148, 13, 2, '2025-08-28', 2, 1.0000, 'G22'),
(1149, 13, 3, '2025-08-28', 2, 1.0000, 'H22'),
(1150, 25, 3, '2025-08-28', 2, 0.0000, 'H34'),
(1151, 30, 1, '2025-08-28', 2, 337.1800, 'F39'),
(1152, 30, 2, '2025-08-28', 2, 337.1800, 'G39'),
(1153, 30, 3, '2025-08-28', 2, 674.3700, 'H39'),
(1154, 31, 1, '2025-08-28', 2, 0.0000, 'F40'),
(1155, 31, 2, '2025-08-28', 2, 0.0000, 'G40'),
(1156, 31, 3, '2025-08-28', 2, 0.0000, 'H40'),
(1157, 7, 1, '2025-08-28', 3, 8.0000, 'F16'),
(1158, 7, 2, '2025-08-28', 3, 8.0000, 'G16'),
(1159, 7, 3, '2025-08-28', 3, 16.0000, 'H16'),
(1160, 8, 1, '2025-08-28', 3, 0.0000, 'F17'),
(1161, 8, 2, '2025-08-28', 3, 8.0000, 'G17'),
(1162, 8, 3, '2025-08-28', 3, 8.0000, 'H17'),
(1163, 9, 1, '2025-08-28', 3, 0.0000, 'F18'),
(1164, 9, 2, '2025-08-28', 3, 8.0000, 'G18'),
(1165, 9, 3, '2025-08-28', 3, 8.0000, 'H18'),
(1166, 10, 1, '2025-08-28', 3, 0.0000, 'F19'),
(1167, 10, 2, '2025-08-28', 3, 0.0000, 'G19'),
(1168, 10, 3, '2025-08-28', 3, 0.0000, 'H19'),
(1169, 13, 1, '2025-08-28', 3, 0.0000, 'F22'),
(1170, 13, 2, '2025-08-28', 3, 1.0000, 'G22'),
(1171, 13, 3, '2025-08-28', 3, 1.0000, 'H22'),
(1172, 25, 3, '2025-08-28', 3, 0.0000, 'H34'),
(1173, 30, 1, '2025-08-28', 3, 337.1800, 'F39'),
(1174, 30, 2, '2025-08-28', 3, 337.1800, 'G39'),
(1175, 30, 3, '2025-08-28', 3, 674.3700, 'H39'),
(1176, 31, 1, '2025-08-28', 3, 0.0000, 'F40'),
(1177, 31, 2, '2025-08-28', 3, 0.0000, 'G40'),
(1178, 31, 3, '2025-08-28', 3, 0.0000, 'H40'),
(1179, 7, 1, '2025-08-21', 1, 7.9997, 'F16'),
(1180, 7, 2, '2025-08-21', 1, 7.9997, 'G16'),
(1181, 7, 3, '2025-08-21', 1, 15.9994, 'H16'),
(1182, 8, 1, '2025-08-21', 1, 0.0000, 'F17'),
(1183, 8, 2, '2025-08-21', 1, 0.0000, 'G17'),
(1184, 8, 3, '2025-08-21', 1, 0.0000, 'H17'),
(1185, 9, 1, '2025-08-21', 1, 3.9997, 'F18'),
(1186, 9, 2, '2025-08-21', 1, 7.9997, 'G18'),
(1187, 9, 3, '2025-08-21', 1, 11.9994, 'H18'),
(1188, 10, 1, '2025-08-21', 1, 0.0000, 'F19'),
(1189, 10, 2, '2025-08-21', 1, 0.0000, 'G19'),
(1190, 10, 3, '2025-08-21', 1, 0.0000, 'H19'),
(1191, 13, 1, '2025-08-21', 1, 1.0000, 'F22'),
(1192, 13, 2, '2025-08-21', 1, 1.0000, 'G22'),
(1193, 13, 3, '2025-08-21', 1, 1.0000, 'H22'),
(1194, 25, 3, '2025-08-21', 1, 0.0000, 'H34'),
(1195, 30, 1, '2025-08-21', 1, 158.1833, 'F39'),
(1196, 30, 2, '2025-08-21', 1, 169.1831, 'G39'),
(1197, 30, 3, '2025-08-21', 1, 327.3664, 'H39'),
(1198, 31, 1, '2025-08-21', 1, 0.0000, 'F40'),
(1199, 31, 2, '2025-08-21', 1, 0.0000, 'G40'),
(1200, 31, 3, '2025-08-21', 1, 0.0000, 'H40'),
(1201, 7, 1, '2025-08-21', 2, 5.0000, 'F16'),
(1202, 7, 2, '2025-08-21', 2, 7.9997, 'G16'),
(1203, 7, 3, '2025-08-21', 2, 12.9997, 'H16'),
(1204, 8, 1, '2025-08-21', 2, 0.0000, 'F17'),
(1205, 8, 2, '2025-08-21', 2, 0.0000, 'G17'),
(1206, 8, 3, '2025-08-21', 2, 0.0000, 'H17'),
(1207, 9, 1, '2025-08-21', 2, 5.0000, 'F18'),
(1208, 9, 2, '2025-08-21', 2, 7.9997, 'G18'),
(1209, 9, 3, '2025-08-21', 2, 12.9997, 'H18'),
(1210, 10, 1, '2025-08-21', 2, 0.0000, 'F19'),
(1211, 10, 2, '2025-08-21', 2, 0.0000, 'G19'),
(1212, 10, 3, '2025-08-21', 2, 0.0000, 'H19'),
(1213, 13, 1, '2025-08-21', 2, 1.0000, 'F22'),
(1214, 13, 2, '2025-08-21', 2, 1.0000, 'G22'),
(1215, 13, 3, '2025-08-21', 2, 1.0000, 'H22'),
(1216, 25, 3, '2025-08-21', 2, 0.0000, 'H34'),
(1217, 30, 1, '2025-08-21', 2, 158.1833, 'F39'),
(1218, 30, 2, '2025-08-21', 2, 169.1831, 'G39'),
(1219, 30, 3, '2025-08-21', 2, 327.3664, 'H39'),
(1220, 31, 1, '2025-08-21', 2, 0.0000, 'F40'),
(1221, 31, 2, '2025-08-21', 2, 0.0000, 'G40'),
(1222, 31, 3, '2025-08-21', 2, 0.0000, 'H40'),
(1223, 7, 1, '2025-08-21', 3, 0.0000, 'F16'),
(1224, 7, 2, '2025-08-21', 3, 7.9997, 'G16'),
(1225, 7, 3, '2025-08-21', 3, 7.9997, 'H16'),
(1226, 8, 1, '2025-08-21', 3, 0.0000, 'F17'),
(1227, 8, 2, '2025-08-21', 3, 0.0000, 'G17'),
(1228, 8, 3, '2025-08-21', 3, 0.0000, 'H17'),
(1229, 9, 1, '2025-08-21', 3, 0.0000, 'F18'),
(1230, 9, 2, '2025-08-21', 3, 7.9997, 'G18'),
(1231, 9, 3, '2025-08-21', 3, 7.9997, 'H18'),
(1232, 10, 1, '2025-08-21', 3, 0.0000, 'F19'),
(1233, 10, 2, '2025-08-21', 3, 0.0000, 'G19'),
(1234, 10, 3, '2025-08-21', 3, 0.0000, 'H19'),
(1235, 13, 1, '2025-08-21', 3, 1.0000, 'F22'),
(1236, 13, 2, '2025-08-21', 3, 1.0000, 'G22'),
(1237, 13, 3, '2025-08-21', 3, 1.0000, 'H22'),
(1238, 25, 3, '2025-08-21', 3, 0.0000, 'H34'),
(1239, 30, 1, '2025-08-21', 3, 158.1833, 'F39'),
(1240, 30, 2, '2025-08-21', 3, 169.1831, 'G39'),
(1241, 30, 3, '2025-08-21', 3, 327.3664, 'H39'),
(1242, 31, 1, '2025-08-21', 3, 0.0000, 'F40'),
(1243, 31, 2, '2025-08-21', 3, 0.0000, 'G40'),
(1244, 31, 3, '2025-08-21', 3, 0.0000, 'H40'),
(1245, 1, 1, '2025-08-23', 1, 16200.0000, 'F10'),
(1246, 3, 1, '2025-08-23', 1, 24250.0000, 'F12'),
(1247, 4, 1, '2025-08-23', 1, 23080.0000, 'F13'),
(1248, 3, 1, '2025-08-23', 2, 0.0000, 'F12'),
(1249, 4, 1, '2025-08-23', 2, 0.0000, 'F13'),
(1250, 3, 1, '2025-08-23', 3, 0.0000, 'F12'),
(1251, 4, 1, '2025-08-23', 3, 0.0000, 'F13'),
(1252, 1, 1, '2025-08-28', 1, 16200.0000, 'F10'),
(1253, 1, 1, '2025-08-28', 2, 16200.0000, 'F10'),
(1254, 1, 1, '2025-08-28', 3, 16200.0000, 'F10'),
(1255, 3, 1, '2025-08-28', 1, 16200.0000, 'F12'),
(1256, 4, 1, '2025-08-28', 1, 16200.0000, 'F13'),
(1257, 3, 1, '2025-08-28', 2, 16200.0000, 'F12'),
(1258, 4, 1, '2025-08-28', 2, 16200.0000, 'F13'),
(1259, 3, 1, '2025-08-28', 3, 16200.0000, 'F12'),
(1260, 4, 1, '2025-08-28', 3, 16200.0000, 'F13'),
(1261, 2, 1, '2025-08-23', 1, 8050.0000, 'F11'),
(1262, 7, 1, '2025-08-23', 1, 8.0000, 'F16'),
(1263, 7, 2, '2025-08-23', 1, 8.0000, 'G16'),
(1264, 7, 3, '2025-08-23', 1, 16.0000, 'H16'),
(1265, 8, 1, '2025-08-23', 1, 0.0000, 'F17'),
(1266, 8, 2, '2025-08-23', 1, 0.0000, 'G17'),
(1267, 8, 3, '2025-08-23', 1, 0.0000, 'H17'),
(1268, 9, 1, '2025-08-23', 1, 8.0000, 'F18'),
(1269, 9, 2, '2025-08-23', 1, 0.0000, 'G18'),
(1270, 9, 3, '2025-08-23', 1, 8.0000, 'H18'),
(1271, 10, 1, '2025-08-23', 1, 0.0000, 'F19'),
(1272, 10, 2, '2025-08-23', 1, 0.0000, 'G19'),
(1273, 10, 3, '2025-08-23', 1, 0.0000, 'H19'),
(1274, 13, 1, '2025-08-23', 1, 1.0000, 'F22'),
(1275, 13, 2, '2025-08-23', 1, 0.0000, 'G22'),
(1276, 13, 3, '2025-08-23', 1, 1.0000, 'H22'),
(1277, 25, 3, '2025-08-23', 1, 0.0000, 'H34'),
(1278, 30, 1, '2025-08-23', 1, 217.1800, 'F39'),
(1279, 30, 2, '2025-08-23', 1, 217.1800, 'G39'),
(1280, 30, 3, '2025-08-23', 1, 434.3700, 'H39'),
(1281, 31, 1, '2025-08-23', 1, 0.0000, 'F40'),
(1282, 31, 2, '2025-08-23', 1, 0.0000, 'G40'),
(1283, 31, 3, '2025-08-23', 1, 0.0000, 'H40'),
(1284, 6, 1, '2025-08-22', 1, 3.2914, 'F15'),
(1285, 6, 2, '2025-08-22', 1, 6.2661, 'G15'),
(1286, 7, 1, '2025-08-29', 1, 4.5000, 'F16'),
(1287, 7, 2, '2025-08-29', 1, 8.0000, 'G16'),
(1288, 7, 3, '2025-08-29', 1, 12.5000, 'H16'),
(1289, 8, 1, '2025-08-29', 1, 0.0000, 'F17'),
(1290, 8, 2, '2025-08-29', 1, 0.0000, 'G17'),
(1291, 8, 3, '2025-08-29', 1, 0.0000, 'H17'),
(1292, 9, 1, '2025-08-29', 1, 2.5000, 'F18'),
(1293, 9, 2, '2025-08-29', 1, 0.0000, 'G18'),
(1294, 9, 3, '2025-08-29', 1, 2.5000, 'H18'),
(1295, 10, 1, '2025-08-29', 1, 0.0000, 'F19'),
(1296, 10, 2, '2025-08-29', 1, 0.0000, 'G19'),
(1297, 10, 3, '2025-08-29', 1, 0.0000, 'H19'),
(1298, 13, 1, '2025-08-29', 1, 0.0000, 'F22'),
(1299, 13, 2, '2025-08-29', 1, 0.0000, 'G22'),
(1300, 13, 3, '2025-08-29', 1, 0.0000, 'H22'),
(1301, 25, 3, '2025-08-29', 1, 0.0000, 'H34'),
(1302, 30, 1, '2025-08-29', 1, 341.6800, 'F39'),
(1303, 30, 2, '2025-08-29', 1, 361.1800, 'G39'),
(1304, 30, 3, '2025-08-29', 1, 702.8700, 'H39'),
(1305, 31, 1, '2025-08-29', 1, 0.0000, 'F40'),
(1306, 31, 2, '2025-08-29', 1, 0.0000, 'G40'),
(1307, 31, 3, '2025-08-29', 1, 0.0000, 'H40'),
(1308, 7, 1, '2025-08-29', 2, 0.0000, 'F16'),
(1309, 7, 2, '2025-08-29', 2, 8.0000, 'G16'),
(1310, 7, 3, '2025-08-29', 2, 8.0000, 'H16'),
(1311, 8, 1, '2025-08-29', 2, 0.0000, 'F17'),
(1312, 8, 2, '2025-08-29', 2, 0.0000, 'G17'),
(1313, 8, 3, '2025-08-29', 2, 0.0000, 'H17'),
(1314, 9, 1, '2025-08-29', 2, 0.0000, 'F18'),
(1315, 9, 2, '2025-08-29', 2, 0.0000, 'G18'),
(1316, 9, 3, '2025-08-29', 2, 0.0000, 'H18'),
(1317, 10, 1, '2025-08-29', 2, 0.0000, 'F19'),
(1318, 10, 2, '2025-08-29', 2, 0.0000, 'G19'),
(1319, 10, 3, '2025-08-29', 2, 0.0000, 'H19'),
(1320, 13, 1, '2025-08-29', 2, 0.0000, 'F22'),
(1321, 13, 2, '2025-08-29', 2, 0.0000, 'G22'),
(1322, 13, 3, '2025-08-29', 2, 0.0000, 'H22'),
(1323, 25, 3, '2025-08-29', 2, 0.0000, 'H34'),
(1324, 30, 1, '2025-08-29', 2, 341.6800, 'F39'),
(1325, 30, 2, '2025-08-29', 2, 361.1800, 'G39'),
(1326, 30, 3, '2025-08-29', 2, 702.8700, 'H39'),
(1327, 31, 1, '2025-08-29', 2, 0.0000, 'F40'),
(1328, 31, 2, '2025-08-29', 2, 0.0000, 'G40'),
(1329, 31, 3, '2025-08-29', 2, 0.0000, 'H40'),
(1330, 7, 1, '2025-08-29', 3, 0.0000, 'F16'),
(1331, 7, 2, '2025-08-29', 3, 8.0000, 'G16'),
(1332, 7, 3, '2025-08-29', 3, 8.0000, 'H16'),
(1333, 8, 1, '2025-08-29', 3, 0.0000, 'F17'),
(1334, 8, 2, '2025-08-29', 3, 0.0000, 'G17'),
(1335, 8, 3, '2025-08-29', 3, 0.0000, 'H17'),
(1336, 9, 1, '2025-08-29', 3, 0.0000, 'F18'),
(1337, 9, 2, '2025-08-29', 3, 0.0000, 'G18'),
(1338, 9, 3, '2025-08-29', 3, 0.0000, 'H18'),
(1339, 10, 1, '2025-08-29', 3, 0.0000, 'F19'),
(1340, 10, 2, '2025-08-29', 3, 0.0000, 'G19'),
(1341, 10, 3, '2025-08-29', 3, 0.0000, 'H19'),
(1342, 13, 1, '2025-08-29', 3, 0.0000, 'F22'),
(1343, 13, 2, '2025-08-29', 3, 0.0000, 'G22'),
(1344, 13, 3, '2025-08-29', 3, 0.0000, 'H22'),
(1345, 25, 3, '2025-08-29', 3, 0.0000, 'H34'),
(1346, 30, 1, '2025-08-29', 3, 341.6800, 'F39'),
(1347, 30, 2, '2025-08-29', 3, 361.1800, 'G39'),
(1348, 30, 3, '2025-08-29', 3, 702.8700, 'H39'),
(1349, 31, 1, '2025-08-29', 3, 0.0000, 'F40'),
(1350, 31, 2, '2025-08-29', 3, 0.0000, 'G40'),
(1351, 31, 3, '2025-08-29', 3, 0.0000, 'H40'),
(1352, 33, 3, '2025-08-22', 1, 73155.3271, 'H42'),
(1353, 7, 1, '2025-09-12', 1, 7.9997, 'F16'),
(1354, 7, 2, '2025-09-12', 1, 7.9997, 'G16'),
(1355, 7, 3, '2025-09-12', 1, 15.9994, 'H16'),
(1356, 8, 1, '2025-09-12', 1, 0.0000, 'F17'),
(1357, 8, 2, '2025-09-12', 1, 0.0000, 'G17'),
(1358, 8, 3, '2025-09-12', 1, 0.0000, 'H17'),
(1359, 9, 1, '2025-09-12', 1, 0.0000, 'F18'),
(1360, 9, 2, '2025-09-12', 1, 0.0000, 'G18'),
(1361, 9, 3, '2025-09-12', 1, 0.0000, 'H18'),
(1362, 10, 1, '2025-09-12', 1, 0.0000, 'F19'),
(1363, 10, 2, '2025-09-12', 1, 0.0000, 'G19'),
(1364, 10, 3, '2025-09-12', 1, 0.0000, 'H19'),
(1365, 13, 1, '2025-09-12', 1, 0.0000, 'F22'),
(1366, 13, 2, '2025-09-12', 1, 0.0000, 'G22'),
(1367, 13, 3, '2025-09-12', 1, 0.0000, 'H22'),
(1368, 25, 3, '2025-09-12', 1, 0.0000, 'H34'),
(1369, 30, 1, '2025-09-12', 1, 686.1664, 'F39'),
(1370, 30, 2, '2025-09-12', 1, 697.1831, 'G39'),
(1371, 30, 3, '2025-09-12', 1, 1383.3494, 'H39'),
(1372, 31, 1, '2025-09-12', 1, 0.0000, 'F40'),
(1373, 31, 2, '2025-09-12', 1, 0.0000, 'G40'),
(1374, 31, 3, '2025-09-12', 1, 0.0000, 'H40'),
(1375, 7, 1, '2025-09-12', 2, 7.9997, 'F16'),
(1376, 7, 2, '2025-09-12', 2, 7.9997, 'G16'),
(1377, 7, 3, '2025-09-12', 2, 15.9994, 'H16'),
(1378, 8, 1, '2025-09-12', 2, 0.0000, 'F17'),
(1379, 8, 2, '2025-09-12', 2, 0.0000, 'G17'),
(1380, 8, 3, '2025-09-12', 2, 0.0000, 'H17'),
(1381, 9, 1, '2025-09-12', 2, 0.0000, 'F18'),
(1382, 9, 2, '2025-09-12', 2, 0.0000, 'G18'),
(1383, 9, 3, '2025-09-12', 2, 0.0000, 'H18'),
(1384, 10, 1, '2025-09-12', 2, 0.0000, 'F19'),
(1385, 10, 2, '2025-09-12', 2, 0.0000, 'G19'),
(1386, 10, 3, '2025-09-12', 2, 0.0000, 'H19'),
(1387, 13, 1, '2025-09-12', 2, 0.0000, 'F22'),
(1388, 13, 2, '2025-09-12', 2, 0.0000, 'G22'),
(1389, 13, 3, '2025-09-12', 2, 0.0000, 'H22'),
(1390, 25, 3, '2025-09-12', 2, 0.0000, 'H34'),
(1391, 30, 1, '2025-09-12', 2, 686.1664, 'F39'),
(1392, 30, 2, '2025-09-12', 2, 697.1831, 'G39'),
(1393, 30, 3, '2025-09-12', 2, 1383.3494, 'H39'),
(1394, 31, 1, '2025-09-12', 2, 0.0000, 'F40'),
(1395, 31, 2, '2025-09-12', 2, 0.0000, 'G40'),
(1396, 31, 3, '2025-09-12', 2, 0.0000, 'H40'),
(1397, 7, 1, '2025-09-12', 3, 7.9997, 'F16'),
(1398, 7, 2, '2025-09-12', 3, 7.9997, 'G16'),
(1399, 7, 3, '2025-09-12', 3, 15.9994, 'H16'),
(1400, 8, 1, '2025-09-12', 3, 0.0000, 'F17'),
(1401, 8, 2, '2025-09-12', 3, 0.0000, 'G17'),
(1402, 8, 3, '2025-09-12', 3, 0.0000, 'H17'),
(1403, 9, 1, '2025-09-12', 3, 0.0000, 'F18'),
(1404, 9, 2, '2025-09-12', 3, 0.0000, 'G18'),
(1405, 9, 3, '2025-09-12', 3, 0.0000, 'H18'),
(1406, 10, 1, '2025-09-12', 3, 0.0000, 'F19'),
(1407, 10, 2, '2025-09-12', 3, 0.0000, 'G19'),
(1408, 10, 3, '2025-09-12', 3, 0.0000, 'H19'),
(1409, 13, 1, '2025-09-12', 3, 0.0000, 'F22'),
(1410, 13, 2, '2025-09-12', 3, 0.0000, 'G22'),
(1411, 13, 3, '2025-09-12', 3, 0.0000, 'H22'),
(1412, 25, 3, '2025-09-12', 3, 0.0000, 'H34'),
(1413, 30, 1, '2025-09-12', 3, 686.1664, 'F39'),
(1414, 30, 2, '2025-09-12', 3, 697.1831, 'G39'),
(1415, 30, 3, '2025-09-12', 3, 1383.3494, 'H39'),
(1416, 31, 1, '2025-09-12', 3, 0.0000, 'F40'),
(1417, 31, 2, '2025-09-12', 3, 0.0000, 'G40'),
(1418, 31, 3, '2025-09-12', 3, 0.0000, 'H40'),
(1419, 7, 1, '2025-09-13', 1, 0.0000, 'F16'),
(1420, 7, 2, '2025-09-13', 1, 0.0000, 'G16'),
(1421, 7, 3, '2025-09-13', 1, 0.0000, 'H16'),
(1422, 8, 1, '2025-09-13', 1, 0.0000, 'F17'),
(1423, 8, 2, '2025-09-13', 1, 0.0000, 'G17'),
(1424, 8, 3, '2025-09-13', 1, 0.0000, 'H17'),
(1425, 9, 1, '2025-09-13', 1, 0.0000, 'F18'),
(1426, 9, 2, '2025-09-13', 1, 0.0000, 'G18'),
(1427, 9, 3, '2025-09-13', 1, 0.0000, 'H18'),
(1428, 10, 1, '2025-09-13', 1, 0.0000, 'F19'),
(1429, 10, 2, '2025-09-13', 1, 0.0000, 'G19'),
(1430, 10, 3, '2025-09-13', 1, 0.0000, 'H19'),
(1431, 13, 1, '2025-09-13', 1, 0.0000, 'F22'),
(1432, 13, 2, '2025-09-13', 1, 0.0000, 'G22'),
(1433, 13, 3, '2025-09-13', 1, 0.0000, 'H22'),
(1434, 25, 3, '2025-09-13', 1, 0.0000, 'H34'),
(1435, 30, 1, '2025-09-13', 1, 0.0000, 'F39'),
(1436, 30, 2, '2025-09-13', 1, 0.0000, 'G39'),
(1437, 30, 3, '2025-09-13', 1, 0.0000, 'H39'),
(1438, 31, 1, '2025-09-13', 1, 0.0000, 'F40'),
(1439, 31, 2, '2025-09-13', 1, 0.0000, 'G40'),
(1440, 31, 3, '2025-09-13', 1, 0.0000, 'H40'),
(1441, 7, 1, '2025-09-13', 2, 0.0000, 'F16'),
(1442, 7, 2, '2025-09-13', 2, 0.0000, 'G16'),
(1443, 7, 3, '2025-09-13', 2, 0.0000, 'H16'),
(1444, 8, 1, '2025-09-13', 2, 0.0000, 'F17'),
(1445, 8, 2, '2025-09-13', 2, 0.0000, 'G17'),
(1446, 8, 3, '2025-09-13', 2, 0.0000, 'H17'),
(1447, 9, 1, '2025-09-13', 2, 0.0000, 'F18'),
(1448, 9, 2, '2025-09-13', 2, 0.0000, 'G18'),
(1449, 9, 3, '2025-09-13', 2, 0.0000, 'H18'),
(1450, 10, 1, '2025-09-13', 2, 0.0000, 'F19'),
(1451, 10, 2, '2025-09-13', 2, 0.0000, 'G19'),
(1452, 10, 3, '2025-09-13', 2, 0.0000, 'H19'),
(1453, 13, 1, '2025-09-13', 2, 0.0000, 'F22'),
(1454, 13, 2, '2025-09-13', 2, 0.0000, 'G22'),
(1455, 13, 3, '2025-09-13', 2, 0.0000, 'H22'),
(1456, 25, 3, '2025-09-13', 2, 0.0000, 'H34'),
(1457, 30, 1, '2025-09-13', 2, 0.0000, 'F39'),
(1458, 30, 2, '2025-09-13', 2, 0.0000, 'G39'),
(1459, 30, 3, '2025-09-13', 2, 0.0000, 'H39'),
(1460, 31, 1, '2025-09-13', 2, 0.0000, 'F40'),
(1461, 31, 2, '2025-09-13', 2, 0.0000, 'G40'),
(1462, 31, 3, '2025-09-13', 2, 0.0000, 'H40'),
(1463, 7, 1, '2025-09-13', 3, 0.0000, 'F16'),
(1464, 7, 2, '2025-09-13', 3, 0.0000, 'G16'),
(1465, 7, 3, '2025-09-13', 3, 0.0000, 'H16'),
(1466, 8, 1, '2025-09-13', 3, 0.0000, 'F17'),
(1467, 8, 2, '2025-09-13', 3, 0.0000, 'G17'),
(1468, 8, 3, '2025-09-13', 3, 0.0000, 'H17'),
(1469, 9, 1, '2025-09-13', 3, 0.0000, 'F18'),
(1470, 9, 2, '2025-09-13', 3, 0.0000, 'G18'),
(1471, 9, 3, '2025-09-13', 3, 0.0000, 'H18'),
(1472, 10, 1, '2025-09-13', 3, 0.0000, 'F19'),
(1473, 10, 2, '2025-09-13', 3, 0.0000, 'G19'),
(1474, 10, 3, '2025-09-13', 3, 0.0000, 'H19'),
(1475, 13, 1, '2025-09-13', 3, 0.0000, 'F22'),
(1476, 13, 2, '2025-09-13', 3, 0.0000, 'G22'),
(1477, 13, 3, '2025-09-13', 3, 0.0000, 'H22'),
(1478, 25, 3, '2025-09-13', 3, 0.0000, 'H34'),
(1479, 30, 1, '2025-09-13', 3, 0.0000, 'F39'),
(1480, 30, 2, '2025-09-13', 3, 0.0000, 'G39'),
(1481, 30, 3, '2025-09-13', 3, 0.0000, 'H39'),
(1482, 31, 1, '2025-09-13', 3, 0.0000, 'F40'),
(1483, 31, 2, '2025-09-13', 3, 0.0000, 'G40'),
(1484, 31, 3, '2025-09-13', 3, 0.0000, 'H40'),
(1485, 7, 1, '2025-09-16', 1, 0.0000, 'F16'),
(1486, 7, 2, '2025-09-16', 1, 0.0000, 'G16'),
(1487, 7, 3, '2025-09-16', 1, 0.0000, 'H16'),
(1488, 8, 1, '2025-09-16', 1, 0.0000, 'F17'),
(1489, 8, 2, '2025-09-16', 1, 0.0000, 'G17'),
(1490, 8, 3, '2025-09-16', 1, 0.0000, 'H17'),
(1491, 9, 1, '2025-09-16', 1, 0.0000, 'F18'),
(1492, 9, 2, '2025-09-16', 1, 0.0000, 'G18'),
(1493, 9, 3, '2025-09-16', 1, 0.0000, 'H18'),
(1494, 10, 1, '2025-09-16', 1, 0.0000, 'F19'),
(1495, 10, 2, '2025-09-16', 1, 0.0000, 'G19'),
(1496, 10, 3, '2025-09-16', 1, 0.0000, 'H19'),
(1497, 13, 1, '2025-09-16', 1, 0.0000, 'F22'),
(1498, 13, 2, '2025-09-16', 1, 0.0000, 'G22'),
(1499, 13, 3, '2025-09-16', 1, 0.0000, 'H22'),
(1500, 25, 3, '2025-09-16', 1, 0.0000, 'H34'),
(1501, 30, 1, '2025-09-16', 1, 0.0000, 'F39'),
(1502, 30, 2, '2025-09-16', 1, 0.0000, 'G39'),
(1503, 30, 3, '2025-09-16', 1, 0.0000, 'H39'),
(1504, 31, 1, '2025-09-16', 1, 0.0000, 'F40'),
(1505, 31, 2, '2025-09-16', 1, 0.0000, 'G40'),
(1506, 31, 3, '2025-09-16', 1, 0.0000, 'H40'),
(1507, 7, 1, '2025-09-23', 1, 0.0000, 'F16'),
(1508, 7, 2, '2025-09-23', 1, 0.0000, 'G16'),
(1509, 7, 3, '2025-09-23', 1, 0.0000, 'H16'),
(1510, 8, 1, '2025-09-23', 1, 0.0000, 'F17'),
(1511, 8, 2, '2025-09-23', 1, 0.0000, 'G17'),
(1512, 8, 3, '2025-09-23', 1, 0.0000, 'H17'),
(1513, 9, 1, '2025-09-23', 1, 0.0000, 'F18'),
(1514, 9, 2, '2025-09-23', 1, 0.0000, 'G18'),
(1515, 9, 3, '2025-09-23', 1, 0.0000, 'H18'),
(1516, 10, 1, '2025-09-23', 1, 0.0000, 'F19'),
(1517, 10, 2, '2025-09-23', 1, 0.0000, 'G19'),
(1518, 10, 3, '2025-09-23', 1, 0.0000, 'H19'),
(1519, 13, 1, '2025-09-23', 1, 0.0000, 'F22'),
(1520, 13, 2, '2025-09-23', 1, 0.0000, 'G22'),
(1521, 13, 3, '2025-09-23', 1, 0.0000, 'H22'),
(1522, 25, 3, '2025-09-23', 1, 0.0000, 'H34'),
(1523, 30, 1, '2025-09-23', 1, 0.0000, 'F39'),
(1524, 30, 2, '2025-09-23', 1, 0.0000, 'G39'),
(1525, 30, 3, '2025-09-23', 1, 0.0000, 'H39'),
(1526, 31, 1, '2025-09-23', 1, 0.0000, 'F40'),
(1527, 31, 2, '2025-09-23', 1, 0.0000, 'G40'),
(1528, 31, 3, '2025-09-23', 1, 0.0000, 'H40'),
(1529, 7, 1, '2025-09-23', 2, 0.0000, 'F16'),
(1530, 7, 2, '2025-09-23', 2, 0.0000, 'G16'),
(1531, 7, 3, '2025-09-23', 2, 0.0000, 'H16'),
(1532, 8, 1, '2025-09-23', 2, 0.0000, 'F17'),
(1533, 8, 2, '2025-09-23', 2, 0.0000, 'G17'),
(1534, 8, 3, '2025-09-23', 2, 0.0000, 'H17'),
(1535, 9, 1, '2025-09-23', 2, 0.0000, 'F18'),
(1536, 9, 2, '2025-09-23', 2, 0.0000, 'G18'),
(1537, 9, 3, '2025-09-23', 2, 0.0000, 'H18'),
(1538, 10, 1, '2025-09-23', 2, 0.0000, 'F19'),
(1539, 10, 2, '2025-09-23', 2, 0.0000, 'G19'),
(1540, 10, 3, '2025-09-23', 2, 0.0000, 'H19'),
(1541, 13, 1, '2025-09-23', 2, 0.0000, 'F22'),
(1542, 13, 2, '2025-09-23', 2, 0.0000, 'G22'),
(1543, 13, 3, '2025-09-23', 2, 0.0000, 'H22'),
(1544, 25, 3, '2025-09-23', 2, 0.0000, 'H34'),
(1545, 30, 1, '2025-09-23', 2, 0.0000, 'F39'),
(1546, 30, 2, '2025-09-23', 2, 0.0000, 'G39'),
(1547, 30, 3, '2025-09-23', 2, 0.0000, 'H39'),
(1548, 31, 1, '2025-09-23', 2, 0.0000, 'F40'),
(1549, 31, 2, '2025-09-23', 2, 0.0000, 'G40'),
(1550, 31, 3, '2025-09-23', 2, 0.0000, 'H40'),
(1551, 7, 1, '2025-09-23', 3, 0.0000, 'F16'),
(1552, 7, 2, '2025-09-23', 3, 0.0000, 'G16'),
(1553, 7, 3, '2025-09-23', 3, 0.0000, 'H16'),
(1554, 8, 1, '2025-09-23', 3, 0.0000, 'F17'),
(1555, 8, 2, '2025-09-23', 3, 0.0000, 'G17'),
(1556, 8, 3, '2025-09-23', 3, 0.0000, 'H17'),
(1557, 9, 1, '2025-09-23', 3, 0.0000, 'F18'),
(1558, 9, 2, '2025-09-23', 3, 0.0000, 'G18'),
(1559, 9, 3, '2025-09-23', 3, 0.0000, 'H18'),
(1560, 10, 1, '2025-09-23', 3, 0.0000, 'F19'),
(1561, 10, 2, '2025-09-23', 3, 0.0000, 'G19'),
(1562, 10, 3, '2025-09-23', 3, 0.0000, 'H19'),
(1563, 13, 1, '2025-09-23', 3, 0.0000, 'F22'),
(1564, 13, 2, '2025-09-23', 3, 0.0000, 'G22'),
(1565, 13, 3, '2025-09-23', 3, 0.0000, 'H22'),
(1566, 25, 3, '2025-09-23', 3, 0.0000, 'H34'),
(1567, 30, 1, '2025-09-23', 3, 0.0000, 'F39'),
(1568, 30, 2, '2025-09-23', 3, 0.0000, 'G39'),
(1569, 30, 3, '2025-09-23', 3, 0.0000, 'H39'),
(1570, 31, 1, '2025-09-23', 3, 0.0000, 'F40'),
(1571, 31, 2, '2025-09-23', 3, 0.0000, 'G40'),
(1572, 31, 3, '2025-09-23', 3, 0.0000, 'H40');

-- --------------------------------------------------------

--
-- Table structure for table `pgu_result_params`
--

CREATE TABLE `pgu_result_params` (
  `id` int NOT NULL,
  `name` varchar(255) CHARACTER SET utf8mb4 COLLATE utf8mb4_unicode_ci NOT NULL,
  `unit` varchar(50) CHARACTER SET utf8mb4 COLLATE utf8mb4_unicode_ci DEFAULT NULL,
  `symbol` varchar(50) CHARACTER SET utf8mb4 COLLATE utf8mb4_unicode_ci DEFAULT NULL,
  `row_num` varchar(20) CHARACTER SET utf8mb4 COLLATE utf8mb4_unicode_ci DEFAULT NULL
) ENGINE=InnoDB DEFAULT CHARSET=utf8mb4 COLLATE=utf8mb4_unicode_ci;

--
-- Dumping data for table `pgu_result_params`
--

INSERT INTO `pgu_result_params` (`id`, `name`, `unit`, `symbol`, `row_num`) VALUES
(38, 'Электрическая нагрузка ПГУ, MW, брутто', 'MW', 'Nпгубр', '47'),
(39, 'Электрическая нагрузка ПГУ, MW, нетто', 'MW', 'Nпгун', '48'),
(40, 'Электрическая нагрузка ГТУ, MW, нетто', 'MW', 'Nгтун', '49'),
(41, 'Электрическая нагрузка ПТУ, MW, нетто', 'MW', 'Nптун', '50'),
(42, 'Исходно-номинальный УРТ ПГУ, g/kWh', 'g/kWh', 'bэ(ином)пгу', '51'),
(43, 'Фактический расход топлива за месяц на ПГУ в пересчете на условное, т.усл.топл./мес', 'т.усл.топл./мес', 'Впгуф', '52'),
(44, 'на изменение cosφГТ, MW', 'MW', 'ΔNcosφгт', '54'),
(45, 'на изменение cosφПТ, MW', 'MW', 'ΔNcosφпт', '55'),
(46, 'на отпуск тепла на блоки, MW', 'MW', 'ΔNт.бл', '56'),
(47, 'на изменение температуры мокрого термометра в градирню, MW', 'MW', 'ΔNбл', '57'),
(48, 'на давление топливного газа, MW', 'MW', 'ΔNРт.газа', '58'),
(49, 'на температуру топливного газа, MW', 'MW', 'ΔNtт.газа', '59'),
(50, 'на температуру окружающей среды и относительную влажность (при Вкл испар. охл.)', NULL, 'ktн.в', '60'),
(51, 'на температуру на входе компрессора (при Откл. испар. охл.)', NULL, 'ktвх.к', '61'),
(52, 'на изменение барометрического давления и температуры на входе компрессора (при Вкл и Откл испар. охл.)', NULL, 'kРбар', '62'),
(53, 'на относительную влажность и температуру на входе компрессора (при Откл испар. охл.)', NULL, 'kφвх.к', '63'),
(54, 'на отклонение низшей теплоты сгорания топлива', NULL, 'kQнр', '64'),
(55, 'на изменение частоты ГТ (при Вкл и Откл испар. охл.)', NULL, 'kν', '65'),
(56, 'Кривая деградации ГТУ', NULL, 'kd', '66'),
(57, 'Кривая деградации ГТУ, MW', 'MW', 'ΔNkd', '67'),
(58, 'на занос КВОУ', NULL, 'kΔNквоу', '68'),
(59, 'на включение антиобледенительной системы (АОС)', NULL, 'kΔNаос', '69'),
(60, 'Расчетная мощность, приведённая к фактическим внешним условиям ПГУ, MW', 'MW', 'N′пгу', '70'),
(61, 'Изменение мощности ПГУ на внешние факторы, MW', 'MW', 'ΔN', '71'),
(62, 'Расход топлива на изменение мощности за счёт изменения внешних факторов, т.усл.топл.', 'т.усл.топл.', 'ΔB', '72'),
(63, 'Исходно-номинальный расход топлива на ПГУ по энергетическим характеристикам, т.усл.топл.', 'т.усл.топл.', 'Вт', '73'),
(64, 'Расход топлива на тепловую нагрузку, т.усл.топл.', 'т.усл.топл.', 'ΔBтепл', '74'),
(65, 'Расход топлива на ПГУ с учётом влияния внешних факторов и тепловой нагрузки, т.усл.топл.', 'т.усл.топл.', 'В′т', '75'),
(66, 'Мощность тепла топлива ПГУ, MW', 'MW', 'Nтоп', '76'),
(67, 'КПД нетто ПГУ (установки), %', '%', 'ηбрпгу', '77'),
(68, 'Электрические СН ПГУ, %', '%', 'эснпгу', '78'),
(69, 'Электрические СН ПГУ, MW', 'MW', 'Nснпгу', '79'),
(70, 'Номинальный удельный расход топлива на отпуск электроэнергии, приведённый к внешним факторам, g/kWh', 'g/kWh', 'bэ(ном)', '80'),
(71, 'Затраты топлива на пуски ПГУ по диспетчерскому графику, g/kWh', 'g/kWh', 'Δbпуск', '81'),
(72, 'Номинальный удельный расход топлива на отпуск электроэнергии с учётом пусков, g/kWh', 'g/kWh', 'b′э(ном)', '82'),
(73, 'Фактический удельный расход топлива на отпуск электроэнергии с учётом пусков, g/kWh', 'g/kWh', 'b′э(факт)', '83'),
(74, 'Экономия (+)/пережог (-) топлива, g/kWh', 'g/kWh', 'b′э(ном)', '84');

-- --------------------------------------------------------

--
-- Table structure for table `pgu_result_values`
--

CREATE TABLE `pgu_result_values` (
  `id` bigint NOT NULL,
  `param_id` int NOT NULL,
  `pgu_id` int NOT NULL,
  `date` date NOT NULL,
  `shift_id` int DEFAULT NULL COMMENT 'NULL для суточных расчетов',
  `value` decimal(15,6) NOT NULL,
  `user_id` int DEFAULT NULL,
  `period_type` enum('shift','day','period') CHARACTER SET utf8mb4 COLLATE utf8mb4_unicode_ci NOT NULL,
  `period_start` date DEFAULT NULL,
  `period_end` date DEFAULT NULL,
  `created_at` timestamp NULL DEFAULT CURRENT_TIMESTAMP,
  `updated_at` timestamp NULL DEFAULT CURRENT_TIMESTAMP ON UPDATE CURRENT_TIMESTAMP,
  `cell` varchar(20) CHARACTER SET utf8mb4 COLLATE utf8mb4_unicode_ci DEFAULT NULL
) ENGINE=InnoDB DEFAULT CHARSET=utf8mb4 COLLATE=utf8mb4_unicode_ci;

--
-- Dumping data for table `pgu_result_values`
--

INSERT INTO `pgu_result_values` (`id`, `param_id`, `pgu_id`, `date`, `shift_id`, `value`, `user_id`, `period_type`, `period_start`, `period_end`, `created_at`, `updated_at`, `cell`) VALUES
(9537, 46, 1, '2025-08-29', 1, 0.000000, 1, 'shift', NULL, NULL, '2025-08-29 01:48:46', '2025-08-29 01:48:46', 'F56'),
(9538, 46, 2, '2025-08-29', 1, 0.000000, 1, 'shift', NULL, NULL, '2025-08-29 01:48:46', '2025-08-29 01:48:46', 'G56'),
(9539, 50, 1, '2025-08-29', 1, 1.000000, 1, 'shift', NULL, NULL, '2025-08-29 01:48:46', '2025-08-29 01:48:46', 'F60'),
(9540, 50, 2, '2025-08-29', 1, 1.000000, 1, 'shift', NULL, NULL, '2025-08-29 01:48:46', '2025-08-29 01:48:46', 'G60'),
(9541, 51, 1, '2025-08-29', 1, 1.000000, 1, 'shift', NULL, NULL, '2025-08-29 01:48:46', '2025-08-29 01:48:46', 'F61'),
(9542, 51, 2, '2025-08-29', 1, 1.000000, 1, 'shift', NULL, NULL, '2025-08-29 01:48:46', '2025-08-29 01:48:46', 'G61'),
(9543, 52, 1, '2025-08-29', 1, 5.717500, 1, 'shift', NULL, NULL, '2025-08-29 01:48:46', '2025-08-29 01:48:46', 'F62'),
(9544, 52, 2, '2025-08-29', 1, 11.614400, 1, 'shift', NULL, NULL, '2025-08-29 01:48:46', '2025-08-29 01:48:46', 'G62'),
(9545, 53, 1, '2025-08-29', 1, 1.000000, 1, 'shift', NULL, NULL, '2025-08-29 01:48:46', '2025-08-29 01:48:46', 'F63'),
(9546, 53, 2, '2025-08-29', 1, 1.000000, 1, 'shift', NULL, NULL, '2025-08-29 01:48:46', '2025-08-29 01:48:46', 'G63'),
(9547, 54, 1, '2025-08-29', 1, 0.949400, 1, 'shift', NULL, NULL, '2025-08-29 01:48:46', '2025-08-29 01:48:46', 'F64'),
(9548, 54, 2, '2025-08-29', 1, 0.949400, 1, 'shift', NULL, NULL, '2025-08-29 01:48:46', '2025-08-29 01:48:46', 'G64'),
(9549, 55, 1, '2025-08-29', 1, 1.000000, 1, 'shift', NULL, NULL, '2025-08-29 01:48:46', '2025-08-29 01:48:46', 'F65'),
(9550, 55, 2, '2025-08-29', 1, 1.000000, 1, 'shift', NULL, NULL, '2025-08-29 01:48:46', '2025-08-29 01:48:46', 'G65'),
(9551, 56, 1, '2025-08-29', 1, 1.001900, 1, 'shift', NULL, NULL, '2025-08-29 01:48:46', '2025-08-29 01:48:46', 'F66'),
(9552, 56, 2, '2025-08-29', 1, 1.002000, 1, 'shift', NULL, NULL, '2025-08-29 01:48:46', '2025-08-29 01:48:46', 'G66'),
(9553, 59, 1, '2025-08-29', 1, 1.000000, 1, 'shift', NULL, NULL, '2025-08-29 01:48:46', '2025-08-29 01:48:46', 'F69'),
(9554, 59, 2, '2025-08-29', 1, 1.000000, 1, 'shift', NULL, NULL, '2025-08-29 01:48:46', '2025-08-29 01:48:46', 'G69'),
(11928, 46, 1, '2025-08-21', 1, 0.000000, 1, 'shift', NULL, NULL, '2025-09-11 22:46:43', '2025-09-11 22:46:43', 'F56'),
(11929, 46, 2, '2025-08-21', 1, 0.000000, 1, 'shift', NULL, NULL, '2025-09-11 22:46:43', '2025-09-11 22:46:43', 'G56'),
(11930, 50, 1, '2025-08-21', 1, 0.985000, 1, 'shift', NULL, NULL, '2025-09-11 22:46:43', '2025-09-11 22:46:43', 'F60'),
(11931, 50, 2, '2025-08-21', 1, 1.000000, 1, 'shift', NULL, NULL, '2025-09-11 22:46:43', '2025-09-11 22:46:43', 'G60'),
(11932, 51, 1, '2025-08-21', 1, 1.000000, 1, 'shift', NULL, NULL, '2025-09-11 22:46:43', '2025-09-11 22:46:43', 'F61'),
(11933, 51, 2, '2025-08-21', 1, 1.000000, 1, 'shift', NULL, NULL, '2025-09-11 22:46:43', '2025-09-11 22:46:43', 'G61'),
(11934, 52, 1, '2025-08-21', 1, 6.525500, 1, 'shift', NULL, NULL, '2025-09-11 22:46:43', '2025-09-11 22:46:43', 'F62'),
(11935, 52, 2, '2025-08-21', 1, 12.051000, 1, 'shift', NULL, NULL, '2025-09-11 22:46:43', '2025-09-11 22:46:43', 'G62'),
(11936, 53, 1, '2025-08-21', 1, 1.000000, 1, 'shift', NULL, NULL, '2025-09-11 22:46:43', '2025-09-11 22:46:43', 'F63'),
(11937, 53, 2, '2025-08-21', 1, 1.000000, 1, 'shift', NULL, NULL, '2025-09-11 22:46:43', '2025-09-11 22:46:43', 'G63'),
(11938, 54, 1, '2025-08-21', 1, 0.949400, 1, 'shift', NULL, NULL, '2025-09-11 22:46:43', '2025-09-11 22:46:43', 'F64'),
(11939, 54, 2, '2025-08-21', 1, 0.949400, 1, 'shift', NULL, NULL, '2025-09-11 22:46:43', '2025-09-11 22:46:43', 'G64'),
(11940, 55, 1, '2025-08-21', 1, 1.000000, 1, 'shift', NULL, NULL, '2025-09-11 22:46:43', '2025-09-11 22:46:43', 'F65'),
(11941, 55, 2, '2025-08-21', 1, 1.000000, 1, 'shift', NULL, NULL, '2025-09-11 22:46:43', '2025-09-11 22:46:43', 'G65'),
(11942, 56, 1, '2025-08-21', 1, 1.001000, 1, 'shift', NULL, NULL, '2025-09-11 22:46:43', '2025-09-11 22:46:43', 'F66'),
(11943, 56, 2, '2025-08-21', 1, 1.001000, 1, 'shift', NULL, NULL, '2025-09-11 22:46:43', '2025-09-11 22:46:43', 'G66'),
(11944, 59, 1, '2025-08-21', 1, 1.000000, 1, 'shift', NULL, NULL, '2025-09-11 22:46:43', '2025-09-11 22:46:43', 'F69'),
(11945, 59, 2, '2025-08-21', 1, 1.000000, 1, 'shift', NULL, NULL, '2025-09-11 22:46:43', '2025-09-11 22:46:43', 'G69'),
(11946, 46, 1, '2025-08-21', 2, 0.000000, 1, 'shift', NULL, NULL, '2025-09-11 22:46:43', '2025-09-11 22:46:43', 'F56'),
(11947, 46, 2, '2025-08-21', 2, 0.000000, 1, 'shift', NULL, NULL, '2025-09-11 22:46:43', '2025-09-11 22:46:43', 'G56'),
(11948, 50, 1, '2025-08-21', 2, 0.969900, 1, 'shift', NULL, NULL, '2025-09-11 22:46:43', '2025-09-11 22:46:43', 'F60'),
(11949, 50, 2, '2025-08-21', 2, 1.000000, 1, 'shift', NULL, NULL, '2025-09-11 22:46:43', '2025-09-11 22:46:43', 'G60'),
(11950, 51, 1, '2025-08-21', 2, 1.000000, 1, 'shift', NULL, NULL, '2025-09-11 22:46:43', '2025-09-11 22:46:43', 'F61'),
(11951, 51, 2, '2025-08-21', 2, 1.000000, 1, 'shift', NULL, NULL, '2025-09-11 22:46:43', '2025-09-11 22:46:43', 'G61'),
(11952, 52, 1, '2025-08-21', 2, 12.051000, 1, 'shift', NULL, NULL, '2025-09-11 22:46:43', '2025-09-11 22:46:43', 'F62'),
(11953, 52, 2, '2025-08-21', 2, 12.051000, 1, 'shift', NULL, NULL, '2025-09-11 22:46:43', '2025-09-11 22:46:43', 'G62'),
(11954, 53, 1, '2025-08-21', 2, 1.000000, 1, 'shift', NULL, NULL, '2025-09-11 22:46:43', '2025-09-11 22:46:43', 'F63'),
(11955, 53, 2, '2025-08-21', 2, 1.000000, 1, 'shift', NULL, NULL, '2025-09-11 22:46:43', '2025-09-11 22:46:43', 'G63'),
(11956, 54, 1, '2025-08-21', 2, 0.949400, 1, 'shift', NULL, NULL, '2025-09-11 22:46:43', '2025-09-11 22:46:43', 'F64'),
(11957, 54, 2, '2025-08-21', 2, 0.949400, 1, 'shift', NULL, NULL, '2025-09-11 22:46:43', '2025-09-11 22:46:43', 'G64'),
(11958, 55, 1, '2025-08-21', 2, 1.000000, 1, 'shift', NULL, NULL, '2025-09-11 22:46:43', '2025-09-11 22:46:43', 'F65'),
(11959, 55, 2, '2025-08-21', 2, 1.000000, 1, 'shift', NULL, NULL, '2025-09-11 22:46:43', '2025-09-11 22:46:43', 'G65'),
(11960, 56, 1, '2025-08-21', 2, 1.001000, 1, 'shift', NULL, NULL, '2025-09-11 22:46:43', '2025-09-11 22:46:43', 'F66'),
(11961, 56, 2, '2025-08-21', 2, 1.001000, 1, 'shift', NULL, NULL, '2025-09-11 22:46:43', '2025-09-11 22:46:43', 'G66'),
(11962, 59, 1, '2025-08-21', 2, 1.000000, 1, 'shift', NULL, NULL, '2025-09-11 22:46:43', '2025-09-11 22:46:43', 'F69'),
(11963, 59, 2, '2025-08-21', 2, 1.000000, 1, 'shift', NULL, NULL, '2025-09-11 22:46:43', '2025-09-11 22:46:43', 'G69'),
(11964, 46, 1, '2025-08-21', 3, 0.000000, 1, 'shift', NULL, NULL, '2025-09-11 22:46:43', '2025-09-11 22:46:43', 'F56'),
(11965, 46, 2, '2025-08-21', 3, 0.000000, 1, 'shift', NULL, NULL, '2025-09-11 22:46:43', '2025-09-11 22:46:43', 'G56'),
(11966, 50, 1, '2025-08-21', 3, 0.969900, 1, 'shift', NULL, NULL, '2025-09-11 22:46:43', '2025-09-11 22:46:43', 'F60'),
(11967, 50, 2, '2025-08-21', 3, 1.000000, 1, 'shift', NULL, NULL, '2025-09-11 22:46:43', '2025-09-11 22:46:43', 'G60'),
(11968, 51, 1, '2025-08-21', 3, 1.000000, 1, 'shift', NULL, NULL, '2025-09-11 22:46:43', '2025-09-11 22:46:43', 'F61'),
(11969, 51, 2, '2025-08-21', 3, 1.000000, 1, 'shift', NULL, NULL, '2025-09-11 22:46:43', '2025-09-11 22:46:43', 'G61'),
(11970, 52, 1, '2025-08-21', 3, 12.051000, 1, 'shift', NULL, NULL, '2025-09-11 22:46:43', '2025-09-11 22:46:43', 'F62'),
(11971, 52, 2, '2025-08-21', 3, 12.051000, 1, 'shift', NULL, NULL, '2025-09-11 22:46:43', '2025-09-11 22:46:43', 'G62'),
(11972, 53, 1, '2025-08-21', 3, 1.000000, 1, 'shift', NULL, NULL, '2025-09-11 22:46:43', '2025-09-11 22:46:43', 'F63'),
(11973, 53, 2, '2025-08-21', 3, 1.000000, 1, 'shift', NULL, NULL, '2025-09-11 22:46:43', '2025-09-11 22:46:43', 'G63'),
(11974, 54, 1, '2025-08-21', 3, 0.949400, 1, 'shift', NULL, NULL, '2025-09-11 22:46:43', '2025-09-11 22:46:43', 'F64'),
(11975, 54, 2, '2025-08-21', 3, 0.949400, 1, 'shift', NULL, NULL, '2025-09-11 22:46:43', '2025-09-11 22:46:43', 'G64'),
(11976, 55, 1, '2025-08-21', 3, 1.000000, 1, 'shift', NULL, NULL, '2025-09-11 22:46:43', '2025-09-11 22:46:43', 'F65'),
(11977, 55, 2, '2025-08-21', 3, 1.000000, 1, 'shift', NULL, NULL, '2025-09-11 22:46:43', '2025-09-11 22:46:43', 'G65'),
(11978, 56, 1, '2025-08-21', 3, 1.001000, 1, 'shift', NULL, NULL, '2025-09-11 22:46:43', '2025-09-11 22:46:43', 'F66'),
(11979, 56, 2, '2025-08-21', 3, 1.001000, 1, 'shift', NULL, NULL, '2025-09-11 22:46:43', '2025-09-11 22:46:43', 'G66'),
(11980, 59, 1, '2025-08-21', 3, 1.000000, 1, 'shift', NULL, NULL, '2025-09-11 22:46:43', '2025-09-11 22:46:43', 'F69'),
(11981, 59, 2, '2025-08-21', 3, 1.000000, 1, 'shift', NULL, NULL, '2025-09-11 22:46:43', '2025-09-11 22:46:43', 'G69'),
(11982, 46, 1, '2025-09-12', 1, 0.000000, 1, 'shift', NULL, NULL, '2025-09-12 08:32:57', '2025-09-12 08:32:57', 'F56'),
(11983, 46, 2, '2025-09-12', 1, 0.000000, 1, 'shift', NULL, NULL, '2025-09-12 08:32:57', '2025-09-12 08:32:57', 'G56'),
(11984, 50, 1, '2025-09-12', 1, 1.000000, 1, 'shift', NULL, NULL, '2025-09-12 08:32:57', '2025-09-12 08:32:57', 'F60'),
(11985, 50, 2, '2025-09-12', 1, 1.000000, 1, 'shift', NULL, NULL, '2025-09-12 08:32:57', '2025-09-12 08:32:57', 'G60'),
(11986, 51, 1, '2025-09-12', 1, 97.790500, 1, 'shift', NULL, NULL, '2025-09-12 08:32:57', '2025-09-12 08:32:57', 'F61'),
(11987, 51, 2, '2025-09-12', 1, 97.790500, 1, 'shift', NULL, NULL, '2025-09-12 08:32:57', '2025-09-12 08:32:57', 'G61'),
(11988, 52, 1, '2025-09-12', 1, 12.051000, 1, 'shift', NULL, NULL, '2025-09-12 08:32:57', '2025-09-12 08:32:57', 'F62'),
(11989, 52, 2, '2025-09-12', 1, 12.051000, 1, 'shift', NULL, NULL, '2025-09-12 08:32:57', '2025-09-12 08:32:57', 'G62'),
(11990, 53, 1, '2025-09-12', 1, 96.990800, 1, 'shift', NULL, NULL, '2025-09-12 08:32:57', '2025-09-12 08:32:57', 'F63'),
(11991, 53, 2, '2025-09-12', 1, 96.990800, 1, 'shift', NULL, NULL, '2025-09-12 08:32:57', '2025-09-12 08:32:57', 'G63'),
(11992, 54, 1, '2025-09-12', 1, 0.949400, 1, 'shift', NULL, NULL, '2025-09-12 08:32:57', '2025-09-12 08:32:57', 'F64'),
(11993, 54, 2, '2025-09-12', 1, 0.949400, 1, 'shift', NULL, NULL, '2025-09-12 08:32:57', '2025-09-12 08:32:57', 'G64'),
(11994, 55, 1, '2025-09-12', 1, 1.000000, 1, 'shift', NULL, NULL, '2025-09-12 08:32:57', '2025-09-12 08:32:57', 'F65'),
(11995, 55, 2, '2025-09-12', 1, 1.000000, 1, 'shift', NULL, NULL, '2025-09-12 08:32:57', '2025-09-12 08:32:57', 'G65'),
(11996, 56, 1, '2025-09-12', 1, 1.003600, 1, 'shift', NULL, NULL, '2025-09-12 08:32:57', '2025-09-12 08:32:57', 'F66'),
(11997, 56, 2, '2025-09-12', 1, 1.003600, 1, 'shift', NULL, NULL, '2025-09-12 08:32:57', '2025-09-12 08:32:57', 'G66'),
(11998, 59, 1, '2025-09-12', 1, 1.000000, 1, 'shift', NULL, NULL, '2025-09-12 08:32:57', '2025-09-12 08:32:57', 'F69'),
(11999, 59, 2, '2025-09-12', 1, 1.000000, 1, 'shift', NULL, NULL, '2025-09-12 08:32:57', '2025-09-12 08:32:57', 'G69'),
(12000, 46, 1, '2025-09-12', 2, 0.000000, 1, 'shift', NULL, NULL, '2025-09-12 08:32:57', '2025-09-12 08:32:57', 'F56'),
(12001, 46, 2, '2025-09-12', 2, 0.000000, 1, 'shift', NULL, NULL, '2025-09-12 08:32:57', '2025-09-12 08:32:57', 'G56'),
(12002, 50, 1, '2025-09-12', 2, 1.000000, 1, 'shift', NULL, NULL, '2025-09-12 08:32:57', '2025-09-12 08:32:57', 'F60'),
(12003, 50, 2, '2025-09-12', 2, 1.000000, 1, 'shift', NULL, NULL, '2025-09-12 08:32:57', '2025-09-12 08:32:57', 'G60'),
(12004, 51, 1, '2025-09-12', 2, 97.790500, 1, 'shift', NULL, NULL, '2025-09-12 08:32:57', '2025-09-12 08:32:57', 'F61'),
(12005, 51, 2, '2025-09-12', 2, 97.790500, 1, 'shift', NULL, NULL, '2025-09-12 08:32:57', '2025-09-12 08:32:57', 'G61'),
(12006, 52, 1, '2025-09-12', 2, 12.051000, 1, 'shift', NULL, NULL, '2025-09-12 08:32:57', '2025-09-12 08:32:57', 'F62'),
(12007, 52, 2, '2025-09-12', 2, 12.051000, 1, 'shift', NULL, NULL, '2025-09-12 08:32:57', '2025-09-12 08:32:57', 'G62'),
(12008, 53, 1, '2025-09-12', 2, 96.990800, 1, 'shift', NULL, NULL, '2025-09-12 08:32:57', '2025-09-12 08:32:57', 'F63'),
(12009, 53, 2, '2025-09-12', 2, 96.990800, 1, 'shift', NULL, NULL, '2025-09-12 08:32:57', '2025-09-12 08:32:57', 'G63'),
(12010, 54, 1, '2025-09-12', 2, 0.949400, 1, 'shift', NULL, NULL, '2025-09-12 08:32:57', '2025-09-12 08:32:57', 'F64'),
(12011, 54, 2, '2025-09-12', 2, 0.949400, 1, 'shift', NULL, NULL, '2025-09-12 08:32:57', '2025-09-12 08:32:57', 'G64'),
(12012, 55, 1, '2025-09-12', 2, 1.000000, 1, 'shift', NULL, NULL, '2025-09-12 08:32:57', '2025-09-12 08:32:57', 'F65'),
(12013, 55, 2, '2025-09-12', 2, 1.000000, 1, 'shift', NULL, NULL, '2025-09-12 08:32:57', '2025-09-12 08:32:57', 'G65'),
(12014, 56, 1, '2025-09-12', 2, 1.003600, 1, 'shift', NULL, NULL, '2025-09-12 08:32:57', '2025-09-12 08:32:57', 'F66'),
(12015, 56, 2, '2025-09-12', 2, 1.003600, 1, 'shift', NULL, NULL, '2025-09-12 08:32:57', '2025-09-12 08:32:57', 'G66'),
(12016, 59, 1, '2025-09-12', 2, 1.000000, 1, 'shift', NULL, NULL, '2025-09-12 08:32:57', '2025-09-12 08:32:57', 'F69'),
(12017, 59, 2, '2025-09-12', 2, 1.000000, 1, 'shift', NULL, NULL, '2025-09-12 08:32:57', '2025-09-12 08:32:57', 'G69'),
(12018, 46, 1, '2025-09-12', 3, 0.000000, 1, 'shift', NULL, NULL, '2025-09-12 08:32:57', '2025-09-12 08:32:57', 'F56'),
(12019, 46, 2, '2025-09-12', 3, 0.000000, 1, 'shift', NULL, NULL, '2025-09-12 08:32:57', '2025-09-12 08:32:57', 'G56'),
(12020, 50, 1, '2025-09-12', 3, 1.000000, 1, 'shift', NULL, NULL, '2025-09-12 08:32:57', '2025-09-12 08:32:57', 'F60'),
(12021, 50, 2, '2025-09-12', 3, 1.000000, 1, 'shift', NULL, NULL, '2025-09-12 08:32:57', '2025-09-12 08:32:57', 'G60'),
(12022, 51, 1, '2025-09-12', 3, 97.790500, 1, 'shift', NULL, NULL, '2025-09-12 08:32:57', '2025-09-12 08:32:57', 'F61'),
(12023, 51, 2, '2025-09-12', 3, 97.790500, 1, 'shift', NULL, NULL, '2025-09-12 08:32:57', '2025-09-12 08:32:57', 'G61'),
(12024, 52, 1, '2025-09-12', 3, 12.051000, 1, 'shift', NULL, NULL, '2025-09-12 08:32:57', '2025-09-12 08:32:57', 'F62'),
(12025, 52, 2, '2025-09-12', 3, 12.051000, 1, 'shift', NULL, NULL, '2025-09-12 08:32:57', '2025-09-12 08:32:57', 'G62'),
(12026, 53, 1, '2025-09-12', 3, 96.990800, 1, 'shift', NULL, NULL, '2025-09-12 08:32:57', '2025-09-12 08:32:57', 'F63'),
(12027, 53, 2, '2025-09-12', 3, 96.990800, 1, 'shift', NULL, NULL, '2025-09-12 08:32:57', '2025-09-12 08:32:57', 'G63'),
(12028, 54, 1, '2025-09-12', 3, 0.949400, 1, 'shift', NULL, NULL, '2025-09-12 08:32:57', '2025-09-12 08:32:57', 'F64'),
(12029, 54, 2, '2025-09-12', 3, 0.949400, 1, 'shift', NULL, NULL, '2025-09-12 08:32:57', '2025-09-12 08:32:57', 'G64'),
(12030, 55, 1, '2025-09-12', 3, 1.000000, 1, 'shift', NULL, NULL, '2025-09-12 08:32:57', '2025-09-12 08:32:57', 'F65'),
(12031, 55, 2, '2025-09-12', 3, 1.000000, 1, 'shift', NULL, NULL, '2025-09-12 08:32:57', '2025-09-12 08:32:57', 'G65'),
(12032, 56, 1, '2025-09-12', 3, 1.003600, 1, 'shift', NULL, NULL, '2025-09-12 08:32:57', '2025-09-12 08:32:57', 'F66'),
(12033, 56, 2, '2025-09-12', 3, 1.003600, 1, 'shift', NULL, NULL, '2025-09-12 08:32:57', '2025-09-12 08:32:57', 'G66'),
(12034, 59, 1, '2025-09-12', 3, 1.000000, 1, 'shift', NULL, NULL, '2025-09-12 08:32:57', '2025-09-12 08:32:57', 'F69'),
(12035, 59, 2, '2025-09-12', 3, 1.000000, 1, 'shift', NULL, NULL, '2025-09-12 08:32:57', '2025-09-12 08:32:57', 'G69'),
(12066, 50, 1, '2025-09-13', 1, 1.000000, 1, 'shift', NULL, NULL, '2025-09-13 14:01:06', '2025-09-13 14:01:06', 'F60'),
(12067, 50, 2, '2025-09-13', 1, 1.000000, 1, 'shift', NULL, NULL, '2025-09-13 14:01:06', '2025-09-13 14:01:06', 'G60'),
(12068, 51, 1, '2025-09-13', 1, 1.000000, 1, 'shift', NULL, NULL, '2025-09-13 14:01:06', '2025-09-13 14:01:06', 'F61'),
(12069, 51, 2, '2025-09-13', 1, 1.000000, 1, 'shift', NULL, NULL, '2025-09-13 14:01:06', '2025-09-13 14:01:06', 'G61'),
(12070, 53, 1, '2025-09-13', 1, 1.000000, 1, 'shift', NULL, NULL, '2025-09-13 14:01:06', '2025-09-13 14:01:06', 'F63'),
(12071, 53, 2, '2025-09-13', 1, 1.000000, 1, 'shift', NULL, NULL, '2025-09-13 14:01:06', '2025-09-13 14:01:06', 'G63'),
(12072, 54, 1, '2025-09-13', 1, 0.949400, 1, 'shift', NULL, NULL, '2025-09-13 14:01:06', '2025-09-13 14:01:06', 'F64'),
(12073, 54, 2, '2025-09-13', 1, 0.949400, 1, 'shift', NULL, NULL, '2025-09-13 14:01:06', '2025-09-13 14:01:06', 'G64'),
(12074, 55, 1, '2025-09-13', 1, 1.000000, 1, 'shift', NULL, NULL, '2025-09-13 14:01:06', '2025-09-13 14:01:06', 'F65'),
(12075, 55, 2, '2025-09-13', 1, 1.000000, 1, 'shift', NULL, NULL, '2025-09-13 14:01:06', '2025-09-13 14:01:06', 'G65'),
(12076, 56, 1, '2025-09-13', 1, 1.000000, 1, 'shift', NULL, NULL, '2025-09-13 14:01:06', '2025-09-13 14:01:06', 'F66'),
(12077, 56, 2, '2025-09-13', 1, 1.000000, 1, 'shift', NULL, NULL, '2025-09-13 14:01:06', '2025-09-13 14:01:06', 'G66'),
(12078, 59, 1, '2025-09-13', 1, 1.000000, 1, 'shift', NULL, NULL, '2025-09-13 14:01:06', '2025-09-13 14:01:06', 'F69'),
(12079, 59, 2, '2025-09-13', 1, 1.000000, 1, 'shift', NULL, NULL, '2025-09-13 14:01:06', '2025-09-13 14:01:06', 'G69'),
(12080, 50, 1, '2025-09-13', 2, 1.000000, 1, 'shift', NULL, NULL, '2025-09-13 14:01:06', '2025-09-13 14:01:06', 'F60'),
(12081, 50, 2, '2025-09-13', 2, 1.000000, 1, 'shift', NULL, NULL, '2025-09-13 14:01:06', '2025-09-13 14:01:06', 'G60'),
(12082, 51, 1, '2025-09-13', 2, 1.000000, 1, 'shift', NULL, NULL, '2025-09-13 14:01:06', '2025-09-13 14:01:06', 'F61'),
(12083, 51, 2, '2025-09-13', 2, 1.000000, 1, 'shift', NULL, NULL, '2025-09-13 14:01:06', '2025-09-13 14:01:06', 'G61'),
(12084, 53, 1, '2025-09-13', 2, 1.000000, 1, 'shift', NULL, NULL, '2025-09-13 14:01:06', '2025-09-13 14:01:06', 'F63'),
(12085, 53, 2, '2025-09-13', 2, 1.000000, 1, 'shift', NULL, NULL, '2025-09-13 14:01:06', '2025-09-13 14:01:06', 'G63'),
(12086, 54, 1, '2025-09-13', 2, 0.949400, 1, 'shift', NULL, NULL, '2025-09-13 14:01:06', '2025-09-13 14:01:06', 'F64'),
(12087, 54, 2, '2025-09-13', 2, 0.949400, 1, 'shift', NULL, NULL, '2025-09-13 14:01:06', '2025-09-13 14:01:06', 'G64'),
(12088, 55, 1, '2025-09-13', 2, 1.000000, 1, 'shift', NULL, NULL, '2025-09-13 14:01:06', '2025-09-13 14:01:06', 'F65'),
(12089, 55, 2, '2025-09-13', 2, 1.000000, 1, 'shift', NULL, NULL, '2025-09-13 14:01:06', '2025-09-13 14:01:06', 'G65'),
(12090, 56, 1, '2025-09-13', 2, 1.000000, 1, 'shift', NULL, NULL, '2025-09-13 14:01:06', '2025-09-13 14:01:06', 'F66'),
(12091, 56, 2, '2025-09-13', 2, 1.000000, 1, 'shift', NULL, NULL, '2025-09-13 14:01:06', '2025-09-13 14:01:06', 'G66'),
(12092, 59, 1, '2025-09-13', 2, 1.000000, 1, 'shift', NULL, NULL, '2025-09-13 14:01:06', '2025-09-13 14:01:06', 'F69'),
(12093, 59, 2, '2025-09-13', 2, 1.000000, 1, 'shift', NULL, NULL, '2025-09-13 14:01:06', '2025-09-13 14:01:06', 'G69'),
(12094, 50, 1, '2025-09-13', 3, 1.000000, 1, 'shift', NULL, NULL, '2025-09-13 14:01:06', '2025-09-13 14:01:06', 'F60'),
(12095, 50, 2, '2025-09-13', 3, 1.000000, 1, 'shift', NULL, NULL, '2025-09-13 14:01:06', '2025-09-13 14:01:06', 'G60'),
(12096, 51, 1, '2025-09-13', 3, 1.000000, 1, 'shift', NULL, NULL, '2025-09-13 14:01:06', '2025-09-13 14:01:06', 'F61'),
(12097, 51, 2, '2025-09-13', 3, 1.000000, 1, 'shift', NULL, NULL, '2025-09-13 14:01:06', '2025-09-13 14:01:06', 'G61'),
(12098, 53, 1, '2025-09-13', 3, 1.000000, 1, 'shift', NULL, NULL, '2025-09-13 14:01:06', '2025-09-13 14:01:06', 'F63'),
(12099, 53, 2, '2025-09-13', 3, 1.000000, 1, 'shift', NULL, NULL, '2025-09-13 14:01:06', '2025-09-13 14:01:06', 'G63'),
(12100, 54, 1, '2025-09-13', 3, 0.949400, 1, 'shift', NULL, NULL, '2025-09-13 14:01:06', '2025-09-13 14:01:06', 'F64'),
(12101, 54, 2, '2025-09-13', 3, 0.949400, 1, 'shift', NULL, NULL, '2025-09-13 14:01:06', '2025-09-13 14:01:06', 'G64'),
(12102, 55, 1, '2025-09-13', 3, 1.000000, 1, 'shift', NULL, NULL, '2025-09-13 14:01:06', '2025-09-13 14:01:06', 'F65'),
(12103, 55, 2, '2025-09-13', 3, 1.000000, 1, 'shift', NULL, NULL, '2025-09-13 14:01:06', '2025-09-13 14:01:06', 'G65'),
(12104, 56, 1, '2025-09-13', 3, 1.000000, 1, 'shift', NULL, NULL, '2025-09-13 14:01:06', '2025-09-13 14:01:06', 'F66'),
(12105, 56, 2, '2025-09-13', 3, 1.000000, 1, 'shift', NULL, NULL, '2025-09-13 14:01:06', '2025-09-13 14:01:06', 'G66'),
(12106, 59, 1, '2025-09-13', 3, 1.000000, 1, 'shift', NULL, NULL, '2025-09-13 14:01:06', '2025-09-13 14:01:06', 'F69'),
(12107, 59, 2, '2025-09-13', 3, 1.000000, 1, 'shift', NULL, NULL, '2025-09-13 14:01:06', '2025-09-13 14:01:06', 'G69'),
(12108, 38, 1, '2025-08-22', 1, 404.604700, 1, 'shift', NULL, NULL, '2025-09-13 18:43:36', '2025-09-13 18:43:36', 'F47'),
(12109, 38, 2, '2025-08-22', 1, 262.634800, 1, 'shift', NULL, NULL, '2025-09-13 18:43:36', '2025-09-13 18:43:36', 'G47'),
(12110, 38, 3, '2025-08-22', 1, 667.092100, 1, 'shift', NULL, NULL, '2025-09-13 18:43:36', '2025-09-13 18:43:36', 'H47'),
(12111, 39, 1, '2025-08-22', 1, 389.948800, 1, 'shift', NULL, NULL, '2025-09-13 18:43:36', '2025-09-13 18:43:36', 'F48'),
(12112, 39, 2, '2025-08-22', 1, 245.084200, 1, 'shift', NULL, NULL, '2025-09-13 18:43:36', '2025-09-13 18:43:36', 'G48'),
(12113, 39, 3, '2025-08-22', 1, 634.882500, 1, 'shift', NULL, NULL, '2025-09-13 18:43:36', '2025-09-13 18:43:36', 'H48'),
(12114, 40, 1, '2025-08-22', 1, 188.272700, 1, 'shift', NULL, NULL, '2025-09-13 18:43:36', '2025-09-13 18:43:36', 'F49'),
(12115, 40, 2, '2025-08-22', 1, 144.455400, 1, 'shift', NULL, NULL, '2025-09-13 18:43:36', '2025-09-13 18:43:36', 'G49'),
(12116, 40, 3, '2025-08-22', 1, 332.682600, 1, 'shift', NULL, NULL, '2025-09-13 18:43:36', '2025-09-13 18:43:36', 'H49'),
(12117, 41, 1, '2025-08-22', 1, 201.676000, 1, 'shift', NULL, NULL, '2025-09-13 18:43:36', '2025-09-13 18:43:36', 'F50'),
(12118, 41, 2, '2025-08-22', 1, 100.628800, 1, 'shift', NULL, NULL, '2025-09-13 18:43:36', '2025-09-13 18:43:36', 'G50'),
(12119, 41, 3, '2025-08-22', 1, 302.199900, 1, 'shift', NULL, NULL, '2025-09-13 18:43:36', '2025-09-13 18:43:36', 'H50'),
(12120, 42, 1, '2025-08-22', 1, 222.200700, 1, 'shift', NULL, NULL, '2025-09-13 18:43:36', '2025-09-13 18:43:36', 'F51'),
(12121, 42, 2, '2025-08-22', 1, 235.323700, 1, 'shift', NULL, NULL, '2025-09-13 18:43:36', '2025-09-13 18:43:36', 'G51'),
(12122, 42, 3, '2025-08-22', 1, 227.271800, 1, 'shift', NULL, NULL, '2025-09-13 18:43:36', '2025-09-13 18:43:36', 'H51'),
(12123, 43, 1, '2025-08-22', 1, 35202.505000, 1, 'shift', NULL, NULL, '2025-09-13 18:43:36', '2025-09-13 18:43:36', 'F52'),
(12124, 43, 2, '2025-08-22', 1, 37952.822100, 1, 'shift', NULL, NULL, '2025-09-13 18:43:36', '2025-09-13 18:43:36', 'G52'),
(12125, 43, 3, '2025-08-22', 1, 73155.327100, 1, 'shift', NULL, NULL, '2025-09-13 18:43:36', '2025-09-13 18:43:36', 'H52'),
(12126, 44, 1, '2025-08-22', 1, -0.119000, 1, 'shift', NULL, NULL, '2025-09-13 18:43:36', '2025-09-13 18:43:36', 'F54'),
(12127, 44, 2, '2025-08-22', 1, -0.083300, 1, 'shift', NULL, NULL, '2025-09-13 18:43:36', '2025-09-13 18:43:36', 'G54'),
(12128, 45, 1, '2025-08-22', 1, 12.786100, 1, 'shift', NULL, NULL, '2025-09-13 18:43:36', '2025-09-13 18:43:36', 'F55'),
(12129, 45, 2, '2025-08-22', 1, -0.038600, 1, 'shift', NULL, NULL, '2025-09-13 18:43:36', '2025-09-13 18:43:36', 'G55'),
(12130, 46, 1, '2025-08-22', 1, 0.000000, 1, 'shift', NULL, NULL, '2025-09-13 18:43:36', '2025-09-13 18:43:36', 'F56'),
(12131, 46, 2, '2025-08-22', 1, 0.000000, 1, 'shift', NULL, NULL, '2025-09-13 18:43:36', '2025-09-13 18:43:36', 'G56'),
(12132, 47, 1, '2025-08-22', 1, -0.283200, 1, 'shift', NULL, NULL, '2025-09-13 18:43:36', '2025-09-13 18:43:36', 'F57'),
(12133, 47, 2, '2025-08-22', 1, -0.283200, 1, 'shift', NULL, NULL, '2025-09-13 18:43:36', '2025-09-13 18:43:36', 'G57'),
(12134, 48, 1, '2025-08-22', 1, -0.144400, 1, 'shift', NULL, NULL, '2025-09-13 18:43:36', '2025-09-13 18:43:36', 'F58'),
(12135, 48, 2, '2025-08-22', 1, -0.144400, 1, 'shift', NULL, NULL, '2025-09-13 18:43:36', '2025-09-13 18:43:36', 'G58'),
(12136, 49, 1, '2025-08-22', 1, 0.066700, 1, 'shift', NULL, NULL, '2025-09-13 18:43:36', '2025-09-13 18:43:36', 'F59'),
(12137, 49, 2, '2025-08-22', 1, 0.066700, 1, 'shift', NULL, NULL, '2025-09-13 18:43:36', '2025-09-13 18:43:36', 'G59'),
(12138, 50, 1, '2025-08-22', 1, 1.041900, 1, 'shift', NULL, NULL, '2025-09-13 18:43:36', '2025-09-13 18:43:36', 'F60'),
(12139, 50, 2, '2025-08-22', 1, 1.042800, 1, 'shift', NULL, NULL, '2025-09-13 18:43:36', '2025-09-13 18:43:36', 'G60'),
(12140, 51, 1, '2025-08-22', 1, 1.000000, 1, 'shift', NULL, NULL, '2025-09-13 18:43:36', '2025-09-13 18:43:36', 'F61'),
(12141, 51, 2, '2025-08-22', 1, 1.000000, 1, 'shift', NULL, NULL, '2025-09-13 18:43:36', '2025-09-13 18:43:36', 'G61'),
(12142, 52, 1, '2025-08-22', 1, 1.004300, 1, 'shift', NULL, NULL, '2025-09-13 18:43:36', '2025-09-13 18:43:36', 'F62'),
(12143, 52, 2, '2025-08-22', 1, 1.004400, 1, 'shift', NULL, NULL, '2025-09-13 18:43:36', '2025-09-13 18:43:36', 'G62'),
(12144, 53, 1, '2025-08-22', 1, 1.000000, 1, 'shift', NULL, NULL, '2025-09-13 18:43:36', '2025-09-13 18:43:36', 'F63'),
(12145, 53, 2, '2025-08-22', 1, 1.000000, 1, 'shift', NULL, NULL, '2025-09-13 18:43:36', '2025-09-13 18:43:36', 'G63'),
(12146, 54, 1, '2025-08-22', 1, 1.000800, 1, 'shift', NULL, NULL, '2025-09-13 18:43:36', '2025-09-13 18:43:36', 'F64'),
(12147, 54, 2, '2025-08-22', 1, 1.000800, 1, 'shift', NULL, NULL, '2025-09-13 18:43:36', '2025-09-13 18:43:36', 'G64'),
(12148, 55, 1, '2025-08-22', 1, 1.000000, 1, 'shift', NULL, NULL, '2025-09-13 18:43:36', '2025-09-13 18:43:36', 'F65'),
(12149, 55, 2, '2025-08-22', 1, 1.000000, 1, 'shift', NULL, NULL, '2025-09-13 18:43:36', '2025-09-13 18:43:36', 'G65'),
(12150, 56, 1, '2025-08-22', 1, 1.001000, 1, 'shift', NULL, NULL, '2025-09-13 18:43:36', '2025-09-13 18:43:36', 'F66'),
(12151, 56, 2, '2025-08-22', 1, 1.001100, 1, 'shift', NULL, NULL, '2025-09-13 18:43:36', '2025-09-13 18:43:36', 'G66'),
(12152, 57, 1, '2025-08-22', 1, -0.188300, 1, 'shift', NULL, NULL, '2025-09-13 18:43:36', '2025-09-13 18:43:36', 'F67'),
(12153, 57, 2, '2025-08-22', 1, -0.158900, 1, 'shift', NULL, NULL, '2025-09-13 18:43:36', '2025-09-13 18:43:36', 'G67'),
(12154, 58, 1, '2025-08-22', 1, 1.008300, 1, 'shift', NULL, NULL, '2025-09-13 18:43:36', '2025-09-13 18:43:36', 'F68'),
(12155, 58, 2, '2025-08-22', 1, 1.000700, 1, 'shift', NULL, NULL, '2025-09-13 18:43:36', '2025-09-13 18:43:36', 'G68'),
(12156, 59, 1, '2025-08-22', 1, 1.000000, 1, 'shift', NULL, NULL, '2025-09-13 18:43:36', '2025-09-13 18:43:36', 'F69'),
(12157, 59, 2, '2025-08-22', 1, 1.000000, 1, 'shift', NULL, NULL, '2025-09-13 18:43:36', '2025-09-13 18:43:36', 'G69'),
(12158, 60, 1, '2025-08-22', 1, 412.579500, 1, 'shift', NULL, NULL, '2025-09-13 18:43:36', '2025-09-13 18:43:36', 'F70'),
(12159, 60, 2, '2025-08-22', 1, 251.517600, 1, 'shift', NULL, NULL, '2025-09-13 18:43:36', '2025-09-13 18:43:36', 'G70'),
(12160, 60, 3, '2025-08-22', 1, 663.929800, 1, 'shift', NULL, NULL, '2025-09-13 18:43:36', '2025-09-13 18:43:36', 'H70'),
(12161, 61, 1, '2025-08-22', 1, 22.630800, 1, 'shift', NULL, NULL, '2025-09-13 18:43:36', '2025-09-13 18:43:36', 'F71'),
(12162, 61, 2, '2025-08-22', 1, 6.433400, 1, 'shift', NULL, NULL, '2025-09-13 18:43:36', '2025-09-13 18:43:36', 'G71'),
(12163, 61, 3, '2025-08-22', 1, 29.047300, 1, 'shift', NULL, NULL, '2025-09-13 18:43:36', '2025-09-13 18:43:36', 'H71'),
(12164, 62, 1, '2025-08-22', 1, 40.143600, 1, 'shift', NULL, NULL, '2025-09-13 18:43:36', '2025-09-13 18:43:36', 'F72'),
(12165, 62, 2, '2025-08-22', 1, 12.110900, 1, 'shift', NULL, NULL, '2025-09-13 18:43:36', '2025-09-13 18:43:36', 'G72'),
(12166, 62, 3, '2025-08-22', 1, 52.254500, 1, 'shift', NULL, NULL, '2025-09-13 18:43:36', '2025-09-13 18:43:36', 'H72'),
(12167, 63, 1, '2025-08-22', 1, 691.710600, 1, 'shift', NULL, NULL, '2025-09-13 18:43:36', '2025-09-13 18:43:36', 'F73'),
(12168, 63, 2, '2025-08-22', 1, 461.375700, 1, 'shift', NULL, NULL, '2025-09-13 18:43:36', '2025-09-13 18:43:36', 'G73'),
(12169, 63, 3, '2025-08-22', 1, 1153.086400, 1, 'shift', NULL, NULL, '2025-09-13 18:43:36', '2025-09-13 18:43:36', 'H73'),
(12170, 64, 1, '2025-08-22', 1, 86.031500, 1, 'shift', NULL, NULL, '2025-09-13 18:43:36', '2025-09-13 18:43:36', 'F74'),
(12171, 64, 2, '2025-08-22', 1, 70.436400, 1, 'shift', NULL, NULL, '2025-09-13 18:43:36', '2025-09-13 18:43:36', 'G74'),
(12172, 64, 3, '2025-08-22', 1, 156.467900, 1, 'shift', NULL, NULL, '2025-09-13 18:43:36', '2025-09-13 18:43:36', 'H74'),
(12173, 65, 1, '2025-08-22', 1, 817.885700, 1, 'shift', NULL, NULL, '2025-09-13 18:43:36', '2025-09-13 18:43:36', 'F75'),
(12174, 65, 2, '2025-08-22', 1, 545.767500, 1, 'shift', NULL, NULL, '2025-09-13 18:43:36', '2025-09-13 18:43:36', 'G75'),
(12175, 65, 3, '2025-08-22', 1, 1363.653200, 1, 'shift', NULL, NULL, '2025-09-13 18:43:36', '2025-09-13 18:43:36', 'H75'),
(12176, 66, 1, '2025-08-22', 1, 833.912800, 1, 'shift', NULL, NULL, '2025-09-13 18:43:36', '2025-09-13 18:43:36', 'F76'),
(12177, 66, 2, '2025-08-22', 1, 555.307500, 1, 'shift', NULL, NULL, '2025-09-13 18:43:36', '2025-09-13 18:43:36', 'G76'),
(12178, 66, 3, '2025-08-22', 1, 1389.220300, 1, 'shift', NULL, NULL, '2025-09-13 18:43:36', '2025-09-13 18:43:36', 'H76'),
(12179, 67, 1, '2025-08-22', 1, 49.475100, 1, 'shift', NULL, NULL, '2025-09-13 18:43:36', '2025-09-13 18:43:36', 'F77'),
(12180, 67, 2, '2025-08-22', 1, 45.293400, 1, 'shift', NULL, NULL, '2025-09-13 18:43:36', '2025-09-13 18:43:36', 'G77'),
(12181, 67, 3, '2025-08-22', 1, 47.791500, 1, 'shift', NULL, NULL, '2025-09-13 18:43:36', '2025-09-13 18:43:36', 'H77'),
(12182, 68, 1, '2025-08-22', 1, -11.978500, 1, 'shift', NULL, NULL, '2025-09-13 18:43:36', '2025-09-13 18:43:36', 'F78'),
(12183, 68, 2, '2025-08-22', 1, 2.493100, 1, 'shift', NULL, NULL, '2025-09-13 18:43:36', '2025-09-13 18:43:36', 'G78'),
(12184, 68, 3, '2025-08-22', 1, 1.753000, 1, 'shift', NULL, NULL, '2025-09-13 18:43:36', '2025-09-13 18:43:36', 'H78'),
(12185, 69, 1, '2025-08-22', 1, -49.421000, 1, 'shift', NULL, NULL, '2025-09-13 18:43:36', '2025-09-13 18:43:36', 'F79'),
(12186, 69, 2, '2025-08-22', 1, 6.270500, 1, 'shift', NULL, NULL, '2025-09-13 18:43:36', '2025-09-13 18:43:36', 'G79'),
(12187, 69, 3, '2025-08-22', 1, -43.150600, 1, 'shift', NULL, NULL, '2025-09-13 18:43:36', '2025-09-13 18:43:36', 'H79'),
(12188, 70, 1, '2025-08-22', 1, 248.321000, 1, 'shift', NULL, NULL, '2025-09-13 18:43:36', '2025-09-13 18:43:36', 'F80'),
(12189, 70, 2, '2025-08-22', 1, 271.247500, 1, 'shift', NULL, NULL, '2025-09-13 18:43:36', '2025-09-13 18:43:36', 'G80'),
(12190, 70, 3, '2025-08-22', 1, 257.068800, 1, 'shift', NULL, NULL, '2025-09-13 18:43:36', '2025-09-13 18:43:36', 'H80'),
(12191, 71, 1, '2025-08-22', 1, 0.000000, 1, 'shift', NULL, NULL, '2025-09-13 18:43:36', '2025-09-13 18:43:36', 'F81'),
(12192, 71, 2, '2025-08-22', 1, 0.000000, 1, 'shift', NULL, NULL, '2025-09-13 18:43:36', '2025-09-13 18:43:36', 'G81'),
(12193, 71, 3, '2025-08-22', 1, 0.000000, 1, 'shift', NULL, NULL, '2025-09-13 18:43:36', '2025-09-13 18:43:36', 'H81'),
(12194, 72, 1, '2025-08-22', 1, 248.321000, 1, 'shift', NULL, NULL, '2025-09-13 18:43:36', '2025-09-13 18:43:36', 'F82'),
(12195, 72, 2, '2025-08-22', 1, 271.247500, 1, 'shift', NULL, NULL, '2025-09-13 18:43:36', '2025-09-13 18:43:36', 'G82'),
(12196, 72, 3, '2025-08-22', 1, 257.068800, 1, 'shift', NULL, NULL, '2025-09-13 18:43:36', '2025-09-13 18:43:36', 'H82'),
(12197, 73, 1, '2025-08-22', 1, 11280.589000, 1, 'shift', NULL, NULL, '2025-09-13 18:43:36', '2025-09-13 18:43:36', 'F83'),
(12198, 73, 2, '2025-08-22', 1, 19321.833000, 1, 'shift', NULL, NULL, '2025-09-13 18:43:36', '2025-09-13 18:43:36', 'G83'),
(12199, 73, 3, '2025-08-22', 1, 14387.980800, 1, 'shift', NULL, NULL, '2025-09-13 18:43:36', '2025-09-13 18:43:36', 'H83'),
(12200, 74, 1, '2025-08-22', 1, -11032.268000, 1, 'shift', NULL, NULL, '2025-09-13 18:43:36', '2025-09-13 18:43:36', 'F84'),
(12201, 74, 2, '2025-08-22', 1, -19050.585500, 1, 'shift', NULL, NULL, '2025-09-13 18:43:36', '2025-09-13 18:43:36', 'G84'),
(12202, 74, 3, '2025-08-22', 1, -14130.912000, 1, 'shift', NULL, NULL, '2025-09-13 18:43:36', '2025-09-13 18:43:36', 'H84'),
(12203, 38, 1, '2025-08-22', 2, 50.314400, 1, 'shift', NULL, NULL, '2025-09-13 18:43:36', '2025-09-13 18:43:36', 'F47'),
(12204, 38, 2, '2025-08-22', 2, 272.822700, 1, 'shift', NULL, NULL, '2025-09-13 18:43:36', '2025-09-13 18:43:36', 'G47'),
(12205, 38, 3, '2025-08-22', 2, 323.137100, 1, 'shift', NULL, NULL, '2025-09-13 18:43:36', '2025-09-13 18:43:36', 'H47'),
(12206, 39, 1, '2025-08-22', 2, 38.613900, 1, 'shift', NULL, NULL, '2025-09-13 18:43:36', '2025-09-13 18:43:36', 'F48'),
(12207, 39, 2, '2025-08-22', 2, 252.347000, 1, 'shift', NULL, NULL, '2025-09-13 18:43:36', '2025-09-13 18:43:36', 'G48'),
(12208, 39, 3, '2025-08-22', 2, 290.960900, 1, 'shift', NULL, NULL, '2025-09-13 18:43:36', '2025-09-13 18:43:36', 'H48'),
(12209, 40, 2, '2025-08-22', 2, 161.781100, 1, 'shift', NULL, NULL, '2025-09-13 18:43:36', '2025-09-13 18:43:36', 'G49'),
(12210, 41, 1, '2025-08-22', 2, 50.314400, 1, 'shift', NULL, NULL, '2025-09-13 18:43:36', '2025-09-13 18:43:36', 'F50'),
(12211, 41, 2, '2025-08-22', 2, 90.565900, 1, 'shift', NULL, NULL, '2025-09-13 18:43:36', '2025-09-13 18:43:36', 'G50'),
(12212, 41, 3, '2025-08-22', 2, 140.880300, 1, 'shift', NULL, NULL, '2025-09-13 18:43:36', '2025-09-13 18:43:36', 'H50'),
(12213, 42, 1, '2025-08-22', 2, 343.472500, 1, 'shift', NULL, NULL, '2025-09-13 18:43:36', '2025-09-13 18:43:36', 'F51'),
(12214, 42, 2, '2025-08-22', 2, 234.746200, 1, 'shift', NULL, NULL, '2025-09-13 18:43:36', '2025-09-13 18:43:36', 'G51'),
(12215, 42, 3, '2025-08-22', 2, 249.175500, 1, 'shift', NULL, NULL, '2025-09-13 18:43:36', '2025-09-13 18:43:36', 'H51'),
(12216, 46, 1, '2025-08-22', 2, 0.000000, 1, 'shift', NULL, NULL, '2025-09-13 18:43:36', '2025-09-13 18:43:36', 'F56'),
(12217, 46, 2, '2025-08-22', 2, 0.000000, 1, 'shift', NULL, NULL, '2025-09-13 18:43:36', '2025-09-13 18:43:36', 'G56'),
(12218, 50, 1, '2025-08-22', 2, 0.969900, 1, 'shift', NULL, NULL, '2025-09-13 18:43:36', '2025-09-13 18:43:36', 'F60'),
(12219, 50, 2, '2025-08-22', 2, 0.969900, 1, 'shift', NULL, NULL, '2025-09-13 18:43:36', '2025-09-13 18:43:36', 'G60'),
(12220, 51, 1, '2025-08-22', 2, 1.000000, 1, 'shift', NULL, NULL, '2025-09-13 18:43:36', '2025-09-13 18:43:36', 'F61'),
(12221, 51, 2, '2025-08-22', 2, 1.000000, 1, 'shift', NULL, NULL, '2025-09-13 18:43:36', '2025-09-13 18:43:36', 'G61'),
(12222, 52, 1, '2025-08-22', 2, 12.051000, 1, 'shift', NULL, NULL, '2025-09-13 18:43:36', '2025-09-13 18:43:36', 'F62'),
(12223, 52, 2, '2025-08-22', 2, 12.051000, 1, 'shift', NULL, NULL, '2025-09-13 18:43:36', '2025-09-13 18:43:36', 'G62'),
(12224, 53, 1, '2025-08-22', 2, 1.000000, 1, 'shift', NULL, NULL, '2025-09-13 18:43:36', '2025-09-13 18:43:36', 'F63'),
(12225, 53, 2, '2025-08-22', 2, 1.000000, 1, 'shift', NULL, NULL, '2025-09-13 18:43:36', '2025-09-13 18:43:36', 'G63'),
(12226, 54, 1, '2025-08-22', 2, 0.949400, 1, 'shift', NULL, NULL, '2025-09-13 18:43:36', '2025-09-13 18:43:36', 'F64'),
(12227, 54, 2, '2025-08-22', 2, 0.949400, 1, 'shift', NULL, NULL, '2025-09-13 18:43:36', '2025-09-13 18:43:36', 'G64'),
(12228, 55, 1, '2025-08-22', 2, 1.000000, 1, 'shift', NULL, NULL, '2025-09-13 18:43:36', '2025-09-13 18:43:36', 'F65'),
(12229, 55, 2, '2025-08-22', 2, 1.000000, 1, 'shift', NULL, NULL, '2025-09-13 18:43:36', '2025-09-13 18:43:36', 'G65'),
(12230, 56, 1, '2025-08-22', 2, 1.001000, 1, 'shift', NULL, NULL, '2025-09-13 18:43:36', '2025-09-13 18:43:36', 'F66'),
(12231, 56, 2, '2025-08-22', 2, 1.001100, 1, 'shift', NULL, NULL, '2025-09-13 18:43:36', '2025-09-13 18:43:36', 'G66'),
(12232, 57, 2, '2025-08-22', 2, -0.178000, 1, 'shift', NULL, NULL, '2025-09-13 18:43:36', '2025-09-13 18:43:36', 'G67'),
(12233, 59, 1, '2025-08-22', 2, 1.000000, 1, 'shift', NULL, NULL, '2025-09-13 18:43:36', '2025-09-13 18:43:36', 'F69'),
(12234, 59, 2, '2025-08-22', 2, 1.000000, 1, 'shift', NULL, NULL, '2025-09-13 18:43:36', '2025-09-13 18:43:36', 'G69'),
(12235, 63, 1, '2025-08-22', 2, 106.098700, 1, 'shift', NULL, NULL, '2025-09-13 18:43:36', '2025-09-13 18:43:36', 'F73'),
(12236, 63, 2, '2025-08-22', 2, 473.882200, 1, 'shift', NULL, NULL, '2025-09-13 18:43:36', '2025-09-13 18:43:36', 'G73'),
(12237, 63, 3, '2025-08-22', 2, 579.980900, 1, 'shift', NULL, NULL, '2025-09-13 18:43:36', '2025-09-13 18:43:36', 'H73'),
(12238, 38, 1, '2025-08-22', 3, 150.943200, 1, 'shift', NULL, NULL, '2025-09-13 18:43:36', '2025-09-13 18:43:36', 'F47'),
(12239, 38, 2, '2025-08-22', 3, 292.948500, 1, 'shift', NULL, NULL, '2025-09-13 18:43:36', '2025-09-13 18:43:36', 'G47'),
(12240, 38, 3, '2025-08-22', 3, 443.891600, 1, 'shift', NULL, NULL, '2025-09-13 18:43:36', '2025-09-13 18:43:36', 'H47'),
(12241, 39, 1, '2025-08-22', 3, 136.317600, 1, 'shift', NULL, NULL, '2025-09-13 18:43:36', '2025-09-13 18:43:36', 'F48'),
(12242, 39, 2, '2025-08-22', 3, 275.397800, 1, 'shift', NULL, NULL, '2025-09-13 18:43:36', '2025-09-13 18:43:36', 'G48'),
(12243, 39, 3, '2025-08-22', 3, 411.715400, 1, 'shift', NULL, NULL, '2025-09-13 18:43:36', '2025-09-13 18:43:36', 'H48'),
(12244, 40, 2, '2025-08-22', 3, 164.706200, 1, 'shift', NULL, NULL, '2025-09-13 18:43:36', '2025-09-13 18:43:36', 'G49'),
(12245, 41, 1, '2025-08-22', 3, 150.943200, 1, 'shift', NULL, NULL, '2025-09-13 18:43:36', '2025-09-13 18:43:36', 'F50'),
(12246, 41, 2, '2025-08-22', 3, 110.691700, 1, 'shift', NULL, NULL, '2025-09-13 18:43:36', '2025-09-13 18:43:36', 'G50'),
(12247, 41, 3, '2025-08-22', 3, 261.634800, 1, 'shift', NULL, NULL, '2025-09-13 18:43:36', '2025-09-13 18:43:36', 'H50'),
(12248, 42, 1, '2025-08-22', 3, 263.231100, 1, 'shift', NULL, NULL, '2025-09-13 18:43:36', '2025-09-13 18:43:36', 'F51'),
(12249, 42, 2, '2025-08-22', 3, 233.516600, 1, 'shift', NULL, NULL, '2025-09-13 18:43:36', '2025-09-13 18:43:36', 'G51'),
(12250, 42, 3, '2025-08-22', 3, 243.355000, 1, 'shift', NULL, NULL, '2025-09-13 18:43:36', '2025-09-13 18:43:36', 'H51'),
(12251, 46, 1, '2025-08-22', 3, 0.000000, 1, 'shift', NULL, NULL, '2025-09-13 18:43:36', '2025-09-13 18:43:36', 'F56'),
(12252, 46, 2, '2025-08-22', 3, 0.000000, 1, 'shift', NULL, NULL, '2025-09-13 18:43:36', '2025-09-13 18:43:36', 'G56'),
(12253, 50, 1, '2025-08-22', 3, 0.969900, 1, 'shift', NULL, NULL, '2025-09-13 18:43:36', '2025-09-13 18:43:36', 'F60'),
(12254, 50, 2, '2025-08-22', 3, 0.969900, 1, 'shift', NULL, NULL, '2025-09-13 18:43:36', '2025-09-13 18:43:36', 'G60'),
(12255, 51, 1, '2025-08-22', 3, 1.000000, 1, 'shift', NULL, NULL, '2025-09-13 18:43:36', '2025-09-13 18:43:36', 'F61'),
(12256, 51, 2, '2025-08-22', 3, 1.000000, 1, 'shift', NULL, NULL, '2025-09-13 18:43:36', '2025-09-13 18:43:36', 'G61'),
(12257, 52, 1, '2025-08-22', 3, 12.051000, 1, 'shift', NULL, NULL, '2025-09-13 18:43:36', '2025-09-13 18:43:36', 'F62'),
(12258, 52, 2, '2025-08-22', 3, 12.051000, 1, 'shift', NULL, NULL, '2025-09-13 18:43:36', '2025-09-13 18:43:36', 'G62'),
(12259, 53, 1, '2025-08-22', 3, 1.000000, 1, 'shift', NULL, NULL, '2025-09-13 18:43:36', '2025-09-13 18:43:36', 'F63'),
(12260, 53, 2, '2025-08-22', 3, 1.000000, 1, 'shift', NULL, NULL, '2025-09-13 18:43:36', '2025-09-13 18:43:36', 'G63'),
(12261, 54, 1, '2025-08-22', 3, 0.949400, 1, 'shift', NULL, NULL, '2025-09-13 18:43:36', '2025-09-13 18:43:36', 'F64'),
(12262, 54, 2, '2025-08-22', 3, 0.949400, 1, 'shift', NULL, NULL, '2025-09-13 18:43:36', '2025-09-13 18:43:36', 'G64'),
(12263, 55, 1, '2025-08-22', 3, 1.000000, 1, 'shift', NULL, NULL, '2025-09-13 18:43:36', '2025-09-13 18:43:36', 'F65'),
(12264, 55, 2, '2025-08-22', 3, 1.000000, 1, 'shift', NULL, NULL, '2025-09-13 18:43:36', '2025-09-13 18:43:36', 'G65'),
(12265, 56, 1, '2025-08-22', 3, 1.001000, 1, 'shift', NULL, NULL, '2025-09-13 18:43:36', '2025-09-13 18:43:36', 'F66'),
(12266, 56, 2, '2025-08-22', 3, 1.001100, 1, 'shift', NULL, NULL, '2025-09-13 18:43:36', '2025-09-13 18:43:36', 'G66'),
(12267, 57, 2, '2025-08-22', 3, -0.181200, 1, 'shift', NULL, NULL, '2025-09-13 18:43:36', '2025-09-13 18:43:36', 'G67'),
(12268, 59, 1, '2025-08-22', 3, 1.000000, 1, 'shift', NULL, NULL, '2025-09-13 18:43:36', '2025-09-13 18:43:36', 'F69'),
(12269, 59, 2, '2025-08-22', 3, 1.000000, 1, 'shift', NULL, NULL, '2025-09-13 18:43:36', '2025-09-13 18:43:36', 'G69'),
(12270, 63, 1, '2025-08-22', 3, 287.053500, 1, 'shift', NULL, NULL, '2025-09-13 18:43:36', '2025-09-13 18:43:36', 'F73'),
(12271, 63, 2, '2025-08-22', 3, 514.460400, 1, 'shift', NULL, NULL, '2025-09-13 18:43:36', '2025-09-13 18:43:36', 'G73'),
(12272, 63, 3, '2025-08-22', 3, 801.513900, 1, 'shift', NULL, NULL, '2025-09-13 18:43:36', '2025-09-13 18:43:36', 'H73'),
(12273, 50, 1, '2025-09-16', 1, 1.000000, 1, 'shift', NULL, NULL, '2025-09-16 04:19:10', '2025-09-16 04:19:10', 'F60'),
(12274, 50, 2, '2025-09-16', 1, 1.000000, 1, 'shift', NULL, NULL, '2025-09-16 04:19:10', '2025-09-16 04:19:10', 'G60'),
(12275, 54, 1, '2025-09-16', 1, 0.949400, 1, 'shift', NULL, NULL, '2025-09-16 04:19:10', '2025-09-16 04:19:10', 'F64'),
(12276, 54, 2, '2025-09-16', 1, 0.949400, 1, 'shift', NULL, NULL, '2025-09-16 04:19:10', '2025-09-16 04:19:10', 'G64'),
(12277, 55, 1, '2025-09-16', 1, 1.000000, 1, 'shift', NULL, NULL, '2025-09-16 04:19:10', '2025-09-16 04:19:10', 'F65'),
(12278, 55, 2, '2025-09-16', 1, 1.000000, 1, 'shift', NULL, NULL, '2025-09-16 04:19:10', '2025-09-16 04:19:10', 'G65'),
(12279, 56, 1, '2025-09-16', 1, 1.000000, 1, 'shift', NULL, NULL, '2025-09-16 04:19:10', '2025-09-16 04:19:10', 'F66'),
(12280, 56, 2, '2025-09-16', 1, 1.000000, 1, 'shift', NULL, NULL, '2025-09-16 04:19:10', '2025-09-16 04:19:10', 'G66'),
(12281, 59, 1, '2025-09-16', 1, 1.000000, 1, 'shift', NULL, NULL, '2025-09-16 04:19:10', '2025-09-16 04:19:10', 'F69'),
(12282, 59, 2, '2025-09-16', 1, 1.000000, 1, 'shift', NULL, NULL, '2025-09-16 04:19:10', '2025-09-16 04:19:10', 'G69'),
(12313, 50, 1, '2025-09-23', 1, 1.000000, 1, 'shift', NULL, NULL, '2025-09-23 09:06:31', '2025-09-23 09:06:31', 'F60'),
(12314, 50, 2, '2025-09-23', 1, 1.000000, 1, 'shift', NULL, NULL, '2025-09-23 09:06:31', '2025-09-23 09:06:31', 'G60'),
(12315, 51, 1, '2025-09-23', 1, 1.000000, 1, 'shift', NULL, NULL, '2025-09-23 09:06:31', '2025-09-23 09:06:31', 'F61'),
(12316, 51, 2, '2025-09-23', 1, 1.000000, 1, 'shift', NULL, NULL, '2025-09-23 09:06:31', '2025-09-23 09:06:31', 'G61'),
(12317, 53, 1, '2025-09-23', 1, 1.000000, 1, 'shift', NULL, NULL, '2025-09-23 09:06:31', '2025-09-23 09:06:31', 'F63'),
(12318, 53, 2, '2025-09-23', 1, 1.000000, 1, 'shift', NULL, NULL, '2025-09-23 09:06:31', '2025-09-23 09:06:31', 'G63'),
(12319, 54, 1, '2025-09-23', 1, 0.949400, 1, 'shift', NULL, NULL, '2025-09-23 09:06:31', '2025-09-23 09:06:31', 'F64'),
(12320, 54, 2, '2025-09-23', 1, 0.949400, 1, 'shift', NULL, NULL, '2025-09-23 09:06:31', '2025-09-23 09:06:31', 'G64'),
(12321, 55, 1, '2025-09-23', 1, 1.000000, 1, 'shift', NULL, NULL, '2025-09-23 09:06:31', '2025-09-23 09:06:31', 'F65'),
(12322, 55, 2, '2025-09-23', 1, 1.000000, 1, 'shift', NULL, NULL, '2025-09-23 09:06:31', '2025-09-23 09:06:31', 'G65'),
(12323, 56, 1, '2025-09-23', 1, 1.000000, 1, 'shift', NULL, NULL, '2025-09-23 09:06:31', '2025-09-23 09:06:31', 'F66'),
(12324, 56, 2, '2025-09-23', 1, 1.000000, 1, 'shift', NULL, NULL, '2025-09-23 09:06:31', '2025-09-23 09:06:31', 'G66'),
(12325, 59, 1, '2025-09-23', 1, 1.000000, 1, 'shift', NULL, NULL, '2025-09-23 09:06:31', '2025-09-23 09:06:31', 'F69'),
(12326, 59, 2, '2025-09-23', 1, 1.000000, 1, 'shift', NULL, NULL, '2025-09-23 09:06:31', '2025-09-23 09:06:31', 'G69'),
(12327, 50, 1, '2025-09-23', 2, 1.000000, 1, 'shift', NULL, NULL, '2025-09-23 09:06:31', '2025-09-23 09:06:31', 'F60'),
(12328, 50, 2, '2025-09-23', 2, 1.000000, 1, 'shift', NULL, NULL, '2025-09-23 09:06:31', '2025-09-23 09:06:31', 'G60'),
(12329, 51, 1, '2025-09-23', 2, 1.000000, 1, 'shift', NULL, NULL, '2025-09-23 09:06:31', '2025-09-23 09:06:31', 'F61'),
(12330, 51, 2, '2025-09-23', 2, 1.000000, 1, 'shift', NULL, NULL, '2025-09-23 09:06:31', '2025-09-23 09:06:31', 'G61'),
(12331, 53, 1, '2025-09-23', 2, 1.000000, 1, 'shift', NULL, NULL, '2025-09-23 09:06:31', '2025-09-23 09:06:31', 'F63'),
(12332, 53, 2, '2025-09-23', 2, 1.000000, 1, 'shift', NULL, NULL, '2025-09-23 09:06:31', '2025-09-23 09:06:31', 'G63'),
(12333, 54, 1, '2025-09-23', 2, 0.949400, 1, 'shift', NULL, NULL, '2025-09-23 09:06:31', '2025-09-23 09:06:31', 'F64'),
(12334, 54, 2, '2025-09-23', 2, 0.949400, 1, 'shift', NULL, NULL, '2025-09-23 09:06:31', '2025-09-23 09:06:31', 'G64'),
(12335, 55, 1, '2025-09-23', 2, 1.000000, 1, 'shift', NULL, NULL, '2025-09-23 09:06:31', '2025-09-23 09:06:31', 'F65'),
(12336, 55, 2, '2025-09-23', 2, 1.000000, 1, 'shift', NULL, NULL, '2025-09-23 09:06:31', '2025-09-23 09:06:31', 'G65'),
(12337, 56, 1, '2025-09-23', 2, 1.000000, 1, 'shift', NULL, NULL, '2025-09-23 09:06:31', '2025-09-23 09:06:31', 'F66'),
(12338, 56, 2, '2025-09-23', 2, 1.000000, 1, 'shift', NULL, NULL, '2025-09-23 09:06:31', '2025-09-23 09:06:31', 'G66'),
(12339, 59, 1, '2025-09-23', 2, 1.000000, 1, 'shift', NULL, NULL, '2025-09-23 09:06:31', '2025-09-23 09:06:31', 'F69'),
(12340, 59, 2, '2025-09-23', 2, 1.000000, 1, 'shift', NULL, NULL, '2025-09-23 09:06:31', '2025-09-23 09:06:31', 'G69'),
(12341, 50, 1, '2025-09-23', 3, 1.000000, 1, 'shift', NULL, NULL, '2025-09-23 09:06:31', '2025-09-23 09:06:31', 'F60'),
(12342, 50, 2, '2025-09-23', 3, 1.000000, 1, 'shift', NULL, NULL, '2025-09-23 09:06:31', '2025-09-23 09:06:31', 'G60'),
(12343, 51, 1, '2025-09-23', 3, 1.000000, 1, 'shift', NULL, NULL, '2025-09-23 09:06:31', '2025-09-23 09:06:31', 'F61'),
(12344, 51, 2, '2025-09-23', 3, 1.000000, 1, 'shift', NULL, NULL, '2025-09-23 09:06:31', '2025-09-23 09:06:31', 'G61'),
(12345, 53, 1, '2025-09-23', 3, 1.000000, 1, 'shift', NULL, NULL, '2025-09-23 09:06:31', '2025-09-23 09:06:31', 'F63'),
(12346, 53, 2, '2025-09-23', 3, 1.000000, 1, 'shift', NULL, NULL, '2025-09-23 09:06:31', '2025-09-23 09:06:31', 'G63'),
(12347, 54, 1, '2025-09-23', 3, 0.949400, 1, 'shift', NULL, NULL, '2025-09-23 09:06:31', '2025-09-23 09:06:31', 'F64'),
(12348, 54, 2, '2025-09-23', 3, 0.949400, 1, 'shift', NULL, NULL, '2025-09-23 09:06:31', '2025-09-23 09:06:31', 'G64'),
(12349, 55, 1, '2025-09-23', 3, 1.000000, 1, 'shift', NULL, NULL, '2025-09-23 09:06:31', '2025-09-23 09:06:31', 'F65'),
(12350, 55, 2, '2025-09-23', 3, 1.000000, 1, 'shift', NULL, NULL, '2025-09-23 09:06:31', '2025-09-23 09:06:31', 'G65'),
(12351, 56, 1, '2025-09-23', 3, 1.000000, 1, 'shift', NULL, NULL, '2025-09-23 09:06:31', '2025-09-23 09:06:31', 'F66'),
(12352, 56, 2, '2025-09-23', 3, 1.000000, 1, 'shift', NULL, NULL, '2025-09-23 09:06:31', '2025-09-23 09:06:31', 'G66'),
(12353, 59, 1, '2025-09-23', 3, 1.000000, 1, 'shift', NULL, NULL, '2025-09-23 09:06:31', '2025-09-23 09:06:31', 'F69'),
(12354, 59, 2, '2025-09-23', 3, 1.000000, 1, 'shift', NULL, NULL, '2025-09-23 09:06:31', '2025-09-23 09:06:31', 'G69');

-- --------------------------------------------------------

--
-- Table structure for table `shifts`
--

CREATE TABLE `shifts` (
  `id` int NOT NULL,
  `name` varchar(20) CHARACTER SET utf8mb4 COLLATE utf8mb4_unicode_ci NOT NULL,
  `start_time` time NOT NULL,
  `end_time` time NOT NULL
) ENGINE=InnoDB DEFAULT CHARSET=utf8mb4 COLLATE=utf8mb4_unicode_ci;

--
-- Dumping data for table `shifts`
--

INSERT INTO `shifts` (`id`, `name`, `start_time`, `end_time`) VALUES
(1, 'Смена 1', '00:00:00', '07:59:59'),
(2, 'Смена 2', '08:00:00', '15:59:59'),
(3, 'Смена 3', '16:00:00', '23:59:59');

-- --------------------------------------------------------

--
-- Table structure for table `start_reasons`
--

CREATE TABLE `start_reasons` (
  `id` int NOT NULL,
  `name` varchar(255) NOT NULL,
  `description` text
) ENGINE=InnoDB DEFAULT CHARSET=utf8mb4 COLLATE=utf8mb4_0900_ai_ci;

--
-- Dumping data for table `start_reasons`
--

INSERT INTO `start_reasons` (`id`, `name`, `description`) VALUES
(1, 'Холодный', 'Пуск оборудования из холодного состояния'),
(2, 'Неостывший', 'Пуск оборудования из неостывшего состояния'),
(3, 'Горячий', 'Пуск оборудования из горячего состояния');

-- --------------------------------------------------------

--
-- Table structure for table `stop_reasons`
--

CREATE TABLE `stop_reasons` (
  `id` int NOT NULL,
  `name` varchar(100) CHARACTER SET utf8mb4 COLLATE utf8mb4_unicode_ci NOT NULL,
  `description` text CHARACTER SET utf8mb4 COLLATE utf8mb4_unicode_ci
) ENGINE=InnoDB DEFAULT CHARSET=utf8mb4 COLLATE=utf8mb4_unicode_ci;

--
-- Dumping data for table `stop_reasons`
--

INSERT INTO `stop_reasons` (`id`, `name`, `description`) VALUES
(1, 'аварийный', 'Вынужденный останов из-за аварии'),
(2, 'плановый', 'Плановая остановка для ТО'),
(3, 'резерв', 'Перевод оборудования в резерв');

-- --------------------------------------------------------

--
-- Table structure for table `tg_result_params`
--

CREATE TABLE `tg_result_params` (
  `id` int NOT NULL,
  `name` varchar(255) CHARACTER SET utf8mb4 COLLATE utf8mb4_unicode_ci NOT NULL,
  `unit` varchar(50) CHARACTER SET utf8mb4 COLLATE utf8mb4_unicode_ci DEFAULT NULL,
  `symbol` varchar(50) CHARACTER SET utf8mb4 COLLATE utf8mb4_unicode_ci DEFAULT NULL,
  `row_num` varchar(20) CHARACTER SET utf8mb4 COLLATE utf8mb4_unicode_ci DEFAULT NULL,
  `category` enum('3a','3b','4') CHARACTER SET utf8mb4 COLLATE utf8mb4_unicode_ci DEFAULT NULL
) ENGINE=InnoDB DEFAULT CHARSET=utf8mb4 COLLATE=utf8mb4_unicode_ci;

--
-- Dumping data for table `tg_result_params`
--

INSERT INTO `tg_result_params` (`id`, `name`, `unit`, `symbol`, `row_num`, `category`) VALUES
(26, 'Выработка электроэнергии, тысяч kW.h: турбоагрегатом', 'тыс. kW·h', 'Эта', '11', '3a'),
(27, 'Отпуск электроэнергии с шин, тысяч kW.h', 'тыс. kW·h', 'Эот', '13', '3a'),
(28, 'Число часов работы, h турбоагрегатом', 'h', 'tтраб', '15', '3a'),
(29, 'Расход питательной воды', 't', 'Gпв', '17', '3a'),
(30, 'Количество пусков т/агрегатов по диспетчерскому графику', NULL, 'nтпуск', '18', '3a'),
(31, 'Средний расход охлаждающей воды через конденсатор турбоагрегата', 'м3/ч', 'Wохл', '19', '3a'),
(32, 'Средняя температура охлаждающей воды на входе в конденсатор', '°C', 't1в', '20', '3a'),
(33, 'Средняя температура охлаждающей воды на выходе из конденсатора', '°C', 't2в', '21', '3a'),
(34, 'Продолжительность работы турбоагрегата от даты разработки нормативной характеристики', 'h', 'tтрес', '22', '3a'),
(35, 'Средняя электрическая нагрузка турбоагрегата (факт)', 'MW', 'Nф', '26', '3a'),
(36, 'Исходно-нормативный расход свежего пара', 't/h', 'D0', '29', '3a'),
(37, 'Исходно-нормативный расход пара в конденсатор', 't/h', 'D2', '30', '3a'),
(38, 'Исходно-нормативное значение удельного расхода тепла брутто на турбоагрегат', 'kcal/kWh', 'qтбр(исх)', '31', '3a'),
(39, 'Поправка на температуру охлаждающей воды', 'kcal/kWh', 'Δqтбр(tов)', '33', '3a'),
(40, 'Поправка на изменение расхода охлаждающей воды', 'kcal/kWh', 'Δqтбр(Wов)', '34', '3a'),
(41, 'Поправка на отработанный ресурс времени (старения)', 'kcal/kWh', 'Δqтбр(рес)', '35', '3a'),
(42, 'Поправка на недогрев питательной воды из-за отсутствия ПВД-7 на блоке №7', 'kcal/kWh', 'Δqтбр(пвд-7)', '36', '3a'),
(43, 'Поправка на работу БИУ', 'kcal/kWh', 'Δqтбр(ИУ)', '37', '3a'),
(44, 'Номинальное значение удельного расхода тепла брутто, с учетом работы БИУ', 'kcal/kWh', 'qтiбр(ном)', '39', '3a'),
(45, 'Исходно-нормативное относительное значение расхода электроэнергии на СН т/агрегата блоков', 'MW', 'Nсн K-200', '41', '3a'),
(46, 'Исходно-нормативное относительное значение расхода электроэнергии на СН т/агрегата блоков, %', '%', 'Эсн K-200', '42', '3a'),
(47, 'Расход электроэнергии на СН \"прочие\" т/агрегата', 'MW', 'Nпр', '44', '3a'),
(48, 'Расход электроэнергии на СН \"прочие\" т/агрегата, %', '%', 'Эпр', '45', '3a'),
(49, 'Суммарный расход электроэнергии на СН с учетом допуска на эксплуатационные условия', 'MW', 'Nтсн(исх)', '48', '3a'),
(50, 'Номинальное относительное значение расхода электроэнергии на СН подгруппы т/агрегатов', '%', 'Этсн(ном)', '49', '3a'),
(51, 'Расчетный расход тепла на турбину', 'Gcal/h', 'Qo', '50', '3a'),
(52, 'Номинальное относительное значение расхода тепла на СН подгруппы т/агрегатов', '%', 'qсн(н)т(пг)', '51', '3a'),
(53, 'Номинальное значение удельного расхода тепла нетто по подгруппе турбоагрегатов', 'kcal/kWh', 'qн(н)т(пг)', '52', '3a'),
(269, 'Фактическое кол-во сожженного топлива (газ)', 'kcal/m3', NULL, '10', '3b'),
(270, 'Фактическое кол-во сожженного топлива (мазут)', 'kcal/t', NULL, '11', '3b'),
(271, 'Количество топлива (газ) в натуральном исчислении, израсходованного котлами', 'm3', 'газ', '12', '3b'),
(272, 'Количество топлива (мазут) в натуральном исчислении, израсходованного котлами', 'm3', 'мазут', '13', '3b'),
(273, 'Фактический расход топлива на производство электроэнергии в пересчете на условное (газ)', 't.u.t./месяц', 'газ', '14', '3b'),
(274, 'Фактический расход топлива на производство электроэнергии в пересчете на условное (мазут)', 't.u.t./месяц', 'мазут', '15', '3b'),
(275, 'Полный расход условного топлива на выработку электроэнергии за месяц', NULL, NULL, '16', '3b'),
(276, 'Доля газа в общем расходе топлива', NULL, NULL, '17', '3b'),
(277, 'Число часов работы группы котлов', 'h', 'газ', '18', '3b'),
(278, 'Выработка тепла котлом', 'Gcal', 'газ', '19', '3b'),
(279, 'Средняя тепловая нагрузка котлов', 'Gcal/h', NULL, '21', '3b'),
(280, 'Средняя электрическая нагрузка', 'MW', 'факт', '22', '3b'),
(281, 'Расход питательной воды группой котлов за месяц', 'тонн', NULL, '23', '3b'),
(282, 'Средний расход питательной воды', 't/h', NULL, '24', '3b'),
(283, 'Количество пусков котлов по диспетчерскому графику', NULL, NULL, '25', '3b'),
(284, 'Температура холодного воздуха на стороне всасывания дутьевого вентилятора', '°C', NULL, '26', '3b'),
(285, 'Температура питательной воды', '°C', NULL, '27', '3b'),
(286, 'Продолжительность работы котла от даты составления энергетических характеристик', 'h', NULL, '28', '3b'),
(288, 'Исходно-нормативное значение', NULL, NULL, '32', '3b'),
(289, 'Поправка на температуру холодного воздуха (фактической)', NULL, NULL, '34', '3b'),
(290, 'Поправка на отработанный ресурс времени', '%', NULL, '35', '3b'),
(291, 'Поправка на СН котла при сжигании мазута', 'Гкал/ч', NULL, '36', '3b'),
(292, 'Поправка на СН котла при сжигании мазута (%)', '%', NULL, '37', '3b'),
(293, 'Номинальное значение КПД брутто котла', '%', NULL, '38', '3b'),
(294, 'Номинальный удельный расход электроэнергии на тягу и дутье', 'kWh/Gcal', NULL, '39', '3b'),
(295, 'Номинальный удельный расход электроэнергии на питательные насосы', 'kWh/t воды', NULL, '40', '3b'),
(296, 'Затраты мощности на «прочие» механизмы собственных нужд', 'kWh/Gcal', NULL, '41', '3b'),
(297, 'Номинальное значение расхода электроэнергии на собственные нужды котлов (абсолютное)', 'тыс. kWh', NULL, '43', '3b'),
(298, 'Номинальное значение расхода электроэнергии на собственные нужды котлов (удельное)', 'kWh/Gcal', NULL, '44', '3b'),
(299, 'Номинальное значение расхода электроэнергии на собственные нужды котлов (удельное %)', '%', NULL, '45', '3b'),
(300, 'Исходно-нормативное значение расхода тепла на собственные нужды котлов (абсолютное)', 'Gcal', NULL, '47', '3b'),
(301, 'Исходно-нормативное значение расхода тепла на собственные нужды котлов (относительное)', '%', NULL, '49', '3b'),
(302, 'Номинальное значение КПД нетто котлов', '%', NULL, '50', '3b'),
(303, 'СН блока', '%', NULL, '51', '3b'),
(1, 'Коэффициент теплового потока, %', '%', 'ηтп', '7', '4'),
(2, 'Коэффициент учитывающий влияние стабилизации тепловых процессов, %', '%', 'kст', '8', '4'),
(3, 'Удельный расход условного топлива на отпуск электроэнергии', 'g/kWh', 'bэ(ном)\'', '9', '4'),
(4, 'Номинальное значение без учета работы ОИУ', 'g/kWh', 'bэ(ном)\'', '10', '4'),
(5, 'Поправка к удельному расходу топлива на пуски', 'g/kWh', 'Δbпуск', '11', '4'),
(6, 'Поправка к удельному расходу топлива на cos φ', 'g/kWh', 'Δbcosφ', '12', '4'),
(7, 'Поправка к удельному расходу топлива на работу ОИУ', 'g/kWh', 'ΔbОИУ', '13', '4'),
(8, 'Поправка к удельному расходу топлива на карбонатный занос конденсатора', 'g/kWh', 'Δbкз', '14', '4'),
(9, 'Поправка к удельному расходу топлива на режимы работы', 'g/kWh', 'Δbрежим', '15', '4'),
(10, 'Поправка к удельному расходу топлива на работу БН', 'g/kWh', 'ΔbБН', '16', '4'),
(11, 'Номинальное значение с учетом работы ОИУ и других факторов (Блоки)', 'g/kWh', 'bэ(ном)', '17', '4'),
(12, 'Номинальное значение, (для ПГУ)', 'g/kWh', 'bэ(ПГУ)', '18', '4'),
(13, 'Фактическое значение', 'g/kWh', 'bэ(факт)', '19', '4');

-- --------------------------------------------------------

--
-- Table structure for table `tg_result_values`
--

CREATE TABLE `tg_result_values` (
  `id` bigint NOT NULL,
  `param_id` int NOT NULL,
  `tg_id` int NOT NULL COMMENT '7 - ТГ7, 8 - ТГ8, 9 - ОЧ-130',
  `date` date NOT NULL,
  `shift_id` int DEFAULT NULL COMMENT 'NULL для суточных расчетов',
  `value` decimal(15,6) NOT NULL,
  `user_id` int DEFAULT NULL,
  `period_type` enum('shift','day','period') CHARACTER SET utf8mb4 COLLATE utf8mb4_unicode_ci NOT NULL,
  `period_start` date DEFAULT NULL,
  `period_end` date DEFAULT NULL,
  `created_at` timestamp NULL DEFAULT CURRENT_TIMESTAMP,
  `updated_at` timestamp NULL DEFAULT CURRENT_TIMESTAMP ON UPDATE CURRENT_TIMESTAMP,
  `cell` varchar(20) CHARACTER SET utf8mb4 COLLATE utf8mb4_unicode_ci DEFAULT NULL COMMENT 'Ячейка в Excel (например F47, G47, H47)'
) ENGINE=InnoDB DEFAULT CHARSET=utf8mb4 COLLATE=utf8mb4_unicode_ci COMMENT='Значения результатов расчетов ТГ';

--
-- Dumping data for table `tg_result_values`
--

INSERT INTO `tg_result_values` (`id`, `param_id`, `tg_id`, `date`, `shift_id`, `value`, `user_id`, `period_type`, `period_start`, `period_end`, `created_at`, `updated_at`, `cell`) VALUES
(26001, 26, 7, '2025-09-14', 1, 0.000000, 1, 'shift', NULL, NULL, '2025-09-18 13:34:57', '2025-09-18 13:34:57', 'E11'),
(26002, 27, 7, '2025-09-14', 1, 0.000000, 1, 'shift', NULL, NULL, '2025-09-18 13:34:57', '2025-09-18 13:34:57', 'E13'),
(26003, 28, 7, '2025-09-14', 1, 8.000000, 1, 'shift', NULL, NULL, '2025-09-18 13:34:57', '2025-09-18 13:34:57', 'E15'),
(26004, 29, 7, '2025-09-14', 1, 0.000000, 1, 'shift', NULL, NULL, '2025-09-18 13:34:57', '2025-09-18 13:34:57', 'E17'),
(26005, 30, 7, '2025-09-14', 1, 0.000000, 1, 'shift', NULL, NULL, '2025-09-18 13:34:57', '2025-09-18 13:34:57', 'E18'),
(26006, 37, 7, '2025-09-14', 1, 20.000000, 1, 'shift', NULL, NULL, '2025-09-18 13:34:57', '2025-09-18 13:34:57', 'E30'),
(26007, 31, 7, '2025-09-14', 1, 0.000000, 1, 'shift', NULL, NULL, '2025-09-18 13:34:57', '2025-09-18 13:34:57', 'E19'),
(26008, 32, 7, '2025-09-14', 1, 0.000000, 1, 'shift', NULL, NULL, '2025-09-18 13:34:57', '2025-09-18 13:34:57', 'E20'),
(26009, 33, 7, '2025-09-14', 1, 0.000000, 1, 'shift', NULL, NULL, '2025-09-18 13:34:57', '2025-09-18 13:34:57', 'E21'),
(26010, 34, 7, '2025-09-14', 1, 0.000000, 1, 'shift', NULL, NULL, '2025-09-18 13:34:57', '2025-09-18 13:34:57', 'E22'),
(26011, 35, 7, '2025-09-14', 1, 0.000000, 1, 'shift', NULL, NULL, '2025-09-18 13:34:57', '2025-09-18 13:34:57', 'E26'),
(26012, 36, 7, '2025-09-14', 1, 0.000000, 1, 'shift', NULL, NULL, '2025-09-18 13:34:57', '2025-09-18 13:34:57', 'E29'),
(26013, 38, 7, '2025-09-14', 1, 0.000000, 1, 'shift', NULL, NULL, '2025-09-18 13:34:57', '2025-09-18 13:34:57', 'E31'),
(26014, 39, 7, '2025-09-14', 1, 0.000000, 1, 'shift', NULL, NULL, '2025-09-18 13:34:57', '2025-09-18 13:34:57', 'E33'),
(26015, 40, 7, '2025-09-14', 1, 0.000000, 1, 'shift', NULL, NULL, '2025-09-18 13:34:57', '2025-09-18 13:34:57', 'E34'),
(26016, 41, 7, '2025-09-14', 1, 0.000000, 1, 'shift', NULL, NULL, '2025-09-18 13:34:57', '2025-09-18 13:34:57', 'E35'),
(26017, 42, 7, '2025-09-14', 1, 245.000000, 1, 'shift', NULL, NULL, '2025-09-18 13:34:57', '2025-09-18 13:34:57', 'E36'),
(26018, 43, 7, '2025-09-14', 1, 46.900000, 1, 'shift', NULL, NULL, '2025-09-18 13:34:57', '2025-09-18 13:34:57', 'E37'),
(26019, 44, 7, '2025-09-14', 1, 291.900000, 1, 'shift', NULL, NULL, '2025-09-18 13:34:57', '2025-09-18 13:34:57', 'E39'),
(26020, 45, 7, '2025-09-14', 1, 1.120000, 1, 'shift', NULL, NULL, '2025-09-18 13:34:57', '2025-09-18 13:34:57', 'E41'),
(26021, 46, 7, '2025-09-14', 1, 0.000000, 1, 'shift', NULL, NULL, '2025-09-18 13:34:57', '2025-09-18 13:34:57', 'E42'),
(26022, 47, 7, '2025-09-14', 1, 0.450000, 1, 'shift', NULL, NULL, '2025-09-18 13:34:57', '2025-09-18 13:34:57', 'E44'),
(26023, 48, 7, '2025-09-14', 1, 0.000000, 1, 'shift', NULL, NULL, '2025-09-18 13:34:57', '2025-09-18 13:34:57', 'E45'),
(26024, 49, 7, '2025-09-14', 1, 1.630000, 1, 'shift', NULL, NULL, '2025-09-18 13:34:57', '2025-09-18 13:34:57', 'E48'),
(26025, 50, 7, '2025-09-14', 1, 0.000000, 1, 'shift', NULL, NULL, '2025-09-18 13:34:57', '2025-09-18 13:34:57', 'E49'),
(26026, 51, 7, '2025-09-14', 1, 0.000000, 1, 'shift', NULL, NULL, '2025-09-18 13:34:57', '2025-09-18 13:34:57', 'E50'),
(26027, 52, 7, '2025-09-14', 1, 0.000000, 1, 'shift', NULL, NULL, '2025-09-18 13:34:57', '2025-09-18 13:34:57', 'E51'),
(26028, 53, 7, '2025-09-14', 1, 46.900000, 1, 'shift', NULL, NULL, '2025-09-18 13:34:57', '2025-09-18 13:34:57', 'E52'),
(26029, 278, 7, '2025-09-14', 1, 0.000000, 1, 'shift', NULL, NULL, '2025-09-18 13:34:57', '2025-09-18 13:34:57', 'E19'),
(26030, 26, 8, '2025-09-14', 1, 21540.330000, 1, 'shift', NULL, NULL, '2025-09-18 13:34:57', '2025-09-18 13:34:57', 'F11'),
(26031, 27, 8, '2025-09-14', 1, 21492.330000, 1, 'shift', NULL, NULL, '2025-09-18 13:34:57', '2025-09-18 13:34:57', 'F13'),
(26032, 28, 8, '2025-09-14', 1, 0.000000, 1, 'shift', NULL, NULL, '2025-09-18 13:34:57', '2025-09-18 13:34:57', 'F15'),
(26033, 29, 8, '2025-09-14', 1, 0.000000, 1, 'shift', NULL, NULL, '2025-09-18 13:34:57', '2025-09-18 13:34:57', 'F17'),
(26034, 30, 8, '2025-09-14', 1, 0.000000, 1, 'shift', NULL, NULL, '2025-09-18 13:34:57', '2025-09-18 13:34:57', 'F18'),
(26035, 37, 8, '2025-09-14', 1, 5609.650000, 1, 'shift', NULL, NULL, '2025-09-18 13:34:57', '2025-09-18 13:34:57', 'F30'),
(26036, 31, 8, '2025-09-14', 1, 0.000000, 1, 'shift', NULL, NULL, '2025-09-18 13:34:57', '2025-09-18 13:34:57', 'F19'),
(26037, 32, 8, '2025-09-14', 1, 0.000000, 1, 'shift', NULL, NULL, '2025-09-18 13:34:57', '2025-09-18 13:34:57', 'F20'),
(26038, 33, 8, '2025-09-14', 1, 0.000000, 1, 'shift', NULL, NULL, '2025-09-18 13:34:57', '2025-09-18 13:34:57', 'F21'),
(26039, 34, 8, '2025-09-14', 1, 0.000000, 1, 'shift', NULL, NULL, '2025-09-18 13:34:57', '2025-09-18 13:34:57', 'F22'),
(26040, 35, 8, '2025-09-14', 1, 2692.540000, 1, 'shift', NULL, NULL, '2025-09-18 13:34:57', '2025-09-18 13:34:57', 'F26'),
(26041, 36, 8, '2025-09-14', 1, 8384.480000, 1, 'shift', NULL, NULL, '2025-09-18 13:34:57', '2025-09-18 13:34:57', 'F29'),
(26042, 38, 8, '2025-09-14', 1, 2136.210000, 1, 'shift', NULL, NULL, '2025-09-18 13:34:57', '2025-09-18 13:34:57', 'F31'),
(26043, 39, 8, '2025-09-14', 1, 0.000000, 1, 'shift', NULL, NULL, '2025-09-18 13:34:57', '2025-09-18 13:34:57', 'F33'),
(26044, 40, 8, '2025-09-14', 1, 0.000000, 1, 'shift', NULL, NULL, '2025-09-18 13:34:57', '2025-09-18 13:34:57', 'F34'),
(26045, 41, 8, '2025-09-14', 1, 13.750000, 1, 'shift', NULL, NULL, '2025-09-18 13:34:57', '2025-09-18 13:34:57', 'F35'),
(26046, 42, 8, '2025-09-14', 1, 0.000000, 1, 'shift', NULL, NULL, '2025-09-18 13:34:57', '2025-09-18 13:34:57', 'F36'),
(26047, 43, 8, '2025-09-14', 1, 46.900000, 1, 'shift', NULL, NULL, '2025-09-18 13:34:57', '2025-09-18 13:34:57', 'F37'),
(26048, 44, 8, '2025-09-14', 1, 2196.860000, 1, 'shift', NULL, NULL, '2025-09-18 13:34:57', '2025-09-18 13:34:57', 'F39'),
(26049, 45, 8, '2025-09-14', 1, 7.310000, 1, 'shift', NULL, NULL, '2025-09-18 13:34:57', '2025-09-18 13:34:57', 'F41'),
(26050, 46, 8, '2025-09-14', 1, 0.270000, 1, 'shift', NULL, NULL, '2025-09-18 13:34:57', '2025-09-18 13:34:57', 'F42'),
(26051, 47, 8, '2025-09-14', 1, 0.450000, 1, 'shift', NULL, NULL, '2025-09-18 13:34:57', '2025-09-18 13:34:57', 'F44'),
(26052, 48, 8, '2025-09-14', 1, 0.020000, 1, 'shift', NULL, NULL, '2025-09-18 13:34:57', '2025-09-18 13:34:57', 'F45'),
(26053, 49, 8, '2025-09-14', 1, 8.090000, 1, 'shift', NULL, NULL, '2025-09-18 13:34:57', '2025-09-18 13:34:57', 'F48'),
(26054, 50, 8, '2025-09-14', 1, 0.000000, 1, 'shift', NULL, NULL, '2025-09-18 13:34:57', '2025-09-18 13:34:57', 'F49'),
(26055, 51, 8, '2025-09-14', 1, 5915.140000, 1, 'shift', NULL, NULL, '2025-09-18 13:34:57', '2025-09-18 13:34:57', 'F50'),
(26056, 52, 8, '2025-09-14', 1, 0.020000, 1, 'shift', NULL, NULL, '2025-09-18 13:34:57', '2025-09-18 13:34:57', 'F51'),
(26057, 53, 8, '2025-09-14', 1, 2203.910000, 1, 'shift', NULL, NULL, '2025-09-18 13:34:57', '2025-09-18 13:34:57', 'F52'),
(26058, 278, 8, '2025-09-14', 1, 0.000000, 1, 'shift', NULL, NULL, '2025-09-18 13:34:57', '2025-09-18 13:34:57', 'F19'),
(26059, 26, 9, '2025-09-14', 1, 21540.330000, 1, 'shift', NULL, NULL, '2025-09-18 13:34:57', '2025-09-18 13:34:57', 'G11'),
(26060, 27, 9, '2025-09-14', 1, 21492.330000, 1, 'shift', NULL, NULL, '2025-09-18 13:34:57', '2025-09-18 13:34:57', 'G13'),
(26061, 28, 9, '2025-09-14', 1, 8.000000, 1, 'shift', NULL, NULL, '2025-09-18 13:34:57', '2025-09-18 13:34:57', 'G15'),
(26062, 29, 9, '2025-09-14', 1, 0.000000, 1, 'shift', NULL, NULL, '2025-09-18 13:34:57', '2025-09-18 13:34:57', 'G17'),
(26063, 30, 9, '2025-09-14', 1, 0.000000, 1, 'shift', NULL, NULL, '2025-09-18 13:34:57', '2025-09-18 13:34:57', 'G18'),
(26064, 37, 9, '2025-09-14', 1, 5609.650000, 1, 'shift', NULL, NULL, '2025-09-18 13:34:57', '2025-09-18 13:34:57', 'G30'),
(26065, 31, 9, '2025-09-14', 1, 0.000000, 1, 'shift', NULL, NULL, '2025-09-18 13:34:57', '2025-09-18 13:34:57', 'G19'),
(26066, 32, 9, '2025-09-14', 1, 0.000000, 1, 'shift', NULL, NULL, '2025-09-18 13:34:57', '2025-09-18 13:34:57', 'G20'),
(26067, 33, 9, '2025-09-14', 1, 0.000000, 1, 'shift', NULL, NULL, '2025-09-18 13:34:57', '2025-09-18 13:34:57', 'G21'),
(26068, 34, 9, '2025-09-14', 1, 0.000000, 1, 'shift', NULL, NULL, '2025-09-18 13:34:57', '2025-09-18 13:34:57', 'G22'),
(26069, 35, 9, '2025-09-14', 1, 2692.540000, 1, 'shift', NULL, NULL, '2025-09-18 13:34:57', '2025-09-18 13:34:57', 'G26'),
(26070, 36, 9, '2025-09-14', 1, 8384.480000, 1, 'shift', NULL, NULL, '2025-09-18 13:34:57', '2025-09-18 13:34:57', 'G29'),
(26071, 38, 9, '2025-09-14', 1, 0.000000, 1, 'shift', NULL, NULL, '2025-09-18 13:34:57', '2025-09-18 13:34:57', 'G31'),
(26072, 39, 9, '2025-09-14', 1, 0.000000, 1, 'shift', NULL, NULL, '2025-09-18 13:34:57', '2025-09-18 13:34:57', 'G33'),
(26073, 40, 9, '2025-09-14', 1, 0.000000, 1, 'shift', NULL, NULL, '2025-09-18 13:34:57', '2025-09-18 13:34:57', 'G34'),
(26074, 41, 9, '2025-09-14', 1, 0.000000, 1, 'shift', NULL, NULL, '2025-09-18 13:34:57', '2025-09-18 13:34:57', 'G35'),
(26075, 42, 9, '2025-09-14', 1, 0.000000, 1, 'shift', NULL, NULL, '2025-09-18 13:34:57', '2025-09-18 13:34:57', 'G36'),
(26076, 43, 9, '2025-09-14', 1, 0.000000, 1, 'shift', NULL, NULL, '2025-09-18 13:34:57', '2025-09-18 13:34:57', 'G37'),
(26077, 44, 9, '2025-09-14', 1, 2196.860000, 1, 'shift', NULL, NULL, '2025-09-18 13:34:57', '2025-09-18 13:34:57', 'G39'),
(26078, 45, 9, '2025-09-14', 1, 8.420000, 1, 'shift', NULL, NULL, '2025-09-18 13:34:57', '2025-09-18 13:34:57', 'G41'),
(26079, 46, 9, '2025-09-14', 1, 0.000000, 1, 'shift', NULL, NULL, '2025-09-18 13:34:57', '2025-09-18 13:34:57', 'G42'),
(26080, 47, 9, '2025-09-14', 1, 0.000000, 1, 'shift', NULL, NULL, '2025-09-18 13:34:57', '2025-09-18 13:34:57', 'G44'),
(26081, 48, 9, '2025-09-14', 1, 0.000000, 1, 'shift', NULL, NULL, '2025-09-18 13:34:57', '2025-09-18 13:34:57', 'G45'),
(26082, 49, 9, '2025-09-14', 1, 9.720000, 1, 'shift', NULL, NULL, '2025-09-18 13:34:57', '2025-09-18 13:34:57', 'G48'),
(26083, 50, 9, '2025-09-14', 1, 0.060000, 1, 'shift', NULL, NULL, '2025-09-18 13:34:57', '2025-09-18 13:34:57', 'G49'),
(26084, 51, 9, '2025-09-14', 1, 5915.140000, 1, 'shift', NULL, NULL, '2025-09-18 13:34:57', '2025-09-18 13:34:57', 'G50'),
(26085, 52, 9, '2025-09-14', 1, 0.020000, 1, 'shift', NULL, NULL, '2025-09-18 13:34:57', '2025-09-18 13:34:57', 'G51'),
(26086, 53, 9, '2025-09-14', 1, 2198.660000, 1, 'shift', NULL, NULL, '2025-09-18 13:34:57', '2025-09-18 13:34:57', 'G52'),
(26087, 271, 9, '2025-09-14', 1, 0.000000, 1, 'shift', NULL, NULL, '2025-09-18 13:34:57', '2025-09-18 13:34:57', 'G12'),
(26088, 272, 9, '2025-09-14', 1, 0.000000, 1, 'shift', NULL, NULL, '2025-09-18 13:34:57', '2025-09-18 13:34:57', 'G13'),
(26089, 278, 9, '2025-09-14', 1, 21.130000, 1, 'shift', NULL, NULL, '2025-09-18 13:34:57', '2025-09-18 13:34:57', 'G19'),
(26090, 275, 7, '2025-09-14', 1, 0.000000, 1, 'shift', NULL, NULL, '2025-09-18 13:34:57', '2025-09-18 13:34:57', 'E16'),
(26091, 277, 7, '2025-09-14', 1, 8.000000, 1, 'shift', NULL, NULL, '2025-09-18 13:34:57', '2025-09-18 13:34:57', 'E18'),
(26092, 279, 7, '2025-09-14', 1, 0.000000, 1, 'shift', NULL, NULL, '2025-09-18 13:34:57', '2025-09-18 13:34:57', 'E21'),
(26093, 280, 7, '2025-09-14', 1, 0.000000, 1, 'shift', NULL, NULL, '2025-09-18 13:34:57', '2025-09-18 13:34:57', 'E22'),
(26094, 281, 7, '2025-09-14', 1, 0.000000, 1, 'shift', NULL, NULL, '2025-09-18 13:34:57', '2025-09-18 13:34:57', 'E23'),
(26095, 282, 7, '2025-09-14', 1, 0.000000, 1, 'shift', NULL, NULL, '2025-09-18 13:34:57', '2025-09-18 13:34:57', 'E24'),
(26096, 275, 8, '2025-09-14', 1, 0.000000, 1, 'shift', NULL, NULL, '2025-09-18 13:34:57', '2025-09-18 13:34:57', 'F16'),
(26097, 277, 8, '2025-09-14', 1, 0.000000, 1, 'shift', NULL, NULL, '2025-09-18 13:34:57', '2025-09-18 13:34:57', 'F18'),
(26098, 279, 8, '2025-09-14', 1, 0.000000, 1, 'shift', NULL, NULL, '2025-09-18 13:34:57', '2025-09-18 13:34:57', 'F21'),
(26099, 280, 8, '2025-09-14', 1, 2692.540000, 1, 'shift', NULL, NULL, '2025-09-18 13:34:57', '2025-09-18 13:34:57', 'F22'),
(26100, 281, 8, '2025-09-14', 1, 0.000000, 1, 'shift', NULL, NULL, '2025-09-18 13:34:57', '2025-09-18 13:34:57', 'F23'),
(26101, 282, 8, '2025-09-14', 1, 0.000000, 1, 'shift', NULL, NULL, '2025-09-18 13:34:57', '2025-09-18 13:34:57', 'F24'),
(26102, 275, 9, '2025-09-14', 1, 0.000000, 1, 'shift', NULL, NULL, '2025-09-18 13:34:57', '2025-09-18 13:34:57', 'G16'),
(26103, 277, 9, '2025-09-14', 1, 8.000000, 1, 'shift', NULL, NULL, '2025-09-18 13:34:57', '2025-09-18 13:34:57', 'G18'),
(26104, 279, 9, '2025-09-14', 1, 2.640000, 1, 'shift', NULL, NULL, '2025-09-18 13:34:57', '2025-09-18 13:34:57', 'G21'),
(26105, 280, 9, '2025-09-14', 1, 2692.540000, 1, 'shift', NULL, NULL, '2025-09-18 13:34:57', '2025-09-18 13:34:57', 'G22'),
(26106, 281, 9, '2025-09-14', 1, 0.000000, 1, 'shift', NULL, NULL, '2025-09-18 13:34:57', '2025-09-18 13:34:57', 'G23'),
(26107, 282, 9, '2025-09-14', 1, 0.000000, 1, 'shift', NULL, NULL, '2025-09-18 13:34:57', '2025-09-18 13:34:57', 'G24'),
(26108, 26, 7, '2025-09-14', 2, 0.000000, 1, 'shift', NULL, NULL, '2025-09-18 13:34:57', '2025-09-18 13:34:57', 'E11'),
(26109, 27, 7, '2025-09-14', 2, 0.000000, 1, 'shift', NULL, NULL, '2025-09-18 13:34:57', '2025-09-18 13:34:57', 'E13'),
(26110, 28, 7, '2025-09-14', 2, 8.000000, 1, 'shift', NULL, NULL, '2025-09-18 13:34:57', '2025-09-18 13:34:57', 'E15'),
(26111, 29, 7, '2025-09-14', 2, 0.000000, 1, 'shift', NULL, NULL, '2025-09-18 13:34:57', '2025-09-18 13:34:57', 'E17'),
(26112, 30, 7, '2025-09-14', 2, 0.000000, 1, 'shift', NULL, NULL, '2025-09-18 13:34:57', '2025-09-18 13:34:57', 'E18'),
(26113, 37, 7, '2025-09-14', 2, 20.000000, 1, 'shift', NULL, NULL, '2025-09-18 13:34:57', '2025-09-18 13:34:57', 'E30'),
(26114, 31, 7, '2025-09-14', 2, 0.000000, 1, 'shift', NULL, NULL, '2025-09-18 13:34:57', '2025-09-18 13:34:57', 'E19'),
(26115, 32, 7, '2025-09-14', 2, 0.000000, 1, 'shift', NULL, NULL, '2025-09-18 13:34:57', '2025-09-18 13:34:57', 'E20'),
(26116, 33, 7, '2025-09-14', 2, 0.000000, 1, 'shift', NULL, NULL, '2025-09-18 13:34:57', '2025-09-18 13:34:57', 'E21'),
(26117, 34, 7, '2025-09-14', 2, 0.000000, 1, 'shift', NULL, NULL, '2025-09-18 13:34:57', '2025-09-18 13:34:57', 'E22'),
(26118, 35, 7, '2025-09-14', 2, 0.000000, 1, 'shift', NULL, NULL, '2025-09-18 13:34:57', '2025-09-18 13:34:57', 'E26'),
(26119, 36, 7, '2025-09-14', 2, 0.000000, 1, 'shift', NULL, NULL, '2025-09-18 13:34:57', '2025-09-18 13:34:57', 'E29'),
(26120, 38, 7, '2025-09-14', 2, 0.000000, 1, 'shift', NULL, NULL, '2025-09-18 13:34:57', '2025-09-18 13:34:57', 'E31'),
(26121, 39, 7, '2025-09-14', 2, 0.000000, 1, 'shift', NULL, NULL, '2025-09-18 13:34:57', '2025-09-18 13:34:57', 'E33'),
(26122, 40, 7, '2025-09-14', 2, 0.000000, 1, 'shift', NULL, NULL, '2025-09-18 13:34:57', '2025-09-18 13:34:57', 'E34'),
(26123, 41, 7, '2025-09-14', 2, 0.000000, 1, 'shift', NULL, NULL, '2025-09-18 13:34:57', '2025-09-18 13:34:57', 'E35'),
(26124, 42, 7, '2025-09-14', 2, 245.000000, 1, 'shift', NULL, NULL, '2025-09-18 13:34:57', '2025-09-18 13:34:57', 'E36'),
(26125, 43, 7, '2025-09-14', 2, 46.900000, 1, 'shift', NULL, NULL, '2025-09-18 13:34:57', '2025-09-18 13:34:57', 'E37'),
(26126, 44, 7, '2025-09-14', 2, 291.900000, 1, 'shift', NULL, NULL, '2025-09-18 13:34:57', '2025-09-18 13:34:57', 'E39'),
(26127, 45, 7, '2025-09-14', 2, 1.120000, 1, 'shift', NULL, NULL, '2025-09-18 13:34:57', '2025-09-18 13:34:57', 'E41'),
(26128, 46, 7, '2025-09-14', 2, 0.000000, 1, 'shift', NULL, NULL, '2025-09-18 13:34:57', '2025-09-18 13:34:57', 'E42'),
(26129, 47, 7, '2025-09-14', 2, 0.450000, 1, 'shift', NULL, NULL, '2025-09-18 13:34:57', '2025-09-18 13:34:57', 'E44'),
(26130, 48, 7, '2025-09-14', 2, 0.000000, 1, 'shift', NULL, NULL, '2025-09-18 13:34:57', '2025-09-18 13:34:57', 'E45'),
(26131, 49, 7, '2025-09-14', 2, 1.630000, 1, 'shift', NULL, NULL, '2025-09-18 13:34:57', '2025-09-18 13:34:57', 'E48'),
(26132, 50, 7, '2025-09-14', 2, 0.000000, 1, 'shift', NULL, NULL, '2025-09-18 13:34:57', '2025-09-18 13:34:57', 'E49'),
(26133, 51, 7, '2025-09-14', 2, 0.000000, 1, 'shift', NULL, NULL, '2025-09-18 13:34:57', '2025-09-18 13:34:57', 'E50'),
(26134, 52, 7, '2025-09-14', 2, 0.000000, 1, 'shift', NULL, NULL, '2025-09-18 13:34:57', '2025-09-18 13:34:57', 'E51'),
(26135, 53, 7, '2025-09-14', 2, 46.900000, 1, 'shift', NULL, NULL, '2025-09-18 13:34:57', '2025-09-18 13:34:57', 'E52'),
(26136, 278, 7, '2025-09-14', 2, 0.000000, 1, 'shift', NULL, NULL, '2025-09-18 13:34:57', '2025-09-18 13:34:57', 'E19'),
(26137, 26, 8, '2025-09-14', 2, 0.000000, 1, 'shift', NULL, NULL, '2025-09-18 13:34:57', '2025-09-18 13:34:57', 'F11'),
(26138, 27, 8, '2025-09-14', 2, 0.000000, 1, 'shift', NULL, NULL, '2025-09-18 13:34:57', '2025-09-18 13:34:57', 'F13'),
(26139, 28, 8, '2025-09-14', 2, 0.000000, 1, 'shift', NULL, NULL, '2025-09-18 13:34:57', '2025-09-18 13:34:57', 'F15'),
(26140, 29, 8, '2025-09-14', 2, 0.000000, 1, 'shift', NULL, NULL, '2025-09-18 13:34:57', '2025-09-18 13:34:57', 'F17'),
(26141, 30, 8, '2025-09-14', 2, 0.000000, 1, 'shift', NULL, NULL, '2025-09-18 13:34:57', '2025-09-18 13:34:57', 'F18'),
(26142, 37, 8, '2025-09-14', 2, 20.000000, 1, 'shift', NULL, NULL, '2025-09-18 13:34:57', '2025-09-18 13:34:57', 'F30'),
(26143, 31, 8, '2025-09-14', 2, 0.000000, 1, 'shift', NULL, NULL, '2025-09-18 13:34:57', '2025-09-18 13:34:57', 'F19'),
(26144, 32, 8, '2025-09-14', 2, 0.000000, 1, 'shift', NULL, NULL, '2025-09-18 13:34:57', '2025-09-18 13:34:57', 'F20'),
(26145, 33, 8, '2025-09-14', 2, 0.000000, 1, 'shift', NULL, NULL, '2025-09-18 13:34:57', '2025-09-18 13:34:57', 'F21'),
(26146, 34, 8, '2025-09-14', 2, 0.000000, 1, 'shift', NULL, NULL, '2025-09-18 13:34:57', '2025-09-18 13:34:57', 'F22'),
(26147, 35, 8, '2025-09-14', 2, 0.000000, 1, 'shift', NULL, NULL, '2025-09-18 13:34:57', '2025-09-18 13:34:57', 'F26'),
(26148, 36, 8, '2025-09-14', 2, 0.000000, 1, 'shift', NULL, NULL, '2025-09-18 13:34:57', '2025-09-18 13:34:57', 'F29'),
(26149, 38, 8, '2025-09-14', 2, 0.000000, 1, 'shift', NULL, NULL, '2025-09-18 13:34:57', '2025-09-18 13:34:57', 'F31'),
(26150, 39, 8, '2025-09-14', 2, 0.000000, 1, 'shift', NULL, NULL, '2025-09-18 13:34:57', '2025-09-18 13:34:57', 'F33'),
(26151, 40, 8, '2025-09-14', 2, 0.000000, 1, 'shift', NULL, NULL, '2025-09-18 13:34:57', '2025-09-18 13:34:57', 'F34'),
(26152, 41, 8, '2025-09-14', 2, 0.000000, 1, 'shift', NULL, NULL, '2025-09-18 13:34:57', '2025-09-18 13:34:57', 'F35'),
(26153, 42, 8, '2025-09-14', 2, 0.000000, 1, 'shift', NULL, NULL, '2025-09-18 13:34:57', '2025-09-18 13:34:57', 'F36'),
(26154, 43, 8, '2025-09-14', 2, 46.900000, 1, 'shift', NULL, NULL, '2025-09-18 13:34:57', '2025-09-18 13:34:57', 'F37'),
(26155, 44, 8, '2025-09-14', 2, 46.900000, 1, 'shift', NULL, NULL, '2025-09-18 13:34:57', '2025-09-18 13:34:57', 'F39'),
(26156, 45, 8, '2025-09-14', 2, 1.120000, 1, 'shift', NULL, NULL, '2025-09-18 13:34:57', '2025-09-18 13:34:57', 'F41'),
(26157, 46, 8, '2025-09-14', 2, 0.000000, 1, 'shift', NULL, NULL, '2025-09-18 13:34:57', '2025-09-18 13:34:57', 'F42'),
(26158, 47, 8, '2025-09-14', 2, 0.450000, 1, 'shift', NULL, NULL, '2025-09-18 13:34:57', '2025-09-18 13:34:57', 'F44'),
(26159, 48, 8, '2025-09-14', 2, 0.000000, 1, 'shift', NULL, NULL, '2025-09-18 13:34:57', '2025-09-18 13:34:57', 'F45'),
(26160, 49, 8, '2025-09-14', 2, 1.630000, 1, 'shift', NULL, NULL, '2025-09-18 13:34:57', '2025-09-18 13:34:57', 'F48'),
(26161, 50, 8, '2025-09-14', 2, 0.000000, 1, 'shift', NULL, NULL, '2025-09-18 13:34:57', '2025-09-18 13:34:57', 'F49'),
(26162, 51, 8, '2025-09-14', 2, 0.000000, 1, 'shift', NULL, NULL, '2025-09-18 13:34:57', '2025-09-18 13:34:57', 'F50'),
(26163, 52, 8, '2025-09-14', 2, 0.000000, 1, 'shift', NULL, NULL, '2025-09-18 13:34:57', '2025-09-18 13:34:57', 'F51'),
(26164, 53, 8, '2025-09-14', 2, 46.900000, 1, 'shift', NULL, NULL, '2025-09-18 13:34:57', '2025-09-18 13:34:57', 'F52'),
(26165, 278, 8, '2025-09-14', 2, 0.000000, 1, 'shift', NULL, NULL, '2025-09-18 13:34:57', '2025-09-18 13:34:57', 'F19'),
(26166, 26, 9, '2025-09-14', 2, 0.000000, 1, 'shift', NULL, NULL, '2025-09-18 13:34:57', '2025-09-18 13:34:57', 'G11'),
(26167, 27, 9, '2025-09-14', 2, 0.000000, 1, 'shift', NULL, NULL, '2025-09-18 13:34:57', '2025-09-18 13:34:57', 'G13'),
(26168, 28, 9, '2025-09-14', 2, 8.000000, 1, 'shift', NULL, NULL, '2025-09-18 13:34:57', '2025-09-18 13:34:57', 'G15'),
(26169, 29, 9, '2025-09-14', 2, 0.000000, 1, 'shift', NULL, NULL, '2025-09-18 13:34:57', '2025-09-18 13:34:57', 'G17'),
(26170, 30, 9, '2025-09-14', 2, 0.000000, 1, 'shift', NULL, NULL, '2025-09-18 13:34:57', '2025-09-18 13:34:57', 'G18'),
(26171, 37, 9, '2025-09-14', 2, 20.000000, 1, 'shift', NULL, NULL, '2025-09-18 13:34:57', '2025-09-18 13:34:57', 'G30'),
(26172, 31, 9, '2025-09-14', 2, 0.000000, 1, 'shift', NULL, NULL, '2025-09-18 13:34:57', '2025-09-18 13:34:57', 'G19'),
(26173, 32, 9, '2025-09-14', 2, 0.000000, 1, 'shift', NULL, NULL, '2025-09-18 13:34:57', '2025-09-18 13:34:57', 'G20'),
(26174, 33, 9, '2025-09-14', 2, 0.000000, 1, 'shift', NULL, NULL, '2025-09-18 13:34:57', '2025-09-18 13:34:57', 'G21'),
(26175, 34, 9, '2025-09-14', 2, 0.000000, 1, 'shift', NULL, NULL, '2025-09-18 13:34:57', '2025-09-18 13:34:57', 'G22'),
(26176, 35, 9, '2025-09-14', 2, 0.000000, 1, 'shift', NULL, NULL, '2025-09-18 13:34:57', '2025-09-18 13:34:57', 'G26'),
(26177, 36, 9, '2025-09-14', 2, 0.000000, 1, 'shift', NULL, NULL, '2025-09-18 13:34:57', '2025-09-18 13:34:57', 'G29'),
(26178, 38, 9, '2025-09-14', 2, 0.000000, 1, 'shift', NULL, NULL, '2025-09-18 13:34:57', '2025-09-18 13:34:57', 'G31'),
(26179, 39, 9, '2025-09-14', 2, 0.000000, 1, 'shift', NULL, NULL, '2025-09-18 13:34:57', '2025-09-18 13:34:57', 'G33'),
(26180, 40, 9, '2025-09-14', 2, 0.000000, 1, 'shift', NULL, NULL, '2025-09-18 13:34:57', '2025-09-18 13:34:57', 'G34'),
(26181, 41, 9, '2025-09-14', 2, 0.000000, 1, 'shift', NULL, NULL, '2025-09-18 13:34:57', '2025-09-18 13:34:57', 'G35'),
(26182, 42, 9, '2025-09-14', 2, 0.000000, 1, 'shift', NULL, NULL, '2025-09-18 13:34:57', '2025-09-18 13:34:57', 'G36'),
(26183, 43, 9, '2025-09-14', 2, 0.000000, 1, 'shift', NULL, NULL, '2025-09-18 13:34:57', '2025-09-18 13:34:57', 'G37'),
(26184, 44, 9, '2025-09-14', 2, 0.000000, 1, 'shift', NULL, NULL, '2025-09-18 13:34:57', '2025-09-18 13:34:57', 'G39'),
(26185, 45, 9, '2025-09-14', 2, 2.230000, 1, 'shift', NULL, NULL, '2025-09-18 13:34:57', '2025-09-18 13:34:57', 'G41'),
(26186, 46, 9, '2025-09-14', 2, 0.000000, 1, 'shift', NULL, NULL, '2025-09-18 13:34:57', '2025-09-18 13:34:57', 'G42'),
(26187, 47, 9, '2025-09-14', 2, 0.000000, 1, 'shift', NULL, NULL, '2025-09-18 13:34:57', '2025-09-18 13:34:57', 'G44'),
(26188, 48, 9, '2025-09-14', 2, 0.000000, 1, 'shift', NULL, NULL, '2025-09-18 13:34:57', '2025-09-18 13:34:57', 'G45'),
(26189, 49, 9, '2025-09-14', 2, 3.260000, 1, 'shift', NULL, NULL, '2025-09-18 13:34:57', '2025-09-18 13:34:57', 'G48'),
(26190, 50, 9, '2025-09-14', 2, 0.000000, 1, 'shift', NULL, NULL, '2025-09-18 13:34:57', '2025-09-18 13:34:57', 'G49'),
(26191, 51, 9, '2025-09-14', 2, 0.000000, 1, 'shift', NULL, NULL, '2025-09-18 13:34:57', '2025-09-18 13:34:57', 'G50'),
(26192, 52, 9, '2025-09-14', 2, 0.000000, 1, 'shift', NULL, NULL, '2025-09-18 13:34:57', '2025-09-18 13:34:57', 'G51'),
(26193, 53, 9, '2025-09-14', 2, 0.000000, 1, 'shift', NULL, NULL, '2025-09-18 13:34:57', '2025-09-18 13:34:57', 'G52'),
(26194, 271, 9, '2025-09-14', 2, 0.000000, 1, 'shift', NULL, NULL, '2025-09-18 13:34:57', '2025-09-18 13:34:57', 'G12'),
(26195, 272, 9, '2025-09-14', 2, 0.000000, 1, 'shift', NULL, NULL, '2025-09-18 13:34:57', '2025-09-18 13:34:57', 'G13'),
(26196, 278, 9, '2025-09-14', 2, 21.130000, 1, 'shift', NULL, NULL, '2025-09-18 13:34:57', '2025-09-18 13:34:57', 'G19'),
(26197, 275, 7, '2025-09-14', 2, 0.000000, 1, 'shift', NULL, NULL, '2025-09-18 13:34:57', '2025-09-18 13:34:57', 'E16'),
(26198, 277, 7, '2025-09-14', 2, 8.000000, 1, 'shift', NULL, NULL, '2025-09-18 13:34:57', '2025-09-18 13:34:57', 'E18'),
(26199, 279, 7, '2025-09-14', 2, 0.000000, 1, 'shift', NULL, NULL, '2025-09-18 13:34:57', '2025-09-18 13:34:57', 'E21'),
(26200, 280, 7, '2025-09-14', 2, 0.000000, 1, 'shift', NULL, NULL, '2025-09-18 13:34:57', '2025-09-18 13:34:57', 'E22'),
(26201, 281, 7, '2025-09-14', 2, 0.000000, 1, 'shift', NULL, NULL, '2025-09-18 13:34:57', '2025-09-18 13:34:57', 'E23'),
(26202, 282, 7, '2025-09-14', 2, 0.000000, 1, 'shift', NULL, NULL, '2025-09-18 13:34:57', '2025-09-18 13:34:57', 'E24'),
(26203, 275, 8, '2025-09-14', 2, 0.000000, 1, 'shift', NULL, NULL, '2025-09-18 13:34:57', '2025-09-18 13:34:57', 'F16'),
(26204, 277, 8, '2025-09-14', 2, 0.000000, 1, 'shift', NULL, NULL, '2025-09-18 13:34:57', '2025-09-18 13:34:57', 'F18'),
(26205, 279, 8, '2025-09-14', 2, 0.000000, 1, 'shift', NULL, NULL, '2025-09-18 13:34:57', '2025-09-18 13:34:57', 'F21'),
(26206, 280, 8, '2025-09-14', 2, 2692.540000, 1, 'shift', NULL, NULL, '2025-09-18 13:34:57', '2025-09-18 13:34:57', 'F22'),
(26207, 281, 8, '2025-09-14', 2, 0.000000, 1, 'shift', NULL, NULL, '2025-09-18 13:34:57', '2025-09-18 13:34:57', 'F23'),
(26208, 282, 8, '2025-09-14', 2, 0.000000, 1, 'shift', NULL, NULL, '2025-09-18 13:34:57', '2025-09-18 13:34:57', 'F24'),
(26209, 275, 9, '2025-09-14', 2, 0.000000, 1, 'shift', NULL, NULL, '2025-09-18 13:34:57', '2025-09-18 13:34:57', 'G16'),
(26210, 277, 9, '2025-09-14', 2, 8.000000, 1, 'shift', NULL, NULL, '2025-09-18 13:34:57', '2025-09-18 13:34:57', 'G18'),
(26211, 279, 9, '2025-09-14', 2, 2.640000, 1, 'shift', NULL, NULL, '2025-09-18 13:34:57', '2025-09-18 13:34:57', 'G21'),
(26212, 280, 9, '2025-09-14', 2, 2692.540000, 1, 'shift', NULL, NULL, '2025-09-18 13:34:57', '2025-09-18 13:34:57', 'G22'),
(26213, 281, 9, '2025-09-14', 2, 0.000000, 1, 'shift', NULL, NULL, '2025-09-18 13:34:57', '2025-09-18 13:34:57', 'G23'),
(26214, 282, 9, '2025-09-14', 2, 0.000000, 1, 'shift', NULL, NULL, '2025-09-18 13:34:57', '2025-09-18 13:34:57', 'G24'),
(26215, 26, 7, '2025-09-14', 3, 6300.000000, 1, 'shift', NULL, NULL, '2025-09-18 13:34:57', '2025-09-18 13:34:57', 'E11'),
(26216, 27, 7, '2025-09-14', 3, 6300.000000, 1, 'shift', NULL, NULL, '2025-09-18 13:34:57', '2025-09-18 13:34:57', 'E13'),
(26217, 28, 7, '2025-09-14', 3, 8.000000, 1, 'shift', NULL, NULL, '2025-09-18 13:34:57', '2025-09-18 13:34:57', 'E15'),
(26218, 29, 7, '2025-09-14', 3, 0.000000, 1, 'shift', NULL, NULL, '2025-09-18 13:34:57', '2025-09-18 13:34:57', 'E17'),
(26219, 30, 7, '2025-09-14', 3, 0.000000, 1, 'shift', NULL, NULL, '2025-09-18 13:34:57', '2025-09-18 13:34:57', 'E18'),
(26220, 37, 7, '2025-09-14', 3, 20.000000, 1, 'shift', NULL, NULL, '2025-09-18 13:34:57', '2025-09-18 13:34:57', 'E30'),
(26221, 31, 7, '2025-09-14', 3, 0.000000, 1, 'shift', NULL, NULL, '2025-09-18 13:34:57', '2025-09-18 13:34:57', 'E19'),
(26222, 32, 7, '2025-09-14', 3, 0.000000, 1, 'shift', NULL, NULL, '2025-09-18 13:34:57', '2025-09-18 13:34:57', 'E20'),
(26223, 33, 7, '2025-09-14', 3, 0.000000, 1, 'shift', NULL, NULL, '2025-09-18 13:34:57', '2025-09-18 13:34:57', 'E21'),
(26224, 34, 7, '2025-09-14', 3, 0.000000, 1, 'shift', NULL, NULL, '2025-09-18 13:34:57', '2025-09-18 13:34:57', 'E22'),
(26225, 35, 7, '2025-09-14', 3, 787.500000, 1, 'shift', NULL, NULL, '2025-09-18 13:34:57', '2025-09-18 13:34:57', 'E26'),
(26226, 36, 7, '2025-09-14', 3, 2491.900000, 1, 'shift', NULL, NULL, '2025-09-18 13:34:57', '2025-09-18 13:34:57', 'E29'),
(26227, 38, 7, '2025-09-14', 3, 2153.910000, 1, 'shift', NULL, NULL, '2025-09-18 13:34:57', '2025-09-18 13:34:57', 'E31'),
(26228, 39, 7, '2025-09-14', 3, 0.000000, 1, 'shift', NULL, NULL, '2025-09-18 13:34:57', '2025-09-18 13:34:57', 'E33'),
(26229, 40, 7, '2025-09-14', 3, 41.460000, 1, 'shift', NULL, NULL, '2025-09-18 13:34:57', '2025-09-18 13:34:57', 'E34'),
(26230, 41, 7, '2025-09-14', 3, 0.000000, 1, 'shift', NULL, NULL, '2025-09-18 13:34:57', '2025-09-18 13:34:57', 'E35'),
(26231, 42, 7, '2025-09-14', 3, 245.000000, 1, 'shift', NULL, NULL, '2025-09-18 13:34:57', '2025-09-18 13:34:57', 'E36'),
(26232, 43, 7, '2025-09-14', 3, 46.900000, 1, 'shift', NULL, NULL, '2025-09-18 13:34:57', '2025-09-18 13:34:57', 'E37'),
(26233, 44, 7, '2025-09-14', 3, 2487.270000, 1, 'shift', NULL, NULL, '2025-09-18 13:34:57', '2025-09-18 13:34:57', 'E39'),
(26234, 45, 7, '2025-09-14', 3, 2.930000, 1, 'shift', NULL, NULL, '2025-09-18 13:34:57', '2025-09-18 13:34:57', 'E41'),
(26235, 46, 7, '2025-09-14', 3, 0.370000, 1, 'shift', NULL, NULL, '2025-09-18 13:34:57', '2025-09-18 13:34:57', 'E42'),
(26236, 47, 7, '2025-09-14', 3, 0.450000, 1, 'shift', NULL, NULL, '2025-09-18 13:34:57', '2025-09-18 13:34:57', 'E44'),
(26237, 48, 7, '2025-09-14', 3, 0.060000, 1, 'shift', NULL, NULL, '2025-09-18 13:34:57', '2025-09-18 13:34:57', 'E45'),
(26238, 49, 7, '2025-09-14', 3, 3.520000, 1, 'shift', NULL, NULL, '2025-09-18 13:34:57', '2025-09-18 13:34:57', 'E48'),
(26239, 50, 7, '2025-09-14', 3, 0.450000, 1, 'shift', NULL, NULL, '2025-09-18 13:34:57', '2025-09-18 13:34:57', 'E49'),
(26240, 51, 7, '2025-09-14', 3, 1958.730000, 1, 'shift', NULL, NULL, '2025-09-18 13:34:57', '2025-09-18 13:34:57', 'E50'),
(26241, 52, 7, '2025-09-14', 3, 0.060000, 1, 'shift', NULL, NULL, '2025-09-18 13:34:57', '2025-09-18 13:34:57', 'E51'),
(26242, 53, 7, '2025-09-14', 3, 2500.020000, 1, 'shift', NULL, NULL, '2025-09-18 13:34:57', '2025-09-18 13:34:57', 'E52'),
(26243, 278, 7, '2025-09-14', 3, 0.000000, 1, 'shift', NULL, NULL, '2025-09-18 13:34:57', '2025-09-18 13:34:57', 'E19'),
(26244, 26, 8, '2025-09-14', 3, 0.000000, 1, 'shift', NULL, NULL, '2025-09-18 13:34:57', '2025-09-18 13:34:57', 'F11'),
(26245, 27, 8, '2025-09-14', 3, 0.000000, 1, 'shift', NULL, NULL, '2025-09-18 13:34:57', '2025-09-18 13:34:57', 'F13'),
(26246, 28, 8, '2025-09-14', 3, 0.000000, 1, 'shift', NULL, NULL, '2025-09-18 13:34:57', '2025-09-18 13:34:57', 'F15'),
(26247, 29, 8, '2025-09-14', 3, 0.000000, 1, 'shift', NULL, NULL, '2025-09-18 13:34:57', '2025-09-18 13:34:57', 'F17'),
(26248, 30, 8, '2025-09-14', 3, 0.000000, 1, 'shift', NULL, NULL, '2025-09-18 13:34:57', '2025-09-18 13:34:57', 'F18'),
(26249, 37, 8, '2025-09-14', 3, 20.000000, 1, 'shift', NULL, NULL, '2025-09-18 13:34:57', '2025-09-18 13:34:57', 'F30'),
(26250, 31, 8, '2025-09-14', 3, 0.000000, 1, 'shift', NULL, NULL, '2025-09-18 13:34:57', '2025-09-18 13:34:57', 'F19'),
(26251, 32, 8, '2025-09-14', 3, 0.000000, 1, 'shift', NULL, NULL, '2025-09-18 13:34:57', '2025-09-18 13:34:57', 'F20'),
(26252, 33, 8, '2025-09-14', 3, 0.000000, 1, 'shift', NULL, NULL, '2025-09-18 13:34:57', '2025-09-18 13:34:57', 'F21'),
(26253, 34, 8, '2025-09-14', 3, 0.000000, 1, 'shift', NULL, NULL, '2025-09-18 13:34:57', '2025-09-18 13:34:57', 'F22'),
(26254, 35, 8, '2025-09-14', 3, 0.000000, 1, 'shift', NULL, NULL, '2025-09-18 13:34:57', '2025-09-18 13:34:57', 'F26'),
(26255, 36, 8, '2025-09-14', 3, 0.000000, 1, 'shift', NULL, NULL, '2025-09-18 13:34:57', '2025-09-18 13:34:57', 'F29'),
(26256, 38, 8, '2025-09-14', 3, 0.000000, 1, 'shift', NULL, NULL, '2025-09-18 13:34:57', '2025-09-18 13:34:57', 'F31'),
(26257, 39, 8, '2025-09-14', 3, 0.000000, 1, 'shift', NULL, NULL, '2025-09-18 13:34:57', '2025-09-18 13:34:57', 'F33'),
(26258, 40, 8, '2025-09-14', 3, 0.000000, 1, 'shift', NULL, NULL, '2025-09-18 13:34:57', '2025-09-18 13:34:57', 'F34'),
(26259, 41, 8, '2025-09-14', 3, 0.000000, 1, 'shift', NULL, NULL, '2025-09-18 13:34:57', '2025-09-18 13:34:57', 'F35'),
(26260, 42, 8, '2025-09-14', 3, 0.000000, 1, 'shift', NULL, NULL, '2025-09-18 13:34:57', '2025-09-18 13:34:57', 'F36'),
(26261, 43, 8, '2025-09-14', 3, 46.900000, 1, 'shift', NULL, NULL, '2025-09-18 13:34:57', '2025-09-18 13:34:57', 'F37'),
(26262, 44, 8, '2025-09-14', 3, 46.900000, 1, 'shift', NULL, NULL, '2025-09-18 13:34:57', '2025-09-18 13:34:57', 'F39'),
(26263, 45, 8, '2025-09-14', 3, 1.120000, 1, 'shift', NULL, NULL, '2025-09-18 13:34:57', '2025-09-18 13:34:57', 'F41'),
(26264, 46, 8, '2025-09-14', 3, 0.000000, 1, 'shift', NULL, NULL, '2025-09-18 13:34:57', '2025-09-18 13:34:57', 'F42'),
(26265, 47, 8, '2025-09-14', 3, 0.450000, 1, 'shift', NULL, NULL, '2025-09-18 13:34:57', '2025-09-18 13:34:57', 'F44'),
(26266, 48, 8, '2025-09-14', 3, 0.000000, 1, 'shift', NULL, NULL, '2025-09-18 13:34:57', '2025-09-18 13:34:57', 'F45'),
(26267, 49, 8, '2025-09-14', 3, 1.630000, 1, 'shift', NULL, NULL, '2025-09-18 13:34:57', '2025-09-18 13:34:57', 'F48'),
(26268, 50, 8, '2025-09-14', 3, 0.000000, 1, 'shift', NULL, NULL, '2025-09-18 13:34:57', '2025-09-18 13:34:57', 'F49'),
(26269, 51, 8, '2025-09-14', 3, 0.000000, 1, 'shift', NULL, NULL, '2025-09-18 13:34:57', '2025-09-18 13:34:57', 'F50'),
(26270, 52, 8, '2025-09-14', 3, 0.000000, 1, 'shift', NULL, NULL, '2025-09-18 13:34:57', '2025-09-18 13:34:57', 'F51'),
(26271, 53, 8, '2025-09-14', 3, 46.900000, 1, 'shift', NULL, NULL, '2025-09-18 13:34:57', '2025-09-18 13:34:57', 'F52'),
(26272, 278, 8, '2025-09-14', 3, 0.000000, 1, 'shift', NULL, NULL, '2025-09-18 13:34:57', '2025-09-18 13:34:57', 'F19'),
(26273, 26, 9, '2025-09-14', 3, 6300.000000, 1, 'shift', NULL, NULL, '2025-09-18 13:34:57', '2025-09-18 13:34:57', 'G11'),
(26274, 27, 9, '2025-09-14', 3, 6300.000000, 1, 'shift', NULL, NULL, '2025-09-18 13:34:57', '2025-09-18 13:34:57', 'G13'),
(26275, 28, 9, '2025-09-14', 3, 8.000000, 1, 'shift', NULL, NULL, '2025-09-18 13:34:57', '2025-09-18 13:34:57', 'G15'),
(26276, 29, 9, '2025-09-14', 3, 0.000000, 1, 'shift', NULL, NULL, '2025-09-18 13:34:57', '2025-09-18 13:34:57', 'G17'),
(26277, 30, 9, '2025-09-14', 3, 0.000000, 1, 'shift', NULL, NULL, '2025-09-18 13:34:57', '2025-09-18 13:34:57', 'G18'),
(26278, 37, 9, '2025-09-14', 3, 20.000000, 1, 'shift', NULL, NULL, '2025-09-18 13:34:57', '2025-09-18 13:34:57', 'G30'),
(26279, 31, 9, '2025-09-14', 3, 0.000000, 1, 'shift', NULL, NULL, '2025-09-18 13:34:57', '2025-09-18 13:34:57', 'G19'),
(26280, 32, 9, '2025-09-14', 3, 0.000000, 1, 'shift', NULL, NULL, '2025-09-18 13:34:57', '2025-09-18 13:34:57', 'G20'),
(26281, 33, 9, '2025-09-14', 3, 0.000000, 1, 'shift', NULL, NULL, '2025-09-18 13:34:57', '2025-09-18 13:34:57', 'G21'),
(26282, 34, 9, '2025-09-14', 3, 0.000000, 1, 'shift', NULL, NULL, '2025-09-18 13:34:57', '2025-09-18 13:34:57', 'G22'),
(26283, 35, 9, '2025-09-14', 3, 787.500000, 1, 'shift', NULL, NULL, '2025-09-18 13:34:57', '2025-09-18 13:34:57', 'G26'),
(26284, 36, 9, '2025-09-14', 3, 2491.900000, 1, 'shift', NULL, NULL, '2025-09-18 13:34:57', '2025-09-18 13:34:57', 'G29'),
(26285, 38, 9, '2025-09-14', 3, 0.000000, 1, 'shift', NULL, NULL, '2025-09-18 13:34:57', '2025-09-18 13:34:57', 'G31'),
(26286, 39, 9, '2025-09-14', 3, 0.000000, 1, 'shift', NULL, NULL, '2025-09-18 13:34:57', '2025-09-18 13:34:57', 'G33'),
(26287, 40, 9, '2025-09-14', 3, 0.000000, 1, 'shift', NULL, NULL, '2025-09-18 13:34:57', '2025-09-18 13:34:57', 'G34'),
(26288, 41, 9, '2025-09-14', 3, 0.000000, 1, 'shift', NULL, NULL, '2025-09-18 13:34:57', '2025-09-18 13:34:57', 'G35'),
(26289, 42, 9, '2025-09-14', 3, 0.000000, 1, 'shift', NULL, NULL, '2025-09-18 13:34:57', '2025-09-18 13:34:57', 'G36'),
(26290, 43, 9, '2025-09-14', 3, 0.000000, 1, 'shift', NULL, NULL, '2025-09-18 13:34:57', '2025-09-18 13:34:57', 'G37'),
(26291, 44, 9, '2025-09-14', 3, 2487.270000, 1, 'shift', NULL, NULL, '2025-09-18 13:34:57', '2025-09-18 13:34:57', 'G39'),
(26292, 45, 9, '2025-09-14', 3, 4.040000, 1, 'shift', NULL, NULL, '2025-09-18 13:34:57', '2025-09-18 13:34:57', 'G41'),
(26293, 46, 9, '2025-09-14', 3, 0.000000, 1, 'shift', NULL, NULL, '2025-09-18 13:34:57', '2025-09-18 13:34:57', 'G42'),
(26294, 47, 9, '2025-09-14', 3, 0.000000, 1, 'shift', NULL, NULL, '2025-09-18 13:34:57', '2025-09-18 13:34:57', 'G44'),
(26295, 48, 9, '2025-09-14', 3, 0.000000, 1, 'shift', NULL, NULL, '2025-09-18 13:34:57', '2025-09-18 13:34:57', 'G45'),
(26296, 49, 9, '2025-09-14', 3, 5.150000, 1, 'shift', NULL, NULL, '2025-09-18 13:34:57', '2025-09-18 13:34:57', 'G48'),
(26297, 50, 9, '2025-09-14', 3, 0.450000, 1, 'shift', NULL, NULL, '2025-09-18 13:34:57', '2025-09-18 13:34:57', 'G49'),
(26298, 51, 9, '2025-09-14', 3, 1958.730000, 1, 'shift', NULL, NULL, '2025-09-18 13:34:57', '2025-09-18 13:34:57', 'G50'),
(26299, 52, 9, '2025-09-14', 3, 0.060000, 1, 'shift', NULL, NULL, '2025-09-18 13:34:57', '2025-09-18 13:34:57', 'G51'),
(26300, 53, 9, '2025-09-14', 3, 2500.020000, 1, 'shift', NULL, NULL, '2025-09-18 13:34:57', '2025-09-18 13:34:57', 'G52'),
(26301, 271, 9, '2025-09-14', 3, 0.000000, 1, 'shift', NULL, NULL, '2025-09-18 13:34:57', '2025-09-18 13:34:57', 'G12'),
(26302, 272, 9, '2025-09-14', 3, 0.000000, 1, 'shift', NULL, NULL, '2025-09-18 13:34:57', '2025-09-18 13:34:57', 'G13'),
(26303, 278, 9, '2025-09-14', 3, 21.130000, 1, 'shift', NULL, NULL, '2025-09-18 13:34:57', '2025-09-18 13:34:57', 'G19'),
(26304, 275, 7, '2025-09-14', 3, 0.000000, 1, 'shift', NULL, NULL, '2025-09-18 13:34:57', '2025-09-18 13:34:57', 'E16'),
(26305, 277, 7, '2025-09-14', 3, 8.000000, 1, 'shift', NULL, NULL, '2025-09-18 13:34:57', '2025-09-18 13:34:57', 'E18'),
(26306, 279, 7, '2025-09-14', 3, 0.000000, 1, 'shift', NULL, NULL, '2025-09-18 13:34:57', '2025-09-18 13:34:57', 'E21'),
(26307, 280, 7, '2025-09-14', 3, 0.000000, 1, 'shift', NULL, NULL, '2025-09-18 13:34:57', '2025-09-18 13:34:57', 'E22'),
(26308, 281, 7, '2025-09-14', 3, 0.000000, 1, 'shift', NULL, NULL, '2025-09-18 13:34:57', '2025-09-18 13:34:57', 'E23'),
(26309, 282, 7, '2025-09-14', 3, 0.000000, 1, 'shift', NULL, NULL, '2025-09-18 13:34:57', '2025-09-18 13:34:57', 'E24'),
(26310, 275, 8, '2025-09-14', 3, 0.000000, 1, 'shift', NULL, NULL, '2025-09-18 13:34:57', '2025-09-18 13:34:57', 'F16'),
(26311, 277, 8, '2025-09-14', 3, 0.000000, 1, 'shift', NULL, NULL, '2025-09-18 13:34:57', '2025-09-18 13:34:57', 'F18'),
(26312, 279, 8, '2025-09-14', 3, 0.000000, 1, 'shift', NULL, NULL, '2025-09-18 13:34:57', '2025-09-18 13:34:57', 'F21'),
(26313, 280, 8, '2025-09-14', 3, 2692.540000, 1, 'shift', NULL, NULL, '2025-09-18 13:34:57', '2025-09-18 13:34:57', 'F22'),
(26314, 281, 8, '2025-09-14', 3, 0.000000, 1, 'shift', NULL, NULL, '2025-09-18 13:34:57', '2025-09-18 13:34:57', 'F23'),
(26315, 282, 8, '2025-09-14', 3, 0.000000, 1, 'shift', NULL, NULL, '2025-09-18 13:34:57', '2025-09-18 13:34:57', 'F24'),
(26316, 275, 9, '2025-09-14', 3, 0.000000, 1, 'shift', NULL, NULL, '2025-09-18 13:34:57', '2025-09-18 13:34:57', 'G16'),
(26317, 277, 9, '2025-09-14', 3, 8.000000, 1, 'shift', NULL, NULL, '2025-09-18 13:34:57', '2025-09-18 13:34:57', 'G18'),
(26318, 279, 9, '2025-09-14', 3, 2.640000, 1, 'shift', NULL, NULL, '2025-09-18 13:34:57', '2025-09-18 13:34:57', 'G21'),
(26319, 280, 9, '2025-09-14', 3, 2692.540000, 1, 'shift', NULL, NULL, '2025-09-18 13:34:57', '2025-09-18 13:34:57', 'G22'),
(26320, 281, 9, '2025-09-14', 3, 0.000000, 1, 'shift', NULL, NULL, '2025-09-18 13:34:57', '2025-09-18 13:34:57', 'G23'),
(26321, 282, 9, '2025-09-14', 3, 0.000000, 1, 'shift', NULL, NULL, '2025-09-18 13:34:57', '2025-09-18 13:34:57', 'G24'),
(31449, 26, 7, '2025-09-16', 1, 0.000000, 1, 'shift', NULL, NULL, '2025-09-19 04:09:52', '2025-09-19 04:09:52', 'E11'),
(31450, 27, 7, '2025-09-16', 1, 0.000000, 1, 'shift', NULL, NULL, '2025-09-19 04:09:52', '2025-09-19 04:09:52', 'E13'),
(31451, 28, 7, '2025-09-16', 1, 8.000000, 1, 'shift', NULL, NULL, '2025-09-19 04:09:52', '2025-09-19 04:09:52', 'E15'),
(31452, 29, 7, '2025-09-16', 1, 0.000000, 1, 'shift', NULL, NULL, '2025-09-19 04:09:52', '2025-09-19 04:09:52', 'E17'),
(31453, 30, 7, '2025-09-16', 1, 0.000000, 1, 'shift', NULL, NULL, '2025-09-19 04:09:52', '2025-09-19 04:09:52', 'E18'),
(31454, 37, 7, '2025-09-16', 1, 20.000000, 1, 'shift', NULL, NULL, '2025-09-19 04:09:52', '2025-09-19 04:09:52', 'E30'),
(31455, 31, 7, '2025-09-16', 1, 0.000000, 1, 'shift', NULL, NULL, '2025-09-19 04:09:52', '2025-09-19 04:09:52', 'E19'),
(31456, 32, 7, '2025-09-16', 1, 0.000000, 1, 'shift', NULL, NULL, '2025-09-19 04:09:52', '2025-09-19 04:09:52', 'E20'),
(31457, 33, 7, '2025-09-16', 1, 0.000000, 1, 'shift', NULL, NULL, '2025-09-19 04:09:52', '2025-09-19 04:09:52', 'E21'),
(31458, 34, 7, '2025-09-16', 1, 0.000000, 1, 'shift', NULL, NULL, '2025-09-19 04:09:52', '2025-09-19 04:09:52', 'E22'),
(31459, 35, 7, '2025-09-16', 1, 0.000000, 1, 'shift', NULL, NULL, '2025-09-19 04:09:52', '2025-09-19 04:09:52', 'E26'),
(31460, 36, 7, '2025-09-16', 1, 0.000000, 1, 'shift', NULL, NULL, '2025-09-19 04:09:52', '2025-09-19 04:09:52', 'E29'),
(31461, 38, 7, '2025-09-16', 1, 0.000000, 1, 'shift', NULL, NULL, '2025-09-19 04:09:52', '2025-09-19 04:09:52', 'E31'),
(31462, 39, 7, '2025-09-16', 1, 0.000000, 1, 'shift', NULL, NULL, '2025-09-19 04:09:52', '2025-09-19 04:09:52', 'E33'),
(31463, 40, 7, '2025-09-16', 1, 0.000000, 1, 'shift', NULL, NULL, '2025-09-19 04:09:52', '2025-09-19 04:09:52', 'E34'),
(31464, 41, 7, '2025-09-16', 1, 0.000000, 1, 'shift', NULL, NULL, '2025-09-19 04:09:52', '2025-09-19 04:09:52', 'E35'),
(31465, 42, 7, '2025-09-16', 1, 245.000000, 1, 'shift', NULL, NULL, '2025-09-19 04:09:52', '2025-09-19 04:09:52', 'E36'),
(31466, 43, 7, '2025-09-16', 1, 46.900000, 1, 'shift', NULL, NULL, '2025-09-19 04:09:52', '2025-09-19 04:09:52', 'E37'),
(31467, 44, 7, '2025-09-16', 1, 291.900000, 1, 'shift', NULL, NULL, '2025-09-19 04:09:52', '2025-09-19 04:09:52', 'E39'),
(31468, 45, 7, '2025-09-16', 1, 1.120000, 1, 'shift', NULL, NULL, '2025-09-19 04:09:52', '2025-09-19 04:09:52', 'E41'),
(31469, 46, 7, '2025-09-16', 1, 0.000000, 1, 'shift', NULL, NULL, '2025-09-19 04:09:52', '2025-09-19 04:09:52', 'E42'),
(31470, 47, 7, '2025-09-16', 1, 0.450000, 1, 'shift', NULL, NULL, '2025-09-19 04:09:52', '2025-09-19 04:09:52', 'E44'),
(31471, 48, 7, '2025-09-16', 1, 0.000000, 1, 'shift', NULL, NULL, '2025-09-19 04:09:52', '2025-09-19 04:09:52', 'E45'),
(31472, 49, 7, '2025-09-16', 1, 1.630000, 1, 'shift', NULL, NULL, '2025-09-19 04:09:52', '2025-09-19 04:09:52', 'E48'),
(31473, 50, 7, '2025-09-16', 1, 0.000000, 1, 'shift', NULL, NULL, '2025-09-19 04:09:52', '2025-09-19 04:09:52', 'E49'),
(31474, 51, 7, '2025-09-16', 1, 0.000000, 1, 'shift', NULL, NULL, '2025-09-19 04:09:52', '2025-09-19 04:09:52', 'E50'),
(31475, 52, 7, '2025-09-16', 1, 0.000000, 1, 'shift', NULL, NULL, '2025-09-19 04:09:52', '2025-09-19 04:09:52', 'E51'),
(31476, 53, 7, '2025-09-16', 1, 46.900000, 1, 'shift', NULL, NULL, '2025-09-19 04:09:52', '2025-09-19 04:09:52', 'E52'),
(31477, 278, 7, '2025-09-16', 1, 0.000000, 1, 'shift', NULL, NULL, '2025-09-19 04:09:52', '2025-09-19 04:09:52', 'E19'),
(31478, 26, 8, '2025-09-16', 1, 0.000000, 1, 'shift', NULL, NULL, '2025-09-19 04:09:52', '2025-09-19 04:09:52', 'F11'),
(31479, 27, 8, '2025-09-16', 1, 0.000000, 1, 'shift', NULL, NULL, '2025-09-19 04:09:52', '2025-09-19 04:09:52', 'F13'),
(31480, 28, 8, '2025-09-16', 1, 0.000000, 1, 'shift', NULL, NULL, '2025-09-19 04:09:52', '2025-09-19 04:09:52', 'F15'),
(31481, 29, 8, '2025-09-16', 1, 0.000000, 1, 'shift', NULL, NULL, '2025-09-19 04:09:52', '2025-09-19 04:09:52', 'F17'),
(31482, 30, 8, '2025-09-16', 1, 0.000000, 1, 'shift', NULL, NULL, '2025-09-19 04:09:52', '2025-09-19 04:09:52', 'F18'),
(31483, 37, 8, '2025-09-16', 1, 20.000000, 1, 'shift', NULL, NULL, '2025-09-19 04:09:52', '2025-09-19 04:09:52', 'F30'),
(31484, 31, 8, '2025-09-16', 1, 0.000000, 1, 'shift', NULL, NULL, '2025-09-19 04:09:52', '2025-09-19 04:09:52', 'F19'),
(31485, 32, 8, '2025-09-16', 1, 0.000000, 1, 'shift', NULL, NULL, '2025-09-19 04:09:52', '2025-09-19 04:09:52', 'F20'),
(31486, 33, 8, '2025-09-16', 1, 0.000000, 1, 'shift', NULL, NULL, '2025-09-19 04:09:52', '2025-09-19 04:09:52', 'F21'),
(31487, 34, 8, '2025-09-16', 1, 0.000000, 1, 'shift', NULL, NULL, '2025-09-19 04:09:52', '2025-09-19 04:09:52', 'F22'),
(31488, 35, 8, '2025-09-16', 1, 0.000000, 1, 'shift', NULL, NULL, '2025-09-19 04:09:52', '2025-09-19 04:09:52', 'F26'),
(31489, 36, 8, '2025-09-16', 1, 0.000000, 1, 'shift', NULL, NULL, '2025-09-19 04:09:52', '2025-09-19 04:09:52', 'F29'),
(31490, 38, 8, '2025-09-16', 1, 0.000000, 1, 'shift', NULL, NULL, '2025-09-19 04:09:52', '2025-09-19 04:09:52', 'F31'),
(31491, 39, 8, '2025-09-16', 1, 0.000000, 1, 'shift', NULL, NULL, '2025-09-19 04:09:52', '2025-09-19 04:09:52', 'F33'),
(31492, 40, 8, '2025-09-16', 1, 0.000000, 1, 'shift', NULL, NULL, '2025-09-19 04:09:52', '2025-09-19 04:09:52', 'F34'),
(31493, 41, 8, '2025-09-16', 1, 0.000000, 1, 'shift', NULL, NULL, '2025-09-19 04:09:52', '2025-09-19 04:09:52', 'F35'),
(31494, 42, 8, '2025-09-16', 1, 0.000000, 1, 'shift', NULL, NULL, '2025-09-19 04:09:52', '2025-09-19 04:09:52', 'F36'),
(31495, 43, 8, '2025-09-16', 1, 46.900000, 1, 'shift', NULL, NULL, '2025-09-19 04:09:52', '2025-09-19 04:09:52', 'F37'),
(31496, 44, 8, '2025-09-16', 1, 46.900000, 1, 'shift', NULL, NULL, '2025-09-19 04:09:52', '2025-09-19 04:09:52', 'F39'),
(31497, 45, 8, '2025-09-16', 1, 1.120000, 1, 'shift', NULL, NULL, '2025-09-19 04:09:52', '2025-09-19 04:09:52', 'F41'),
(31498, 46, 8, '2025-09-16', 1, 0.000000, 1, 'shift', NULL, NULL, '2025-09-19 04:09:52', '2025-09-19 04:09:52', 'F42'),
(31499, 47, 8, '2025-09-16', 1, 0.450000, 1, 'shift', NULL, NULL, '2025-09-19 04:09:52', '2025-09-19 04:09:52', 'F44'),
(31500, 48, 8, '2025-09-16', 1, 0.000000, 1, 'shift', NULL, NULL, '2025-09-19 04:09:52', '2025-09-19 04:09:52', 'F45'),
(31501, 49, 8, '2025-09-16', 1, 1.630000, 1, 'shift', NULL, NULL, '2025-09-19 04:09:52', '2025-09-19 04:09:52', 'F48'),
(31502, 50, 8, '2025-09-16', 1, 0.000000, 1, 'shift', NULL, NULL, '2025-09-19 04:09:52', '2025-09-19 04:09:52', 'F49'),
(31503, 51, 8, '2025-09-16', 1, 0.000000, 1, 'shift', NULL, NULL, '2025-09-19 04:09:52', '2025-09-19 04:09:52', 'F50'),
(31504, 52, 8, '2025-09-16', 1, 0.000000, 1, 'shift', NULL, NULL, '2025-09-19 04:09:52', '2025-09-19 04:09:52', 'F51'),
(31505, 53, 8, '2025-09-16', 1, 46.900000, 1, 'shift', NULL, NULL, '2025-09-19 04:09:52', '2025-09-19 04:09:52', 'F52'),
(31506, 278, 8, '2025-09-16', 1, 0.000000, 1, 'shift', NULL, NULL, '2025-09-19 04:09:52', '2025-09-19 04:09:52', 'F19'),
(31507, 26, 9, '2025-09-16', 1, 0.000000, 1, 'shift', NULL, NULL, '2025-09-19 04:09:52', '2025-09-19 04:09:52', 'G11'),
(31508, 27, 9, '2025-09-16', 1, 0.000000, 1, 'shift', NULL, NULL, '2025-09-19 04:09:52', '2025-09-19 04:09:52', 'G13'),
(31509, 28, 9, '2025-09-16', 1, 8.000000, 1, 'shift', NULL, NULL, '2025-09-19 04:09:52', '2025-09-19 04:09:52', 'G15'),
(31510, 29, 9, '2025-09-16', 1, 0.000000, 1, 'shift', NULL, NULL, '2025-09-19 04:09:52', '2025-09-19 04:09:52', 'G17'),
(31511, 30, 9, '2025-09-16', 1, 0.000000, 1, 'shift', NULL, NULL, '2025-09-19 04:09:52', '2025-09-19 04:09:52', 'G18'),
(31512, 37, 9, '2025-09-16', 1, 20.000000, 1, 'shift', NULL, NULL, '2025-09-19 04:09:52', '2025-09-19 04:09:52', 'G30'),
(31513, 31, 9, '2025-09-16', 1, 0.000000, 1, 'shift', NULL, NULL, '2025-09-19 04:09:52', '2025-09-19 04:09:52', 'G19'),
(31514, 32, 9, '2025-09-16', 1, 0.000000, 1, 'shift', NULL, NULL, '2025-09-19 04:09:52', '2025-09-19 04:09:52', 'G20'),
(31515, 33, 9, '2025-09-16', 1, 0.000000, 1, 'shift', NULL, NULL, '2025-09-19 04:09:52', '2025-09-19 04:09:52', 'G21'),
(31516, 34, 9, '2025-09-16', 1, 0.000000, 1, 'shift', NULL, NULL, '2025-09-19 04:09:52', '2025-09-19 04:09:52', 'G22'),
(31517, 35, 9, '2025-09-16', 1, 0.000000, 1, 'shift', NULL, NULL, '2025-09-19 04:09:52', '2025-09-19 04:09:52', 'G26'),
(31518, 36, 9, '2025-09-16', 1, 0.000000, 1, 'shift', NULL, NULL, '2025-09-19 04:09:52', '2025-09-19 04:09:52', 'G29'),
(31519, 38, 9, '2025-09-16', 1, 0.000000, 1, 'shift', NULL, NULL, '2025-09-19 04:09:52', '2025-09-19 04:09:52', 'G31'),
(31520, 39, 9, '2025-09-16', 1, 0.000000, 1, 'shift', NULL, NULL, '2025-09-19 04:09:52', '2025-09-19 04:09:52', 'G33'),
(31521, 40, 9, '2025-09-16', 1, 0.000000, 1, 'shift', NULL, NULL, '2025-09-19 04:09:52', '2025-09-19 04:09:52', 'G34'),
(31522, 41, 9, '2025-09-16', 1, 0.000000, 1, 'shift', NULL, NULL, '2025-09-19 04:09:52', '2025-09-19 04:09:52', 'G35'),
(31523, 42, 9, '2025-09-16', 1, 0.000000, 1, 'shift', NULL, NULL, '2025-09-19 04:09:52', '2025-09-19 04:09:52', 'G36'),
(31524, 43, 9, '2025-09-16', 1, 0.000000, 1, 'shift', NULL, NULL, '2025-09-19 04:09:52', '2025-09-19 04:09:52', 'G37'),
(31525, 44, 9, '2025-09-16', 1, 0.000000, 1, 'shift', NULL, NULL, '2025-09-19 04:09:52', '2025-09-19 04:09:52', 'G39'),
(31526, 45, 9, '2025-09-16', 1, 2.230000, 1, 'shift', NULL, NULL, '2025-09-19 04:09:52', '2025-09-19 04:09:52', 'G41'),
(31527, 46, 9, '2025-09-16', 1, 0.000000, 1, 'shift', NULL, NULL, '2025-09-19 04:09:52', '2025-09-19 04:09:52', 'G42'),
(31528, 47, 9, '2025-09-16', 1, 0.000000, 1, 'shift', NULL, NULL, '2025-09-19 04:09:52', '2025-09-19 04:09:52', 'G44'),
(31529, 48, 9, '2025-09-16', 1, 0.000000, 1, 'shift', NULL, NULL, '2025-09-19 04:09:52', '2025-09-19 04:09:52', 'G45'),
(31530, 49, 9, '2025-09-16', 1, 3.260000, 1, 'shift', NULL, NULL, '2025-09-19 04:09:52', '2025-09-19 04:09:52', 'G48'),
(31531, 50, 9, '2025-09-16', 1, 0.000000, 1, 'shift', NULL, NULL, '2025-09-19 04:09:52', '2025-09-19 04:09:52', 'G49'),
(31532, 51, 9, '2025-09-16', 1, 0.000000, 1, 'shift', NULL, NULL, '2025-09-19 04:09:52', '2025-09-19 04:09:52', 'G50'),
(31533, 52, 9, '2025-09-16', 1, 0.000000, 1, 'shift', NULL, NULL, '2025-09-19 04:09:52', '2025-09-19 04:09:52', 'G51'),
(31534, 53, 9, '2025-09-16', 1, 0.000000, 1, 'shift', NULL, NULL, '2025-09-19 04:09:52', '2025-09-19 04:09:52', 'G52'),
(31535, 271, 9, '2025-09-16', 1, 0.000000, 1, 'shift', NULL, NULL, '2025-09-19 04:09:52', '2025-09-19 04:09:52', 'G12'),
(31536, 272, 9, '2025-09-16', 1, 0.000000, 1, 'shift', NULL, NULL, '2025-09-19 04:09:52', '2025-09-19 04:09:52', 'G13'),
(31537, 278, 9, '2025-09-16', 1, 21.130000, 1, 'shift', NULL, NULL, '2025-09-19 04:09:52', '2025-09-19 04:09:52', 'G19'),
(31538, 275, 7, '2025-09-16', 1, 0.000000, 1, 'shift', NULL, NULL, '2025-09-19 04:09:52', '2025-09-19 04:09:52', 'E16'),
(31539, 277, 7, '2025-09-16', 1, 8.000000, 1, 'shift', NULL, NULL, '2025-09-19 04:09:52', '2025-09-19 04:09:52', 'E18'),
(31540, 279, 7, '2025-09-16', 1, 0.000000, 1, 'shift', NULL, NULL, '2025-09-19 04:09:52', '2025-09-19 04:09:52', 'E21'),
(31541, 280, 7, '2025-09-16', 1, 0.000000, 1, 'shift', NULL, NULL, '2025-09-19 04:09:52', '2025-09-19 04:09:52', 'E22'),
(31542, 281, 7, '2025-09-16', 1, 0.000000, 1, 'shift', NULL, NULL, '2025-09-19 04:09:52', '2025-09-19 04:09:52', 'E23'),
(31543, 282, 7, '2025-09-16', 1, 0.000000, 1, 'shift', NULL, NULL, '2025-09-19 04:09:52', '2025-09-19 04:09:52', 'E24'),
(31544, 275, 8, '2025-09-16', 1, 0.000000, 1, 'shift', NULL, NULL, '2025-09-19 04:09:52', '2025-09-19 04:09:52', 'F16'),
(31545, 277, 8, '2025-09-16', 1, 0.000000, 1, 'shift', NULL, NULL, '2025-09-19 04:09:52', '2025-09-19 04:09:52', 'F18'),
(31546, 279, 8, '2025-09-16', 1, 0.000000, 1, 'shift', NULL, NULL, '2025-09-19 04:09:52', '2025-09-19 04:09:52', 'F21'),
(31547, 280, 8, '2025-09-16', 1, 0.000000, 1, 'shift', NULL, NULL, '2025-09-19 04:09:52', '2025-09-19 04:09:52', 'F22');
INSERT INTO `tg_result_values` (`id`, `param_id`, `tg_id`, `date`, `shift_id`, `value`, `user_id`, `period_type`, `period_start`, `period_end`, `created_at`, `updated_at`, `cell`) VALUES
(31548, 281, 8, '2025-09-16', 1, 0.000000, 1, 'shift', NULL, NULL, '2025-09-19 04:09:52', '2025-09-19 04:09:52', 'F23'),
(31549, 282, 8, '2025-09-16', 1, 0.000000, 1, 'shift', NULL, NULL, '2025-09-19 04:09:52', '2025-09-19 04:09:52', 'F24'),
(31550, 275, 9, '2025-09-16', 1, 0.000000, 1, 'shift', NULL, NULL, '2025-09-19 04:09:52', '2025-09-19 04:09:52', 'G16'),
(31551, 277, 9, '2025-09-16', 1, 8.000000, 1, 'shift', NULL, NULL, '2025-09-19 04:09:52', '2025-09-19 04:09:52', 'G18'),
(31552, 279, 9, '2025-09-16', 1, 2.640000, 1, 'shift', NULL, NULL, '2025-09-19 04:09:52', '2025-09-19 04:09:52', 'G21'),
(31553, 280, 9, '2025-09-16', 1, 0.000000, 1, 'shift', NULL, NULL, '2025-09-19 04:09:52', '2025-09-19 04:09:52', 'G22'),
(31554, 281, 9, '2025-09-16', 1, 0.000000, 1, 'shift', NULL, NULL, '2025-09-19 04:09:52', '2025-09-19 04:09:52', 'G23'),
(31555, 282, 9, '2025-09-16', 1, 0.000000, 1, 'shift', NULL, NULL, '2025-09-19 04:09:52', '2025-09-19 04:09:52', 'G24'),
(31556, 26, 7, '2025-09-16', 2, 0.000000, 1, 'shift', NULL, NULL, '2025-09-19 04:09:52', '2025-09-19 04:09:52', 'E11'),
(31557, 27, 7, '2025-09-16', 2, 0.000000, 1, 'shift', NULL, NULL, '2025-09-19 04:09:52', '2025-09-19 04:09:52', 'E13'),
(31558, 28, 7, '2025-09-16', 2, 8.000000, 1, 'shift', NULL, NULL, '2025-09-19 04:09:52', '2025-09-19 04:09:52', 'E15'),
(31559, 29, 7, '2025-09-16', 2, 0.000000, 1, 'shift', NULL, NULL, '2025-09-19 04:09:52', '2025-09-19 04:09:52', 'E17'),
(31560, 30, 7, '2025-09-16', 2, 0.000000, 1, 'shift', NULL, NULL, '2025-09-19 04:09:52', '2025-09-19 04:09:52', 'E18'),
(31561, 37, 7, '2025-09-16', 2, 20.000000, 1, 'shift', NULL, NULL, '2025-09-19 04:09:52', '2025-09-19 04:09:52', 'E30'),
(31562, 31, 7, '2025-09-16', 2, 0.000000, 1, 'shift', NULL, NULL, '2025-09-19 04:09:52', '2025-09-19 04:09:52', 'E19'),
(31563, 32, 7, '2025-09-16', 2, 0.000000, 1, 'shift', NULL, NULL, '2025-09-19 04:09:52', '2025-09-19 04:09:52', 'E20'),
(31564, 33, 7, '2025-09-16', 2, 0.000000, 1, 'shift', NULL, NULL, '2025-09-19 04:09:52', '2025-09-19 04:09:52', 'E21'),
(31565, 34, 7, '2025-09-16', 2, 0.000000, 1, 'shift', NULL, NULL, '2025-09-19 04:09:52', '2025-09-19 04:09:52', 'E22'),
(31566, 35, 7, '2025-09-16', 2, 0.000000, 1, 'shift', NULL, NULL, '2025-09-19 04:09:52', '2025-09-19 04:09:52', 'E26'),
(31567, 36, 7, '2025-09-16', 2, 0.000000, 1, 'shift', NULL, NULL, '2025-09-19 04:09:52', '2025-09-19 04:09:52', 'E29'),
(31568, 38, 7, '2025-09-16', 2, 0.000000, 1, 'shift', NULL, NULL, '2025-09-19 04:09:52', '2025-09-19 04:09:52', 'E31'),
(31569, 39, 7, '2025-09-16', 2, 0.000000, 1, 'shift', NULL, NULL, '2025-09-19 04:09:52', '2025-09-19 04:09:52', 'E33'),
(31570, 40, 7, '2025-09-16', 2, 0.000000, 1, 'shift', NULL, NULL, '2025-09-19 04:09:52', '2025-09-19 04:09:52', 'E34'),
(31571, 41, 7, '2025-09-16', 2, 0.000000, 1, 'shift', NULL, NULL, '2025-09-19 04:09:52', '2025-09-19 04:09:52', 'E35'),
(31572, 42, 7, '2025-09-16', 2, 245.000000, 1, 'shift', NULL, NULL, '2025-09-19 04:09:52', '2025-09-19 04:09:52', 'E36'),
(31573, 43, 7, '2025-09-16', 2, 46.900000, 1, 'shift', NULL, NULL, '2025-09-19 04:09:52', '2025-09-19 04:09:52', 'E37'),
(31574, 44, 7, '2025-09-16', 2, 291.900000, 1, 'shift', NULL, NULL, '2025-09-19 04:09:52', '2025-09-19 04:09:52', 'E39'),
(31575, 45, 7, '2025-09-16', 2, 1.120000, 1, 'shift', NULL, NULL, '2025-09-19 04:09:52', '2025-09-19 04:09:52', 'E41'),
(31576, 46, 7, '2025-09-16', 2, 0.000000, 1, 'shift', NULL, NULL, '2025-09-19 04:09:52', '2025-09-19 04:09:52', 'E42'),
(31577, 47, 7, '2025-09-16', 2, 0.450000, 1, 'shift', NULL, NULL, '2025-09-19 04:09:52', '2025-09-19 04:09:52', 'E44'),
(31578, 48, 7, '2025-09-16', 2, 0.000000, 1, 'shift', NULL, NULL, '2025-09-19 04:09:52', '2025-09-19 04:09:52', 'E45'),
(31579, 49, 7, '2025-09-16', 2, 1.630000, 1, 'shift', NULL, NULL, '2025-09-19 04:09:52', '2025-09-19 04:09:52', 'E48'),
(31580, 50, 7, '2025-09-16', 2, 0.000000, 1, 'shift', NULL, NULL, '2025-09-19 04:09:52', '2025-09-19 04:09:52', 'E49'),
(31581, 51, 7, '2025-09-16', 2, 0.000000, 1, 'shift', NULL, NULL, '2025-09-19 04:09:52', '2025-09-19 04:09:52', 'E50'),
(31582, 52, 7, '2025-09-16', 2, 0.000000, 1, 'shift', NULL, NULL, '2025-09-19 04:09:52', '2025-09-19 04:09:52', 'E51'),
(31583, 53, 7, '2025-09-16', 2, 46.900000, 1, 'shift', NULL, NULL, '2025-09-19 04:09:52', '2025-09-19 04:09:52', 'E52'),
(31584, 278, 7, '2025-09-16', 2, 0.000000, 1, 'shift', NULL, NULL, '2025-09-19 04:09:52', '2025-09-19 04:09:52', 'E19'),
(31585, 26, 8, '2025-09-16', 2, 0.000000, 1, 'shift', NULL, NULL, '2025-09-19 04:09:52', '2025-09-19 04:09:52', 'F11'),
(31586, 27, 8, '2025-09-16', 2, 0.000000, 1, 'shift', NULL, NULL, '2025-09-19 04:09:52', '2025-09-19 04:09:52', 'F13'),
(31587, 28, 8, '2025-09-16', 2, 0.000000, 1, 'shift', NULL, NULL, '2025-09-19 04:09:52', '2025-09-19 04:09:52', 'F15'),
(31588, 29, 8, '2025-09-16', 2, 0.000000, 1, 'shift', NULL, NULL, '2025-09-19 04:09:52', '2025-09-19 04:09:52', 'F17'),
(31589, 30, 8, '2025-09-16', 2, 0.000000, 1, 'shift', NULL, NULL, '2025-09-19 04:09:52', '2025-09-19 04:09:52', 'F18'),
(31590, 37, 8, '2025-09-16', 2, 20.000000, 1, 'shift', NULL, NULL, '2025-09-19 04:09:53', '2025-09-19 04:09:53', 'F30'),
(31591, 31, 8, '2025-09-16', 2, 0.000000, 1, 'shift', NULL, NULL, '2025-09-19 04:09:53', '2025-09-19 04:09:53', 'F19'),
(31592, 32, 8, '2025-09-16', 2, 0.000000, 1, 'shift', NULL, NULL, '2025-09-19 04:09:53', '2025-09-19 04:09:53', 'F20'),
(31593, 33, 8, '2025-09-16', 2, 0.000000, 1, 'shift', NULL, NULL, '2025-09-19 04:09:53', '2025-09-19 04:09:53', 'F21'),
(31594, 34, 8, '2025-09-16', 2, 0.000000, 1, 'shift', NULL, NULL, '2025-09-19 04:09:53', '2025-09-19 04:09:53', 'F22'),
(31595, 35, 8, '2025-09-16', 2, 0.000000, 1, 'shift', NULL, NULL, '2025-09-19 04:09:53', '2025-09-19 04:09:53', 'F26'),
(31596, 36, 8, '2025-09-16', 2, 0.000000, 1, 'shift', NULL, NULL, '2025-09-19 04:09:53', '2025-09-19 04:09:53', 'F29'),
(31597, 38, 8, '2025-09-16', 2, 0.000000, 1, 'shift', NULL, NULL, '2025-09-19 04:09:53', '2025-09-19 04:09:53', 'F31'),
(31598, 39, 8, '2025-09-16', 2, 0.000000, 1, 'shift', NULL, NULL, '2025-09-19 04:09:53', '2025-09-19 04:09:53', 'F33'),
(31599, 40, 8, '2025-09-16', 2, 0.000000, 1, 'shift', NULL, NULL, '2025-09-19 04:09:53', '2025-09-19 04:09:53', 'F34'),
(31600, 41, 8, '2025-09-16', 2, 0.000000, 1, 'shift', NULL, NULL, '2025-09-19 04:09:53', '2025-09-19 04:09:53', 'F35'),
(31601, 42, 8, '2025-09-16', 2, 0.000000, 1, 'shift', NULL, NULL, '2025-09-19 04:09:53', '2025-09-19 04:09:53', 'F36'),
(31602, 43, 8, '2025-09-16', 2, 46.900000, 1, 'shift', NULL, NULL, '2025-09-19 04:09:53', '2025-09-19 04:09:53', 'F37'),
(31603, 44, 8, '2025-09-16', 2, 46.900000, 1, 'shift', NULL, NULL, '2025-09-19 04:09:53', '2025-09-19 04:09:53', 'F39'),
(31604, 45, 8, '2025-09-16', 2, 1.120000, 1, 'shift', NULL, NULL, '2025-09-19 04:09:53', '2025-09-19 04:09:53', 'F41'),
(31605, 46, 8, '2025-09-16', 2, 0.000000, 1, 'shift', NULL, NULL, '2025-09-19 04:09:53', '2025-09-19 04:09:53', 'F42'),
(31606, 47, 8, '2025-09-16', 2, 0.450000, 1, 'shift', NULL, NULL, '2025-09-19 04:09:53', '2025-09-19 04:09:53', 'F44'),
(31607, 48, 8, '2025-09-16', 2, 0.000000, 1, 'shift', NULL, NULL, '2025-09-19 04:09:53', '2025-09-19 04:09:53', 'F45'),
(31608, 49, 8, '2025-09-16', 2, 1.630000, 1, 'shift', NULL, NULL, '2025-09-19 04:09:53', '2025-09-19 04:09:53', 'F48'),
(31609, 50, 8, '2025-09-16', 2, 0.000000, 1, 'shift', NULL, NULL, '2025-09-19 04:09:53', '2025-09-19 04:09:53', 'F49'),
(31610, 51, 8, '2025-09-16', 2, 0.000000, 1, 'shift', NULL, NULL, '2025-09-19 04:09:53', '2025-09-19 04:09:53', 'F50'),
(31611, 52, 8, '2025-09-16', 2, 0.000000, 1, 'shift', NULL, NULL, '2025-09-19 04:09:53', '2025-09-19 04:09:53', 'F51'),
(31612, 53, 8, '2025-09-16', 2, 46.900000, 1, 'shift', NULL, NULL, '2025-09-19 04:09:53', '2025-09-19 04:09:53', 'F52'),
(31613, 278, 8, '2025-09-16', 2, 0.000000, 1, 'shift', NULL, NULL, '2025-09-19 04:09:53', '2025-09-19 04:09:53', 'F19'),
(31614, 26, 9, '2025-09-16', 2, 0.000000, 1, 'shift', NULL, NULL, '2025-09-19 04:09:53', '2025-09-19 04:09:53', 'G11'),
(31615, 27, 9, '2025-09-16', 2, 0.000000, 1, 'shift', NULL, NULL, '2025-09-19 04:09:53', '2025-09-19 04:09:53', 'G13'),
(31616, 28, 9, '2025-09-16', 2, 8.000000, 1, 'shift', NULL, NULL, '2025-09-19 04:09:53', '2025-09-19 04:09:53', 'G15'),
(31617, 29, 9, '2025-09-16', 2, 0.000000, 1, 'shift', NULL, NULL, '2025-09-19 04:09:53', '2025-09-19 04:09:53', 'G17'),
(31618, 30, 9, '2025-09-16', 2, 0.000000, 1, 'shift', NULL, NULL, '2025-09-19 04:09:53', '2025-09-19 04:09:53', 'G18'),
(31619, 37, 9, '2025-09-16', 2, 20.000000, 1, 'shift', NULL, NULL, '2025-09-19 04:09:53', '2025-09-19 04:09:53', 'G30'),
(31620, 31, 9, '2025-09-16', 2, 0.000000, 1, 'shift', NULL, NULL, '2025-09-19 04:09:53', '2025-09-19 04:09:53', 'G19'),
(31621, 32, 9, '2025-09-16', 2, 0.000000, 1, 'shift', NULL, NULL, '2025-09-19 04:09:53', '2025-09-19 04:09:53', 'G20'),
(31622, 33, 9, '2025-09-16', 2, 0.000000, 1, 'shift', NULL, NULL, '2025-09-19 04:09:53', '2025-09-19 04:09:53', 'G21'),
(31623, 34, 9, '2025-09-16', 2, 0.000000, 1, 'shift', NULL, NULL, '2025-09-19 04:09:53', '2025-09-19 04:09:53', 'G22'),
(31624, 35, 9, '2025-09-16', 2, 0.000000, 1, 'shift', NULL, NULL, '2025-09-19 04:09:53', '2025-09-19 04:09:53', 'G26'),
(31625, 36, 9, '2025-09-16', 2, 0.000000, 1, 'shift', NULL, NULL, '2025-09-19 04:09:53', '2025-09-19 04:09:53', 'G29'),
(31626, 38, 9, '2025-09-16', 2, 0.000000, 1, 'shift', NULL, NULL, '2025-09-19 04:09:53', '2025-09-19 04:09:53', 'G31'),
(31627, 39, 9, '2025-09-16', 2, 0.000000, 1, 'shift', NULL, NULL, '2025-09-19 04:09:53', '2025-09-19 04:09:53', 'G33'),
(31628, 40, 9, '2025-09-16', 2, 0.000000, 1, 'shift', NULL, NULL, '2025-09-19 04:09:53', '2025-09-19 04:09:53', 'G34'),
(31629, 41, 9, '2025-09-16', 2, 0.000000, 1, 'shift', NULL, NULL, '2025-09-19 04:09:53', '2025-09-19 04:09:53', 'G35'),
(31630, 42, 9, '2025-09-16', 2, 0.000000, 1, 'shift', NULL, NULL, '2025-09-19 04:09:53', '2025-09-19 04:09:53', 'G36'),
(31631, 43, 9, '2025-09-16', 2, 0.000000, 1, 'shift', NULL, NULL, '2025-09-19 04:09:53', '2025-09-19 04:09:53', 'G37'),
(31632, 44, 9, '2025-09-16', 2, 0.000000, 1, 'shift', NULL, NULL, '2025-09-19 04:09:53', '2025-09-19 04:09:53', 'G39'),
(31633, 45, 9, '2025-09-16', 2, 2.230000, 1, 'shift', NULL, NULL, '2025-09-19 04:09:53', '2025-09-19 04:09:53', 'G41'),
(31634, 46, 9, '2025-09-16', 2, 0.000000, 1, 'shift', NULL, NULL, '2025-09-19 04:09:53', '2025-09-19 04:09:53', 'G42'),
(31635, 47, 9, '2025-09-16', 2, 0.000000, 1, 'shift', NULL, NULL, '2025-09-19 04:09:53', '2025-09-19 04:09:53', 'G44'),
(31636, 48, 9, '2025-09-16', 2, 0.000000, 1, 'shift', NULL, NULL, '2025-09-19 04:09:53', '2025-09-19 04:09:53', 'G45'),
(31637, 49, 9, '2025-09-16', 2, 3.260000, 1, 'shift', NULL, NULL, '2025-09-19 04:09:53', '2025-09-19 04:09:53', 'G48'),
(31638, 50, 9, '2025-09-16', 2, 0.000000, 1, 'shift', NULL, NULL, '2025-09-19 04:09:53', '2025-09-19 04:09:53', 'G49'),
(31639, 51, 9, '2025-09-16', 2, 0.000000, 1, 'shift', NULL, NULL, '2025-09-19 04:09:53', '2025-09-19 04:09:53', 'G50'),
(31640, 52, 9, '2025-09-16', 2, 0.000000, 1, 'shift', NULL, NULL, '2025-09-19 04:09:53', '2025-09-19 04:09:53', 'G51'),
(31641, 53, 9, '2025-09-16', 2, 0.000000, 1, 'shift', NULL, NULL, '2025-09-19 04:09:53', '2025-09-19 04:09:53', 'G52'),
(31642, 271, 9, '2025-09-16', 2, 0.000000, 1, 'shift', NULL, NULL, '2025-09-19 04:09:53', '2025-09-19 04:09:53', 'G12'),
(31643, 272, 9, '2025-09-16', 2, 0.000000, 1, 'shift', NULL, NULL, '2025-09-19 04:09:53', '2025-09-19 04:09:53', 'G13'),
(31644, 278, 9, '2025-09-16', 2, 21.130000, 1, 'shift', NULL, NULL, '2025-09-19 04:09:53', '2025-09-19 04:09:53', 'G19'),
(31645, 275, 7, '2025-09-16', 2, 0.000000, 1, 'shift', NULL, NULL, '2025-09-19 04:09:53', '2025-09-19 04:09:53', 'E16'),
(31646, 277, 7, '2025-09-16', 2, 8.000000, 1, 'shift', NULL, NULL, '2025-09-19 04:09:53', '2025-09-19 04:09:53', 'E18'),
(31647, 279, 7, '2025-09-16', 2, 0.000000, 1, 'shift', NULL, NULL, '2025-09-19 04:09:53', '2025-09-19 04:09:53', 'E21'),
(31648, 280, 7, '2025-09-16', 2, 0.000000, 1, 'shift', NULL, NULL, '2025-09-19 04:09:53', '2025-09-19 04:09:53', 'E22'),
(31649, 281, 7, '2025-09-16', 2, 0.000000, 1, 'shift', NULL, NULL, '2025-09-19 04:09:53', '2025-09-19 04:09:53', 'E23'),
(31650, 282, 7, '2025-09-16', 2, 0.000000, 1, 'shift', NULL, NULL, '2025-09-19 04:09:53', '2025-09-19 04:09:53', 'E24'),
(31651, 275, 8, '2025-09-16', 2, 0.000000, 1, 'shift', NULL, NULL, '2025-09-19 04:09:53', '2025-09-19 04:09:53', 'F16'),
(31652, 277, 8, '2025-09-16', 2, 0.000000, 1, 'shift', NULL, NULL, '2025-09-19 04:09:53', '2025-09-19 04:09:53', 'F18'),
(31653, 279, 8, '2025-09-16', 2, 0.000000, 1, 'shift', NULL, NULL, '2025-09-19 04:09:53', '2025-09-19 04:09:53', 'F21'),
(31654, 280, 8, '2025-09-16', 2, 0.000000, 1, 'shift', NULL, NULL, '2025-09-19 04:09:53', '2025-09-19 04:09:53', 'F22'),
(31655, 281, 8, '2025-09-16', 2, 0.000000, 1, 'shift', NULL, NULL, '2025-09-19 04:09:53', '2025-09-19 04:09:53', 'F23'),
(31656, 282, 8, '2025-09-16', 2, 0.000000, 1, 'shift', NULL, NULL, '2025-09-19 04:09:53', '2025-09-19 04:09:53', 'F24'),
(31657, 275, 9, '2025-09-16', 2, 0.000000, 1, 'shift', NULL, NULL, '2025-09-19 04:09:53', '2025-09-19 04:09:53', 'G16'),
(31658, 277, 9, '2025-09-16', 2, 8.000000, 1, 'shift', NULL, NULL, '2025-09-19 04:09:53', '2025-09-19 04:09:53', 'G18'),
(31659, 279, 9, '2025-09-16', 2, 2.640000, 1, 'shift', NULL, NULL, '2025-09-19 04:09:53', '2025-09-19 04:09:53', 'G21'),
(31660, 280, 9, '2025-09-16', 2, 0.000000, 1, 'shift', NULL, NULL, '2025-09-19 04:09:53', '2025-09-19 04:09:53', 'G22'),
(31661, 281, 9, '2025-09-16', 2, 0.000000, 1, 'shift', NULL, NULL, '2025-09-19 04:09:53', '2025-09-19 04:09:53', 'G23'),
(31662, 282, 9, '2025-09-16', 2, 0.000000, 1, 'shift', NULL, NULL, '2025-09-19 04:09:53', '2025-09-19 04:09:53', 'G24'),
(31663, 26, 7, '2025-09-16', 3, 0.000000, 1, 'shift', NULL, NULL, '2025-09-19 04:09:53', '2025-09-19 04:09:53', 'E11'),
(31664, 27, 7, '2025-09-16', 3, 0.000000, 1, 'shift', NULL, NULL, '2025-09-19 04:09:53', '2025-09-19 04:09:53', 'E13'),
(31665, 28, 7, '2025-09-16', 3, 8.000000, 1, 'shift', NULL, NULL, '2025-09-19 04:09:53', '2025-09-19 04:09:53', 'E15'),
(31666, 29, 7, '2025-09-16', 3, 0.000000, 1, 'shift', NULL, NULL, '2025-09-19 04:09:53', '2025-09-19 04:09:53', 'E17'),
(31667, 30, 7, '2025-09-16', 3, 0.000000, 1, 'shift', NULL, NULL, '2025-09-19 04:09:53', '2025-09-19 04:09:53', 'E18'),
(31668, 37, 7, '2025-09-16', 3, 20.000000, 1, 'shift', NULL, NULL, '2025-09-19 04:09:53', '2025-09-19 04:09:53', 'E30'),
(31669, 31, 7, '2025-09-16', 3, 0.000000, 1, 'shift', NULL, NULL, '2025-09-19 04:09:53', '2025-09-19 04:09:53', 'E19'),
(31670, 32, 7, '2025-09-16', 3, 0.000000, 1, 'shift', NULL, NULL, '2025-09-19 04:09:53', '2025-09-19 04:09:53', 'E20'),
(31671, 33, 7, '2025-09-16', 3, 0.000000, 1, 'shift', NULL, NULL, '2025-09-19 04:09:53', '2025-09-19 04:09:53', 'E21'),
(31672, 34, 7, '2025-09-16', 3, 0.000000, 1, 'shift', NULL, NULL, '2025-09-19 04:09:53', '2025-09-19 04:09:53', 'E22'),
(31673, 35, 7, '2025-09-16', 3, 0.000000, 1, 'shift', NULL, NULL, '2025-09-19 04:09:53', '2025-09-19 04:09:53', 'E26'),
(31674, 36, 7, '2025-09-16', 3, 0.000000, 1, 'shift', NULL, NULL, '2025-09-19 04:09:53', '2025-09-19 04:09:53', 'E29'),
(31675, 38, 7, '2025-09-16', 3, 0.000000, 1, 'shift', NULL, NULL, '2025-09-19 04:09:53', '2025-09-19 04:09:53', 'E31'),
(31676, 39, 7, '2025-09-16', 3, 0.000000, 1, 'shift', NULL, NULL, '2025-09-19 04:09:53', '2025-09-19 04:09:53', 'E33'),
(31677, 40, 7, '2025-09-16', 3, 0.000000, 1, 'shift', NULL, NULL, '2025-09-19 04:09:53', '2025-09-19 04:09:53', 'E34'),
(31678, 41, 7, '2025-09-16', 3, 0.000000, 1, 'shift', NULL, NULL, '2025-09-19 04:09:53', '2025-09-19 04:09:53', 'E35'),
(31679, 42, 7, '2025-09-16', 3, 245.000000, 1, 'shift', NULL, NULL, '2025-09-19 04:09:53', '2025-09-19 04:09:53', 'E36'),
(31680, 43, 7, '2025-09-16', 3, 46.900000, 1, 'shift', NULL, NULL, '2025-09-19 04:09:53', '2025-09-19 04:09:53', 'E37'),
(31681, 44, 7, '2025-09-16', 3, 291.900000, 1, 'shift', NULL, NULL, '2025-09-19 04:09:53', '2025-09-19 04:09:53', 'E39'),
(31682, 45, 7, '2025-09-16', 3, 1.120000, 1, 'shift', NULL, NULL, '2025-09-19 04:09:53', '2025-09-19 04:09:53', 'E41'),
(31683, 46, 7, '2025-09-16', 3, 0.000000, 1, 'shift', NULL, NULL, '2025-09-19 04:09:53', '2025-09-19 04:09:53', 'E42'),
(31684, 47, 7, '2025-09-16', 3, 0.450000, 1, 'shift', NULL, NULL, '2025-09-19 04:09:53', '2025-09-19 04:09:53', 'E44'),
(31685, 48, 7, '2025-09-16', 3, 0.000000, 1, 'shift', NULL, NULL, '2025-09-19 04:09:53', '2025-09-19 04:09:53', 'E45'),
(31686, 49, 7, '2025-09-16', 3, 1.630000, 1, 'shift', NULL, NULL, '2025-09-19 04:09:53', '2025-09-19 04:09:53', 'E48'),
(31687, 50, 7, '2025-09-16', 3, 0.000000, 1, 'shift', NULL, NULL, '2025-09-19 04:09:53', '2025-09-19 04:09:53', 'E49'),
(31688, 51, 7, '2025-09-16', 3, 0.000000, 1, 'shift', NULL, NULL, '2025-09-19 04:09:53', '2025-09-19 04:09:53', 'E50'),
(31689, 52, 7, '2025-09-16', 3, 0.000000, 1, 'shift', NULL, NULL, '2025-09-19 04:09:53', '2025-09-19 04:09:53', 'E51'),
(31690, 53, 7, '2025-09-16', 3, 46.900000, 1, 'shift', NULL, NULL, '2025-09-19 04:09:53', '2025-09-19 04:09:53', 'E52'),
(31691, 278, 7, '2025-09-16', 3, 0.000000, 1, 'shift', NULL, NULL, '2025-09-19 04:09:53', '2025-09-19 04:09:53', 'E19'),
(31692, 26, 8, '2025-09-16', 3, 0.000000, 1, 'shift', NULL, NULL, '2025-09-19 04:09:53', '2025-09-19 04:09:53', 'F11'),
(31693, 27, 8, '2025-09-16', 3, 0.000000, 1, 'shift', NULL, NULL, '2025-09-19 04:09:53', '2025-09-19 04:09:53', 'F13'),
(31694, 28, 8, '2025-09-16', 3, 0.000000, 1, 'shift', NULL, NULL, '2025-09-19 04:09:53', '2025-09-19 04:09:53', 'F15'),
(31695, 29, 8, '2025-09-16', 3, 0.000000, 1, 'shift', NULL, NULL, '2025-09-19 04:09:53', '2025-09-19 04:09:53', 'F17'),
(31696, 30, 8, '2025-09-16', 3, 0.000000, 1, 'shift', NULL, NULL, '2025-09-19 04:09:53', '2025-09-19 04:09:53', 'F18'),
(31697, 37, 8, '2025-09-16', 3, 20.000000, 1, 'shift', NULL, NULL, '2025-09-19 04:09:53', '2025-09-19 04:09:53', 'F30'),
(31698, 31, 8, '2025-09-16', 3, 0.000000, 1, 'shift', NULL, NULL, '2025-09-19 04:09:53', '2025-09-19 04:09:53', 'F19'),
(31699, 32, 8, '2025-09-16', 3, 0.000000, 1, 'shift', NULL, NULL, '2025-09-19 04:09:53', '2025-09-19 04:09:53', 'F20'),
(31700, 33, 8, '2025-09-16', 3, 0.000000, 1, 'shift', NULL, NULL, '2025-09-19 04:09:53', '2025-09-19 04:09:53', 'F21'),
(31701, 34, 8, '2025-09-16', 3, 0.000000, 1, 'shift', NULL, NULL, '2025-09-19 04:09:53', '2025-09-19 04:09:53', 'F22'),
(31702, 35, 8, '2025-09-16', 3, 0.000000, 1, 'shift', NULL, NULL, '2025-09-19 04:09:53', '2025-09-19 04:09:53', 'F26'),
(31703, 36, 8, '2025-09-16', 3, 0.000000, 1, 'shift', NULL, NULL, '2025-09-19 04:09:53', '2025-09-19 04:09:53', 'F29'),
(31704, 38, 8, '2025-09-16', 3, 0.000000, 1, 'shift', NULL, NULL, '2025-09-19 04:09:53', '2025-09-19 04:09:53', 'F31'),
(31705, 39, 8, '2025-09-16', 3, 0.000000, 1, 'shift', NULL, NULL, '2025-09-19 04:09:53', '2025-09-19 04:09:53', 'F33'),
(31706, 40, 8, '2025-09-16', 3, 0.000000, 1, 'shift', NULL, NULL, '2025-09-19 04:09:53', '2025-09-19 04:09:53', 'F34'),
(31707, 41, 8, '2025-09-16', 3, 0.000000, 1, 'shift', NULL, NULL, '2025-09-19 04:09:53', '2025-09-19 04:09:53', 'F35'),
(31708, 42, 8, '2025-09-16', 3, 0.000000, 1, 'shift', NULL, NULL, '2025-09-19 04:09:53', '2025-09-19 04:09:53', 'F36'),
(31709, 43, 8, '2025-09-16', 3, 46.900000, 1, 'shift', NULL, NULL, '2025-09-19 04:09:53', '2025-09-19 04:09:53', 'F37'),
(31710, 44, 8, '2025-09-16', 3, 46.900000, 1, 'shift', NULL, NULL, '2025-09-19 04:09:53', '2025-09-19 04:09:53', 'F39'),
(31711, 45, 8, '2025-09-16', 3, 1.120000, 1, 'shift', NULL, NULL, '2025-09-19 04:09:53', '2025-09-19 04:09:53', 'F41'),
(31712, 46, 8, '2025-09-16', 3, 0.000000, 1, 'shift', NULL, NULL, '2025-09-19 04:09:53', '2025-09-19 04:09:53', 'F42'),
(31713, 47, 8, '2025-09-16', 3, 0.450000, 1, 'shift', NULL, NULL, '2025-09-19 04:09:53', '2025-09-19 04:09:53', 'F44'),
(31714, 48, 8, '2025-09-16', 3, 0.000000, 1, 'shift', NULL, NULL, '2025-09-19 04:09:53', '2025-09-19 04:09:53', 'F45'),
(31715, 49, 8, '2025-09-16', 3, 1.630000, 1, 'shift', NULL, NULL, '2025-09-19 04:09:53', '2025-09-19 04:09:53', 'F48'),
(31716, 50, 8, '2025-09-16', 3, 0.000000, 1, 'shift', NULL, NULL, '2025-09-19 04:09:53', '2025-09-19 04:09:53', 'F49'),
(31717, 51, 8, '2025-09-16', 3, 0.000000, 1, 'shift', NULL, NULL, '2025-09-19 04:09:53', '2025-09-19 04:09:53', 'F50'),
(31718, 52, 8, '2025-09-16', 3, 0.000000, 1, 'shift', NULL, NULL, '2025-09-19 04:09:53', '2025-09-19 04:09:53', 'F51'),
(31719, 53, 8, '2025-09-16', 3, 46.900000, 1, 'shift', NULL, NULL, '2025-09-19 04:09:53', '2025-09-19 04:09:53', 'F52'),
(31720, 278, 8, '2025-09-16', 3, 0.000000, 1, 'shift', NULL, NULL, '2025-09-19 04:09:53', '2025-09-19 04:09:53', 'F19'),
(31721, 26, 9, '2025-09-16', 3, 0.000000, 1, 'shift', NULL, NULL, '2025-09-19 04:09:53', '2025-09-19 04:09:53', 'G11'),
(31722, 27, 9, '2025-09-16', 3, 0.000000, 1, 'shift', NULL, NULL, '2025-09-19 04:09:53', '2025-09-19 04:09:53', 'G13'),
(31723, 28, 9, '2025-09-16', 3, 8.000000, 1, 'shift', NULL, NULL, '2025-09-19 04:09:53', '2025-09-19 04:09:53', 'G15'),
(31724, 29, 9, '2025-09-16', 3, 0.000000, 1, 'shift', NULL, NULL, '2025-09-19 04:09:53', '2025-09-19 04:09:53', 'G17'),
(31725, 30, 9, '2025-09-16', 3, 0.000000, 1, 'shift', NULL, NULL, '2025-09-19 04:09:53', '2025-09-19 04:09:53', 'G18'),
(31726, 37, 9, '2025-09-16', 3, 20.000000, 1, 'shift', NULL, NULL, '2025-09-19 04:09:53', '2025-09-19 04:09:53', 'G30'),
(31727, 31, 9, '2025-09-16', 3, 0.000000, 1, 'shift', NULL, NULL, '2025-09-19 04:09:53', '2025-09-19 04:09:53', 'G19'),
(31728, 32, 9, '2025-09-16', 3, 0.000000, 1, 'shift', NULL, NULL, '2025-09-19 04:09:53', '2025-09-19 04:09:53', 'G20'),
(31729, 33, 9, '2025-09-16', 3, 0.000000, 1, 'shift', NULL, NULL, '2025-09-19 04:09:53', '2025-09-19 04:09:53', 'G21'),
(31730, 34, 9, '2025-09-16', 3, 0.000000, 1, 'shift', NULL, NULL, '2025-09-19 04:09:53', '2025-09-19 04:09:53', 'G22'),
(31731, 35, 9, '2025-09-16', 3, 0.000000, 1, 'shift', NULL, NULL, '2025-09-19 04:09:53', '2025-09-19 04:09:53', 'G26'),
(31732, 36, 9, '2025-09-16', 3, 0.000000, 1, 'shift', NULL, NULL, '2025-09-19 04:09:53', '2025-09-19 04:09:53', 'G29'),
(31733, 38, 9, '2025-09-16', 3, 0.000000, 1, 'shift', NULL, NULL, '2025-09-19 04:09:53', '2025-09-19 04:09:53', 'G31'),
(31734, 39, 9, '2025-09-16', 3, 0.000000, 1, 'shift', NULL, NULL, '2025-09-19 04:09:53', '2025-09-19 04:09:53', 'G33'),
(31735, 40, 9, '2025-09-16', 3, 0.000000, 1, 'shift', NULL, NULL, '2025-09-19 04:09:53', '2025-09-19 04:09:53', 'G34'),
(31736, 41, 9, '2025-09-16', 3, 0.000000, 1, 'shift', NULL, NULL, '2025-09-19 04:09:53', '2025-09-19 04:09:53', 'G35'),
(31737, 42, 9, '2025-09-16', 3, 0.000000, 1, 'shift', NULL, NULL, '2025-09-19 04:09:53', '2025-09-19 04:09:53', 'G36'),
(31738, 43, 9, '2025-09-16', 3, 0.000000, 1, 'shift', NULL, NULL, '2025-09-19 04:09:53', '2025-09-19 04:09:53', 'G37'),
(31739, 44, 9, '2025-09-16', 3, 0.000000, 1, 'shift', NULL, NULL, '2025-09-19 04:09:53', '2025-09-19 04:09:53', 'G39'),
(31740, 45, 9, '2025-09-16', 3, 2.230000, 1, 'shift', NULL, NULL, '2025-09-19 04:09:53', '2025-09-19 04:09:53', 'G41'),
(31741, 46, 9, '2025-09-16', 3, 0.000000, 1, 'shift', NULL, NULL, '2025-09-19 04:09:53', '2025-09-19 04:09:53', 'G42'),
(31742, 47, 9, '2025-09-16', 3, 0.000000, 1, 'shift', NULL, NULL, '2025-09-19 04:09:53', '2025-09-19 04:09:53', 'G44'),
(31743, 48, 9, '2025-09-16', 3, 0.000000, 1, 'shift', NULL, NULL, '2025-09-19 04:09:53', '2025-09-19 04:09:53', 'G45'),
(31744, 49, 9, '2025-09-16', 3, 3.260000, 1, 'shift', NULL, NULL, '2025-09-19 04:09:53', '2025-09-19 04:09:53', 'G48'),
(31745, 50, 9, '2025-09-16', 3, 0.000000, 1, 'shift', NULL, NULL, '2025-09-19 04:09:53', '2025-09-19 04:09:53', 'G49'),
(31746, 51, 9, '2025-09-16', 3, 0.000000, 1, 'shift', NULL, NULL, '2025-09-19 04:09:53', '2025-09-19 04:09:53', 'G50'),
(31747, 52, 9, '2025-09-16', 3, 0.000000, 1, 'shift', NULL, NULL, '2025-09-19 04:09:53', '2025-09-19 04:09:53', 'G51'),
(31748, 53, 9, '2025-09-16', 3, 0.000000, 1, 'shift', NULL, NULL, '2025-09-19 04:09:53', '2025-09-19 04:09:53', 'G52'),
(31749, 271, 9, '2025-09-16', 3, 0.000000, 1, 'shift', NULL, NULL, '2025-09-19 04:09:53', '2025-09-19 04:09:53', 'G12'),
(31750, 272, 9, '2025-09-16', 3, 0.000000, 1, 'shift', NULL, NULL, '2025-09-19 04:09:53', '2025-09-19 04:09:53', 'G13'),
(31751, 278, 9, '2025-09-16', 3, 21.130000, 1, 'shift', NULL, NULL, '2025-09-19 04:09:53', '2025-09-19 04:09:53', 'G19'),
(31752, 275, 7, '2025-09-16', 3, 0.000000, 1, 'shift', NULL, NULL, '2025-09-19 04:09:53', '2025-09-19 04:09:53', 'E16'),
(31753, 277, 7, '2025-09-16', 3, 8.000000, 1, 'shift', NULL, NULL, '2025-09-19 04:09:53', '2025-09-19 04:09:53', 'E18'),
(31754, 279, 7, '2025-09-16', 3, 0.000000, 1, 'shift', NULL, NULL, '2025-09-19 04:09:53', '2025-09-19 04:09:53', 'E21'),
(31755, 280, 7, '2025-09-16', 3, 0.000000, 1, 'shift', NULL, NULL, '2025-09-19 04:09:53', '2025-09-19 04:09:53', 'E22'),
(31756, 281, 7, '2025-09-16', 3, 0.000000, 1, 'shift', NULL, NULL, '2025-09-19 04:09:53', '2025-09-19 04:09:53', 'E23'),
(31757, 282, 7, '2025-09-16', 3, 0.000000, 1, 'shift', NULL, NULL, '2025-09-19 04:09:53', '2025-09-19 04:09:53', 'E24'),
(31758, 275, 8, '2025-09-16', 3, 0.000000, 1, 'shift', NULL, NULL, '2025-09-19 04:09:53', '2025-09-19 04:09:53', 'F16'),
(31759, 277, 8, '2025-09-16', 3, 0.000000, 1, 'shift', NULL, NULL, '2025-09-19 04:09:53', '2025-09-19 04:09:53', 'F18'),
(31760, 279, 8, '2025-09-16', 3, 0.000000, 1, 'shift', NULL, NULL, '2025-09-19 04:09:53', '2025-09-19 04:09:53', 'F21'),
(31761, 280, 8, '2025-09-16', 3, 0.000000, 1, 'shift', NULL, NULL, '2025-09-19 04:09:53', '2025-09-19 04:09:53', 'F22'),
(31762, 281, 8, '2025-09-16', 3, 0.000000, 1, 'shift', NULL, NULL, '2025-09-19 04:09:53', '2025-09-19 04:09:53', 'F23'),
(31763, 282, 8, '2025-09-16', 3, 0.000000, 1, 'shift', NULL, NULL, '2025-09-19 04:09:53', '2025-09-19 04:09:53', 'F24'),
(31764, 275, 9, '2025-09-16', 3, 0.000000, 1, 'shift', NULL, NULL, '2025-09-19 04:09:53', '2025-09-19 04:09:53', 'G16'),
(31765, 277, 9, '2025-09-16', 3, 8.000000, 1, 'shift', NULL, NULL, '2025-09-19 04:09:53', '2025-09-19 04:09:53', 'G18'),
(31766, 279, 9, '2025-09-16', 3, 2.640000, 1, 'shift', NULL, NULL, '2025-09-19 04:09:53', '2025-09-19 04:09:53', 'G21'),
(31767, 280, 9, '2025-09-16', 3, 0.000000, 1, 'shift', NULL, NULL, '2025-09-19 04:09:53', '2025-09-19 04:09:53', 'G22'),
(31768, 281, 9, '2025-09-16', 3, 0.000000, 1, 'shift', NULL, NULL, '2025-09-19 04:09:53', '2025-09-19 04:09:53', 'G23'),
(31769, 282, 9, '2025-09-16', 3, 0.000000, 1, 'shift', NULL, NULL, '2025-09-19 04:09:53', '2025-09-19 04:09:53', 'G24'),
(31770, 26, 7, '2025-09-15', 1, 1575.000000, 1, 'shift', NULL, NULL, '2025-09-19 04:10:04', '2025-09-19 04:10:04', 'E11'),
(31771, 27, 7, '2025-09-15', 1, 1503.000000, 1, 'shift', NULL, NULL, '2025-09-19 04:10:04', '2025-09-19 04:10:04', 'E13'),
(31772, 28, 7, '2025-09-15', 1, 8.000000, 1, 'shift', NULL, NULL, '2025-09-19 04:10:04', '2025-09-19 04:10:04', 'E15'),
(31773, 29, 7, '2025-09-15', 1, 0.000000, 1, 'shift', NULL, NULL, '2025-09-19 04:10:04', '2025-09-19 04:10:04', 'E17'),
(31774, 30, 7, '2025-09-15', 1, 0.000000, 1, 'shift', NULL, NULL, '2025-09-19 04:10:04', '2025-09-19 04:10:04', 'E18'),
(31775, 37, 7, '2025-09-15', 1, 463.340000, 1, 'shift', NULL, NULL, '2025-09-19 04:10:04', '2025-09-19 04:10:04', 'E30'),
(31776, 31, 7, '2025-09-15', 1, 0.000000, 1, 'shift', NULL, NULL, '2025-09-19 04:10:04', '2025-09-19 04:10:04', 'E19'),
(31777, 32, 7, '2025-09-15', 1, 0.000000, 1, 'shift', NULL, NULL, '2025-09-19 04:10:04', '2025-09-19 04:10:04', 'E20'),
(31778, 33, 7, '2025-09-15', 1, 0.000000, 1, 'shift', NULL, NULL, '2025-09-19 04:10:04', '2025-09-19 04:10:04', 'E21'),
(31779, 34, 7, '2025-09-15', 1, 0.000000, 1, 'shift', NULL, NULL, '2025-09-19 04:10:04', '2025-09-19 04:10:04', 'E22'),
(31780, 35, 7, '2025-09-15', 1, 196.880000, 1, 'shift', NULL, NULL, '2025-09-19 04:10:04', '2025-09-19 04:10:04', 'E26'),
(31781, 36, 7, '2025-09-15', 1, 665.010000, 1, 'shift', NULL, NULL, '2025-09-19 04:10:04', '2025-09-19 04:10:04', 'E29'),
(31782, 38, 7, '2025-09-15', 1, 2228.940000, 1, 'shift', NULL, NULL, '2025-09-19 04:10:04', '2025-09-19 04:10:04', 'E31'),
(31783, 39, 7, '2025-09-15', 1, 0.000000, 1, 'shift', NULL, NULL, '2025-09-19 04:10:04', '2025-09-19 04:10:04', 'E33'),
(31784, 40, 7, '2025-09-15', 1, 42.910000, 1, 'shift', NULL, NULL, '2025-09-19 04:10:04', '2025-09-19 04:10:04', 'E34'),
(31785, 41, 7, '2025-09-15', 1, 0.000000, 1, 'shift', NULL, NULL, '2025-09-19 04:10:04', '2025-09-19 04:10:04', 'E35'),
(31786, 42, 7, '2025-09-15', 1, 245.000000, 1, 'shift', NULL, NULL, '2025-09-19 04:10:04', '2025-09-19 04:10:04', 'E36'),
(31787, 43, 7, '2025-09-15', 1, 46.900000, 1, 'shift', NULL, NULL, '2025-09-19 04:10:04', '2025-09-19 04:10:04', 'E37'),
(31788, 44, 7, '2025-09-15', 1, 2563.750000, 1, 'shift', NULL, NULL, '2025-09-19 04:10:04', '2025-09-19 04:10:04', 'E39'),
(31789, 45, 7, '2025-09-15', 1, 1.570000, 1, 'shift', NULL, NULL, '2025-09-19 04:10:04', '2025-09-19 04:10:04', 'E41'),
(31790, 46, 7, '2025-09-15', 1, 0.800000, 1, 'shift', NULL, NULL, '2025-09-19 04:10:04', '2025-09-19 04:10:04', 'E42'),
(31791, 47, 7, '2025-09-15', 1, 0.450000, 1, 'shift', NULL, NULL, '2025-09-19 04:10:04', '2025-09-19 04:10:04', 'E44'),
(31792, 48, 7, '2025-09-15', 1, 0.230000, 1, 'shift', NULL, NULL, '2025-09-19 04:10:04', '2025-09-19 04:10:04', 'E45'),
(31793, 49, 7, '2025-09-15', 1, 2.100000, 1, 'shift', NULL, NULL, '2025-09-19 04:10:04', '2025-09-19 04:10:04', 'E48'),
(31794, 50, 7, '2025-09-15', 1, 1.070000, 1, 'shift', NULL, NULL, '2025-09-19 04:10:04', '2025-09-19 04:10:04', 'E49'),
(31795, 51, 7, '2025-09-15', 1, 504.740000, 1, 'shift', NULL, NULL, '2025-09-19 04:10:04', '2025-09-19 04:10:04', 'E50'),
(31796, 52, 7, '2025-09-15', 1, 0.250000, 1, 'shift', NULL, NULL, '2025-09-19 04:10:04', '2025-09-19 04:10:04', 'E51'),
(31797, 53, 7, '2025-09-15', 1, 2597.820000, 1, 'shift', NULL, NULL, '2025-09-19 04:10:04', '2025-09-19 04:10:04', 'E52'),
(31798, 278, 7, '2025-09-15', 1, 0.000000, 1, 'shift', NULL, NULL, '2025-09-19 04:10:04', '2025-09-19 04:10:04', 'E19'),
(31799, 26, 8, '2025-09-15', 1, 630.000000, 1, 'shift', NULL, NULL, '2025-09-19 04:10:04', '2025-09-19 04:10:04', 'F11'),
(31800, 27, 8, '2025-09-15', 1, 582.000000, 1, 'shift', NULL, NULL, '2025-09-19 04:10:04', '2025-09-19 04:10:04', 'F13'),
(31801, 28, 8, '2025-09-15', 1, 0.000000, 1, 'shift', NULL, NULL, '2025-09-19 04:10:04', '2025-09-19 04:10:04', 'F15'),
(31802, 29, 8, '2025-09-15', 1, 0.000000, 1, 'shift', NULL, NULL, '2025-09-19 04:10:04', '2025-09-19 04:10:04', 'F17'),
(31803, 30, 8, '2025-09-15', 1, 0.000000, 1, 'shift', NULL, NULL, '2025-09-19 04:10:04', '2025-09-19 04:10:04', 'F18'),
(31804, 37, 8, '2025-09-15', 1, 0.000000, 1, 'shift', NULL, NULL, '2025-09-19 04:10:04', '2025-09-19 04:10:04', 'F30'),
(31805, 31, 8, '2025-09-15', 1, 0.000000, 1, 'shift', NULL, NULL, '2025-09-19 04:10:04', '2025-09-19 04:10:04', 'F19'),
(31806, 32, 8, '2025-09-15', 1, 0.000000, 1, 'shift', NULL, NULL, '2025-09-19 04:10:04', '2025-09-19 04:10:04', 'F20'),
(31807, 33, 8, '2025-09-15', 1, 0.000000, 1, 'shift', NULL, NULL, '2025-09-19 04:10:04', '2025-09-19 04:10:04', 'F21'),
(31808, 34, 8, '2025-09-15', 1, 0.000000, 1, 'shift', NULL, NULL, '2025-09-19 04:10:04', '2025-09-19 04:10:04', 'F22'),
(31809, 35, 8, '2025-09-15', 1, 0.000000, 1, 'shift', NULL, NULL, '2025-09-19 04:10:04', '2025-09-19 04:10:04', 'F26'),
(31810, 36, 8, '2025-09-15', 1, 0.000000, 1, 'shift', NULL, NULL, '2025-09-19 04:10:04', '2025-09-19 04:10:04', 'F29'),
(31811, 38, 8, '2025-09-15', 1, 0.000000, 1, 'shift', NULL, NULL, '2025-09-19 04:10:04', '2025-09-19 04:10:04', 'F31'),
(31812, 39, 8, '2025-09-15', 1, 0.000000, 1, 'shift', NULL, NULL, '2025-09-19 04:10:04', '2025-09-19 04:10:04', 'F33'),
(31813, 40, 8, '2025-09-15', 1, 0.000000, 1, 'shift', NULL, NULL, '2025-09-19 04:10:04', '2025-09-19 04:10:04', 'F34'),
(31814, 41, 8, '2025-09-15', 1, 0.000000, 1, 'shift', NULL, NULL, '2025-09-19 04:10:04', '2025-09-19 04:10:04', 'F35'),
(31815, 42, 8, '2025-09-15', 1, 0.000000, 1, 'shift', NULL, NULL, '2025-09-19 04:10:04', '2025-09-19 04:10:04', 'F36'),
(31816, 43, 8, '2025-09-15', 1, 46.900000, 1, 'shift', NULL, NULL, '2025-09-19 04:10:04', '2025-09-19 04:10:04', 'F37'),
(31817, 44, 8, '2025-09-15', 1, 46.900000, 1, 'shift', NULL, NULL, '2025-09-19 04:10:04', '2025-09-19 04:10:04', 'F39'),
(31818, 45, 8, '2025-09-15', 1, 1.120000, 1, 'shift', NULL, NULL, '2025-09-19 04:10:04', '2025-09-19 04:10:04', 'F41'),
(31819, 46, 8, '2025-09-15', 1, 0.000000, 1, 'shift', NULL, NULL, '2025-09-19 04:10:04', '2025-09-19 04:10:04', 'F42'),
(31820, 47, 8, '2025-09-15', 1, 0.450000, 1, 'shift', NULL, NULL, '2025-09-19 04:10:04', '2025-09-19 04:10:04', 'F44'),
(31821, 48, 8, '2025-09-15', 1, 0.000000, 1, 'shift', NULL, NULL, '2025-09-19 04:10:04', '2025-09-19 04:10:04', 'F45'),
(31822, 49, 8, '2025-09-15', 1, 1.630000, 1, 'shift', NULL, NULL, '2025-09-19 04:10:04', '2025-09-19 04:10:04', 'F48'),
(31823, 50, 8, '2025-09-15', 1, 0.000000, 1, 'shift', NULL, NULL, '2025-09-19 04:10:04', '2025-09-19 04:10:04', 'F49'),
(31824, 51, 8, '2025-09-15', 1, 0.000000, 1, 'shift', NULL, NULL, '2025-09-19 04:10:04', '2025-09-19 04:10:04', 'F50'),
(31825, 52, 8, '2025-09-15', 1, 0.000000, 1, 'shift', NULL, NULL, '2025-09-19 04:10:04', '2025-09-19 04:10:04', 'F51'),
(31826, 53, 8, '2025-09-15', 1, 46.900000, 1, 'shift', NULL, NULL, '2025-09-19 04:10:04', '2025-09-19 04:10:04', 'F52'),
(31827, 278, 8, '2025-09-15', 1, 0.000000, 1, 'shift', NULL, NULL, '2025-09-19 04:10:04', '2025-09-19 04:10:04', 'F19'),
(31828, 26, 9, '2025-09-15', 1, 2205.000000, 1, 'shift', NULL, NULL, '2025-09-19 04:10:04', '2025-09-19 04:10:04', 'G11'),
(31829, 27, 9, '2025-09-15', 1, 2085.000000, 1, 'shift', NULL, NULL, '2025-09-19 04:10:04', '2025-09-19 04:10:04', 'G13'),
(31830, 28, 9, '2025-09-15', 1, 8.000000, 1, 'shift', NULL, NULL, '2025-09-19 04:10:04', '2025-09-19 04:10:04', 'G15'),
(31831, 29, 9, '2025-09-15', 1, 0.000000, 1, 'shift', NULL, NULL, '2025-09-19 04:10:04', '2025-09-19 04:10:04', 'G17'),
(31832, 30, 9, '2025-09-15', 1, 0.000000, 1, 'shift', NULL, NULL, '2025-09-19 04:10:04', '2025-09-19 04:10:04', 'G18'),
(31833, 37, 9, '2025-09-15', 1, 463.340000, 1, 'shift', NULL, NULL, '2025-09-19 04:10:04', '2025-09-19 04:10:04', 'G30'),
(31834, 31, 9, '2025-09-15', 1, 0.000000, 1, 'shift', NULL, NULL, '2025-09-19 04:10:04', '2025-09-19 04:10:04', 'G19'),
(31835, 32, 9, '2025-09-15', 1, 0.000000, 1, 'shift', NULL, NULL, '2025-09-19 04:10:04', '2025-09-19 04:10:04', 'G20'),
(31836, 33, 9, '2025-09-15', 1, 0.000000, 1, 'shift', NULL, NULL, '2025-09-19 04:10:04', '2025-09-19 04:10:04', 'G21'),
(31837, 34, 9, '2025-09-15', 1, 0.000000, 1, 'shift', NULL, NULL, '2025-09-19 04:10:04', '2025-09-19 04:10:04', 'G22'),
(31838, 35, 9, '2025-09-15', 1, 275.630000, 1, 'shift', NULL, NULL, '2025-09-19 04:10:04', '2025-09-19 04:10:04', 'G26'),
(31839, 36, 9, '2025-09-15', 1, 665.010000, 1, 'shift', NULL, NULL, '2025-09-19 04:10:04', '2025-09-19 04:10:04', 'G29'),
(31840, 38, 9, '2025-09-15', 1, 0.000000, 1, 'shift', NULL, NULL, '2025-09-19 04:10:04', '2025-09-19 04:10:04', 'G31'),
(31841, 39, 9, '2025-09-15', 1, 0.000000, 1, 'shift', NULL, NULL, '2025-09-19 04:10:04', '2025-09-19 04:10:04', 'G33'),
(31842, 40, 9, '2025-09-15', 1, 0.000000, 1, 'shift', NULL, NULL, '2025-09-19 04:10:04', '2025-09-19 04:10:04', 'G34'),
(31843, 41, 9, '2025-09-15', 1, 0.000000, 1, 'shift', NULL, NULL, '2025-09-19 04:10:04', '2025-09-19 04:10:04', 'G35'),
(31844, 42, 9, '2025-09-15', 1, 0.000000, 1, 'shift', NULL, NULL, '2025-09-19 04:10:04', '2025-09-19 04:10:04', 'G36'),
(31845, 43, 9, '2025-09-15', 1, 0.000000, 1, 'shift', NULL, NULL, '2025-09-19 04:10:04', '2025-09-19 04:10:04', 'G37'),
(31846, 44, 9, '2025-09-15', 1, 1844.650000, 1, 'shift', NULL, NULL, '2025-09-19 04:10:04', '2025-09-19 04:10:04', 'G39'),
(31847, 45, 9, '2025-09-15', 1, 2.680000, 1, 'shift', NULL, NULL, '2025-09-19 04:10:04', '2025-09-19 04:10:04', 'G41'),
(31848, 46, 9, '2025-09-15', 1, 0.000000, 1, 'shift', NULL, NULL, '2025-09-19 04:10:04', '2025-09-19 04:10:04', 'G42'),
(31849, 47, 9, '2025-09-15', 1, 0.000000, 1, 'shift', NULL, NULL, '2025-09-19 04:10:04', '2025-09-19 04:10:04', 'G44'),
(31850, 48, 9, '2025-09-15', 1, 0.000000, 1, 'shift', NULL, NULL, '2025-09-19 04:10:04', '2025-09-19 04:10:04', 'G45'),
(31851, 49, 9, '2025-09-15', 1, 3.740000, 1, 'shift', NULL, NULL, '2025-09-19 04:10:04', '2025-09-19 04:10:04', 'G48'),
(31852, 50, 9, '2025-09-15', 1, 0.760000, 1, 'shift', NULL, NULL, '2025-09-19 04:10:04', '2025-09-19 04:10:04', 'G49'),
(31853, 51, 9, '2025-09-15', 1, 508.430000, 1, 'shift', NULL, NULL, '2025-09-19 04:10:04', '2025-09-19 04:10:04', 'G50'),
(31854, 52, 9, '2025-09-15', 1, 0.240000, 1, 'shift', NULL, NULL, '2025-09-19 04:10:04', '2025-09-19 04:10:04', 'G51'),
(31855, 53, 9, '2025-09-15', 1, 1863.380000, 1, 'shift', NULL, NULL, '2025-09-19 04:10:04', '2025-09-19 04:10:04', 'G52'),
(31856, 271, 9, '2025-09-15', 1, 0.000000, 1, 'shift', NULL, NULL, '2025-09-19 04:10:04', '2025-09-19 04:10:04', 'G12'),
(31857, 272, 9, '2025-09-15', 1, 0.000000, 1, 'shift', NULL, NULL, '2025-09-19 04:10:04', '2025-09-19 04:10:04', 'G13'),
(31858, 278, 9, '2025-09-15', 1, 21.130000, 1, 'shift', NULL, NULL, '2025-09-19 04:10:04', '2025-09-19 04:10:04', 'G19'),
(31859, 275, 7, '2025-09-15', 1, 0.000000, 1, 'shift', NULL, NULL, '2025-09-19 04:10:04', '2025-09-19 04:10:04', 'E16'),
(31860, 277, 7, '2025-09-15', 1, 8.000000, 1, 'shift', NULL, NULL, '2025-09-19 04:10:04', '2025-09-19 04:10:04', 'E18'),
(31861, 279, 7, '2025-09-15', 1, 0.000000, 1, 'shift', NULL, NULL, '2025-09-19 04:10:04', '2025-09-19 04:10:04', 'E21'),
(31862, 280, 7, '2025-09-15', 1, 196.880000, 1, 'shift', NULL, NULL, '2025-09-19 04:10:04', '2025-09-19 04:10:04', 'E22'),
(31863, 281, 7, '2025-09-15', 1, 0.000000, 1, 'shift', NULL, NULL, '2025-09-19 04:10:04', '2025-09-19 04:10:04', 'E23'),
(31864, 282, 7, '2025-09-15', 1, 0.000000, 1, 'shift', NULL, NULL, '2025-09-19 04:10:04', '2025-09-19 04:10:04', 'E24'),
(31865, 275, 8, '2025-09-15', 1, 0.000000, 1, 'shift', NULL, NULL, '2025-09-19 04:10:04', '2025-09-19 04:10:04', 'F16'),
(31866, 277, 8, '2025-09-15', 1, 0.000000, 1, 'shift', NULL, NULL, '2025-09-19 04:10:04', '2025-09-19 04:10:04', 'F18'),
(31867, 279, 8, '2025-09-15', 1, 0.000000, 1, 'shift', NULL, NULL, '2025-09-19 04:10:04', '2025-09-19 04:10:04', 'F21'),
(31868, 280, 8, '2025-09-15', 1, 0.000000, 1, 'shift', NULL, NULL, '2025-09-19 04:10:04', '2025-09-19 04:10:04', 'F22'),
(31869, 281, 8, '2025-09-15', 1, 0.000000, 1, 'shift', NULL, NULL, '2025-09-19 04:10:04', '2025-09-19 04:10:04', 'F23'),
(31870, 282, 8, '2025-09-15', 1, 0.000000, 1, 'shift', NULL, NULL, '2025-09-19 04:10:04', '2025-09-19 04:10:04', 'F24'),
(31871, 275, 9, '2025-09-15', 1, 0.000000, 1, 'shift', NULL, NULL, '2025-09-19 04:10:04', '2025-09-19 04:10:04', 'G16'),
(31872, 277, 9, '2025-09-15', 1, 8.000000, 1, 'shift', NULL, NULL, '2025-09-19 04:10:04', '2025-09-19 04:10:04', 'G18'),
(31873, 279, 9, '2025-09-15', 1, 2.640000, 1, 'shift', NULL, NULL, '2025-09-19 04:10:04', '2025-09-19 04:10:04', 'G21'),
(31874, 280, 9, '2025-09-15', 1, 275.630000, 1, 'shift', NULL, NULL, '2025-09-19 04:10:04', '2025-09-19 04:10:04', 'G22'),
(31875, 281, 9, '2025-09-15', 1, 0.000000, 1, 'shift', NULL, NULL, '2025-09-19 04:10:04', '2025-09-19 04:10:04', 'G23'),
(31876, 282, 9, '2025-09-15', 1, 0.000000, 1, 'shift', NULL, NULL, '2025-09-19 04:10:04', '2025-09-19 04:10:04', 'G24'),
(31877, 26, 7, '2025-09-15', 2, 1575.000000, 1, 'shift', NULL, NULL, '2025-09-19 04:10:04', '2025-09-19 04:10:04', 'E11'),
(31878, 27, 7, '2025-09-15', 2, 1575.000000, 1, 'shift', NULL, NULL, '2025-09-19 04:10:04', '2025-09-19 04:10:04', 'E13'),
(31879, 28, 7, '2025-09-15', 2, 8.000000, 1, 'shift', NULL, NULL, '2025-09-19 04:10:04', '2025-09-19 04:10:04', 'E15'),
(31880, 29, 7, '2025-09-15', 2, 0.000000, 1, 'shift', NULL, NULL, '2025-09-19 04:10:04', '2025-09-19 04:10:04', 'E17'),
(31881, 30, 7, '2025-09-15', 2, 0.000000, 1, 'shift', NULL, NULL, '2025-09-19 04:10:04', '2025-09-19 04:10:04', 'E18'),
(31882, 37, 7, '2025-09-15', 2, 463.340000, 1, 'shift', NULL, NULL, '2025-09-19 04:10:04', '2025-09-19 04:10:04', 'E30'),
(31883, 31, 7, '2025-09-15', 2, 0.000000, 1, 'shift', NULL, NULL, '2025-09-19 04:10:04', '2025-09-19 04:10:04', 'E19'),
(31884, 32, 7, '2025-09-15', 2, 0.000000, 1, 'shift', NULL, NULL, '2025-09-19 04:10:04', '2025-09-19 04:10:04', 'E20'),
(31885, 33, 7, '2025-09-15', 2, 0.000000, 1, 'shift', NULL, NULL, '2025-09-19 04:10:04', '2025-09-19 04:10:04', 'E21'),
(31886, 34, 7, '2025-09-15', 2, 0.000000, 1, 'shift', NULL, NULL, '2025-09-19 04:10:04', '2025-09-19 04:10:04', 'E22'),
(31887, 35, 7, '2025-09-15', 2, 196.880000, 1, 'shift', NULL, NULL, '2025-09-19 04:10:04', '2025-09-19 04:10:04', 'E26'),
(31888, 36, 7, '2025-09-15', 2, 665.010000, 1, 'shift', NULL, NULL, '2025-09-19 04:10:04', '2025-09-19 04:10:04', 'E29'),
(31889, 38, 7, '2025-09-15', 2, 2228.940000, 1, 'shift', NULL, NULL, '2025-09-19 04:10:04', '2025-09-19 04:10:04', 'E31'),
(31890, 39, 7, '2025-09-15', 2, 0.000000, 1, 'shift', NULL, NULL, '2025-09-19 04:10:04', '2025-09-19 04:10:04', 'E33'),
(31891, 40, 7, '2025-09-15', 2, 42.910000, 1, 'shift', NULL, NULL, '2025-09-19 04:10:04', '2025-09-19 04:10:04', 'E34'),
(31892, 41, 7, '2025-09-15', 2, 0.000000, 1, 'shift', NULL, NULL, '2025-09-19 04:10:04', '2025-09-19 04:10:04', 'E35'),
(31893, 42, 7, '2025-09-15', 2, 245.000000, 1, 'shift', NULL, NULL, '2025-09-19 04:10:04', '2025-09-19 04:10:04', 'E36'),
(31894, 43, 7, '2025-09-15', 2, 46.900000, 1, 'shift', NULL, NULL, '2025-09-19 04:10:04', '2025-09-19 04:10:04', 'E37'),
(31895, 44, 7, '2025-09-15', 2, 2563.750000, 1, 'shift', NULL, NULL, '2025-09-19 04:10:04', '2025-09-19 04:10:04', 'E39'),
(31896, 45, 7, '2025-09-15', 2, 1.570000, 1, 'shift', NULL, NULL, '2025-09-19 04:10:04', '2025-09-19 04:10:04', 'E41'),
(31897, 46, 7, '2025-09-15', 2, 0.800000, 1, 'shift', NULL, NULL, '2025-09-19 04:10:04', '2025-09-19 04:10:04', 'E42'),
(31898, 47, 7, '2025-09-15', 2, 0.450000, 1, 'shift', NULL, NULL, '2025-09-19 04:10:04', '2025-09-19 04:10:04', 'E44'),
(31899, 48, 7, '2025-09-15', 2, 0.230000, 1, 'shift', NULL, NULL, '2025-09-19 04:10:04', '2025-09-19 04:10:04', 'E45'),
(31900, 49, 7, '2025-09-15', 2, 2.100000, 1, 'shift', NULL, NULL, '2025-09-19 04:10:04', '2025-09-19 04:10:04', 'E48'),
(31901, 50, 7, '2025-09-15', 2, 1.070000, 1, 'shift', NULL, NULL, '2025-09-19 04:10:04', '2025-09-19 04:10:04', 'E49'),
(31902, 51, 7, '2025-09-15', 2, 504.740000, 1, 'shift', NULL, NULL, '2025-09-19 04:10:04', '2025-09-19 04:10:04', 'E50'),
(31903, 52, 7, '2025-09-15', 2, 0.250000, 1, 'shift', NULL, NULL, '2025-09-19 04:10:04', '2025-09-19 04:10:04', 'E51'),
(31904, 53, 7, '2025-09-15', 2, 2597.820000, 1, 'shift', NULL, NULL, '2025-09-19 04:10:04', '2025-09-19 04:10:04', 'E52'),
(31905, 278, 7, '2025-09-15', 2, 0.000000, 1, 'shift', NULL, NULL, '2025-09-19 04:10:04', '2025-09-19 04:10:04', 'E19'),
(31906, 26, 8, '2025-09-15', 2, 630.000000, 1, 'shift', NULL, NULL, '2025-09-19 04:10:04', '2025-09-19 04:10:04', 'F11'),
(31907, 27, 8, '2025-09-15', 2, 582.000000, 1, 'shift', NULL, NULL, '2025-09-19 04:10:04', '2025-09-19 04:10:04', 'F13'),
(31908, 28, 8, '2025-09-15', 2, 0.000000, 1, 'shift', NULL, NULL, '2025-09-19 04:10:04', '2025-09-19 04:10:04', 'F15'),
(31909, 29, 8, '2025-09-15', 2, 0.000000, 1, 'shift', NULL, NULL, '2025-09-19 04:10:04', '2025-09-19 04:10:04', 'F17'),
(31910, 30, 8, '2025-09-15', 2, 0.000000, 1, 'shift', NULL, NULL, '2025-09-19 04:10:04', '2025-09-19 04:10:04', 'F18'),
(31911, 37, 8, '2025-09-15', 2, 0.000000, 1, 'shift', NULL, NULL, '2025-09-19 04:10:04', '2025-09-19 04:10:04', 'F30'),
(31912, 31, 8, '2025-09-15', 2, 0.000000, 1, 'shift', NULL, NULL, '2025-09-19 04:10:04', '2025-09-19 04:10:04', 'F19'),
(31913, 32, 8, '2025-09-15', 2, 0.000000, 1, 'shift', NULL, NULL, '2025-09-19 04:10:04', '2025-09-19 04:10:04', 'F20'),
(31914, 33, 8, '2025-09-15', 2, 0.000000, 1, 'shift', NULL, NULL, '2025-09-19 04:10:04', '2025-09-19 04:10:04', 'F21'),
(31915, 34, 8, '2025-09-15', 2, 0.000000, 1, 'shift', NULL, NULL, '2025-09-19 04:10:04', '2025-09-19 04:10:04', 'F22'),
(31916, 35, 8, '2025-09-15', 2, 0.000000, 1, 'shift', NULL, NULL, '2025-09-19 04:10:04', '2025-09-19 04:10:04', 'F26'),
(31917, 36, 8, '2025-09-15', 2, 0.000000, 1, 'shift', NULL, NULL, '2025-09-19 04:10:04', '2025-09-19 04:10:04', 'F29'),
(31918, 38, 8, '2025-09-15', 2, 0.000000, 1, 'shift', NULL, NULL, '2025-09-19 04:10:04', '2025-09-19 04:10:04', 'F31'),
(31919, 39, 8, '2025-09-15', 2, 0.000000, 1, 'shift', NULL, NULL, '2025-09-19 04:10:04', '2025-09-19 04:10:04', 'F33'),
(31920, 40, 8, '2025-09-15', 2, 45.800000, 1, 'shift', NULL, NULL, '2025-09-19 04:10:04', '2025-09-19 04:10:04', 'F34'),
(31921, 41, 8, '2025-09-15', 2, 0.000000, 1, 'shift', NULL, NULL, '2025-09-19 04:10:04', '2025-09-19 04:10:04', 'F35'),
(31922, 42, 8, '2025-09-15', 2, 0.000000, 1, 'shift', NULL, NULL, '2025-09-19 04:10:04', '2025-09-19 04:10:04', 'F36'),
(31923, 43, 8, '2025-09-15', 2, 46.900000, 1, 'shift', NULL, NULL, '2025-09-19 04:10:04', '2025-09-19 04:10:04', 'F37'),
(31924, 44, 8, '2025-09-15', 2, 92.700000, 1, 'shift', NULL, NULL, '2025-09-19 04:10:04', '2025-09-19 04:10:04', 'F39'),
(31925, 45, 8, '2025-09-15', 2, 1.120000, 1, 'shift', NULL, NULL, '2025-09-19 04:10:04', '2025-09-19 04:10:04', 'F41'),
(31926, 46, 8, '2025-09-15', 2, 0.000000, 1, 'shift', NULL, NULL, '2025-09-19 04:10:04', '2025-09-19 04:10:04', 'F42'),
(31927, 47, 8, '2025-09-15', 2, 0.450000, 1, 'shift', NULL, NULL, '2025-09-19 04:10:04', '2025-09-19 04:10:04', 'F44'),
(31928, 48, 8, '2025-09-15', 2, 0.000000, 1, 'shift', NULL, NULL, '2025-09-19 04:10:04', '2025-09-19 04:10:04', 'F45'),
(31929, 49, 8, '2025-09-15', 2, 1.630000, 1, 'shift', NULL, NULL, '2025-09-19 04:10:04', '2025-09-19 04:10:04', 'F48'),
(31930, 50, 8, '2025-09-15', 2, 0.000000, 1, 'shift', NULL, NULL, '2025-09-19 04:10:04', '2025-09-19 04:10:04', 'F49'),
(31931, 51, 8, '2025-09-15', 2, 0.000000, 1, 'shift', NULL, NULL, '2025-09-19 04:10:04', '2025-09-19 04:10:04', 'F50'),
(31932, 52, 8, '2025-09-15', 2, 0.000000, 1, 'shift', NULL, NULL, '2025-09-19 04:10:04', '2025-09-19 04:10:04', 'F51'),
(31933, 53, 8, '2025-09-15', 2, 2471.700000, 1, 'shift', NULL, NULL, '2025-09-19 04:10:04', '2025-09-19 04:10:04', 'F52'),
(31934, 278, 8, '2025-09-15', 2, 0.000000, 1, 'shift', NULL, NULL, '2025-09-19 04:10:04', '2025-09-19 04:10:04', 'F19'),
(31935, 26, 9, '2025-09-15', 2, 2205.000000, 1, 'shift', NULL, NULL, '2025-09-19 04:10:04', '2025-09-19 04:10:04', 'G11'),
(31936, 27, 9, '2025-09-15', 2, 2157.000000, 1, 'shift', NULL, NULL, '2025-09-19 04:10:04', '2025-09-19 04:10:04', 'G13'),
(31937, 28, 9, '2025-09-15', 2, 8.000000, 1, 'shift', NULL, NULL, '2025-09-19 04:10:04', '2025-09-19 04:10:04', 'G15'),
(31938, 29, 9, '2025-09-15', 2, 0.000000, 1, 'shift', NULL, NULL, '2025-09-19 04:10:04', '2025-09-19 04:10:04', 'G17'),
(31939, 30, 9, '2025-09-15', 2, 0.000000, 1, 'shift', NULL, NULL, '2025-09-19 04:10:04', '2025-09-19 04:10:04', 'G18'),
(31940, 37, 9, '2025-09-15', 2, 463.340000, 1, 'shift', NULL, NULL, '2025-09-19 04:10:04', '2025-09-19 04:10:04', 'G30'),
(31941, 31, 9, '2025-09-15', 2, 0.000000, 1, 'shift', NULL, NULL, '2025-09-19 04:10:04', '2025-09-19 04:10:04', 'G19'),
(31942, 32, 9, '2025-09-15', 2, 0.000000, 1, 'shift', NULL, NULL, '2025-09-19 04:10:04', '2025-09-19 04:10:04', 'G20'),
(31943, 33, 9, '2025-09-15', 2, 0.000000, 1, 'shift', NULL, NULL, '2025-09-19 04:10:04', '2025-09-19 04:10:04', 'G21'),
(31944, 34, 9, '2025-09-15', 2, 0.000000, 1, 'shift', NULL, NULL, '2025-09-19 04:10:04', '2025-09-19 04:10:04', 'G22'),
(31945, 35, 9, '2025-09-15', 2, 275.630000, 1, 'shift', NULL, NULL, '2025-09-19 04:10:04', '2025-09-19 04:10:04', 'G26'),
(31946, 36, 9, '2025-09-15', 2, 665.010000, 1, 'shift', NULL, NULL, '2025-09-19 04:10:04', '2025-09-19 04:10:04', 'G29'),
(31947, 38, 9, '2025-09-15', 2, 0.000000, 1, 'shift', NULL, NULL, '2025-09-19 04:10:04', '2025-09-19 04:10:04', 'G31'),
(31948, 39, 9, '2025-09-15', 2, 0.000000, 1, 'shift', NULL, NULL, '2025-09-19 04:10:04', '2025-09-19 04:10:04', 'G33'),
(31949, 40, 9, '2025-09-15', 2, 0.000000, 1, 'shift', NULL, NULL, '2025-09-19 04:10:04', '2025-09-19 04:10:04', 'G34'),
(31950, 41, 9, '2025-09-15', 2, 0.000000, 1, 'shift', NULL, NULL, '2025-09-19 04:10:04', '2025-09-19 04:10:04', 'G35'),
(31951, 42, 9, '2025-09-15', 2, 0.000000, 1, 'shift', NULL, NULL, '2025-09-19 04:10:04', '2025-09-19 04:10:04', 'G36'),
(31952, 43, 9, '2025-09-15', 2, 0.000000, 1, 'shift', NULL, NULL, '2025-09-19 04:10:04', '2025-09-19 04:10:04', 'G37'),
(31953, 44, 9, '2025-09-15', 2, 1857.730000, 1, 'shift', NULL, NULL, '2025-09-19 04:10:04', '2025-09-19 04:10:04', 'G39'),
(31954, 45, 9, '2025-09-15', 2, 2.680000, 1, 'shift', NULL, NULL, '2025-09-19 04:10:04', '2025-09-19 04:10:04', 'G41'),
(31955, 46, 9, '2025-09-15', 2, 0.000000, 1, 'shift', NULL, NULL, '2025-09-19 04:10:04', '2025-09-19 04:10:04', 'G42'),
(31956, 47, 9, '2025-09-15', 2, 0.000000, 1, 'shift', NULL, NULL, '2025-09-19 04:10:04', '2025-09-19 04:10:04', 'G44'),
(31957, 48, 9, '2025-09-15', 2, 0.000000, 1, 'shift', NULL, NULL, '2025-09-19 04:10:04', '2025-09-19 04:10:04', 'G45'),
(31958, 49, 9, '2025-09-15', 2, 3.740000, 1, 'shift', NULL, NULL, '2025-09-19 04:10:04', '2025-09-19 04:10:04', 'G48'),
(31959, 50, 9, '2025-09-15', 2, 0.760000, 1, 'shift', NULL, NULL, '2025-09-19 04:10:04', '2025-09-19 04:10:04', 'G49'),
(31960, 51, 9, '2025-09-15', 2, 512.040000, 1, 'shift', NULL, NULL, '2025-09-19 04:10:04', '2025-09-19 04:10:04', 'G50'),
(31961, 52, 9, '2025-09-15', 2, 0.240000, 1, 'shift', NULL, NULL, '2025-09-19 04:10:04', '2025-09-19 04:10:04', 'G51'),
(31962, 53, 9, '2025-09-15', 2, 1876.560000, 1, 'shift', NULL, NULL, '2025-09-19 04:10:04', '2025-09-19 04:10:04', 'G52'),
(31963, 271, 9, '2025-09-15', 2, 0.000000, 1, 'shift', NULL, NULL, '2025-09-19 04:10:04', '2025-09-19 04:10:04', 'G12'),
(31964, 272, 9, '2025-09-15', 2, 0.000000, 1, 'shift', NULL, NULL, '2025-09-19 04:10:04', '2025-09-19 04:10:04', 'G13'),
(31965, 278, 9, '2025-09-15', 2, 21.130000, 1, 'shift', NULL, NULL, '2025-09-19 04:10:04', '2025-09-19 04:10:04', 'G19'),
(31966, 275, 7, '2025-09-15', 2, 0.000000, 1, 'shift', NULL, NULL, '2025-09-19 04:10:04', '2025-09-19 04:10:04', 'E16'),
(31967, 277, 7, '2025-09-15', 2, 8.000000, 1, 'shift', NULL, NULL, '2025-09-19 04:10:04', '2025-09-19 04:10:04', 'E18');
INSERT INTO `tg_result_values` (`id`, `param_id`, `tg_id`, `date`, `shift_id`, `value`, `user_id`, `period_type`, `period_start`, `period_end`, `created_at`, `updated_at`, `cell`) VALUES
(31968, 279, 7, '2025-09-15', 2, 0.000000, 1, 'shift', NULL, NULL, '2025-09-19 04:10:04', '2025-09-19 04:10:04', 'E21'),
(31969, 280, 7, '2025-09-15', 2, 196.880000, 1, 'shift', NULL, NULL, '2025-09-19 04:10:04', '2025-09-19 04:10:04', 'E22'),
(31970, 281, 7, '2025-09-15', 2, 0.000000, 1, 'shift', NULL, NULL, '2025-09-19 04:10:04', '2025-09-19 04:10:04', 'E23'),
(31971, 282, 7, '2025-09-15', 2, 0.000000, 1, 'shift', NULL, NULL, '2025-09-19 04:10:04', '2025-09-19 04:10:04', 'E24'),
(31972, 275, 8, '2025-09-15', 2, 0.000000, 1, 'shift', NULL, NULL, '2025-09-19 04:10:04', '2025-09-19 04:10:04', 'F16'),
(31973, 277, 8, '2025-09-15', 2, 0.000000, 1, 'shift', NULL, NULL, '2025-09-19 04:10:04', '2025-09-19 04:10:04', 'F18'),
(31974, 279, 8, '2025-09-15', 2, 0.000000, 1, 'shift', NULL, NULL, '2025-09-19 04:10:04', '2025-09-19 04:10:04', 'F21'),
(31975, 280, 8, '2025-09-15', 2, 0.000000, 1, 'shift', NULL, NULL, '2025-09-19 04:10:04', '2025-09-19 04:10:04', 'F22'),
(31976, 281, 8, '2025-09-15', 2, 0.000000, 1, 'shift', NULL, NULL, '2025-09-19 04:10:04', '2025-09-19 04:10:04', 'F23'),
(31977, 282, 8, '2025-09-15', 2, 0.000000, 1, 'shift', NULL, NULL, '2025-09-19 04:10:04', '2025-09-19 04:10:04', 'F24'),
(31978, 275, 9, '2025-09-15', 2, 0.000000, 1, 'shift', NULL, NULL, '2025-09-19 04:10:04', '2025-09-19 04:10:04', 'G16'),
(31979, 277, 9, '2025-09-15', 2, 8.000000, 1, 'shift', NULL, NULL, '2025-09-19 04:10:04', '2025-09-19 04:10:04', 'G18'),
(31980, 279, 9, '2025-09-15', 2, 2.640000, 1, 'shift', NULL, NULL, '2025-09-19 04:10:04', '2025-09-19 04:10:04', 'G21'),
(31981, 280, 9, '2025-09-15', 2, 275.630000, 1, 'shift', NULL, NULL, '2025-09-19 04:10:04', '2025-09-19 04:10:04', 'G22'),
(31982, 281, 9, '2025-09-15', 2, 0.000000, 1, 'shift', NULL, NULL, '2025-09-19 04:10:04', '2025-09-19 04:10:04', 'G23'),
(31983, 282, 9, '2025-09-15', 2, 0.000000, 1, 'shift', NULL, NULL, '2025-09-19 04:10:04', '2025-09-19 04:10:04', 'G24'),
(31984, 26, 7, '2025-09-15', 3, 1575.000000, 1, 'shift', NULL, NULL, '2025-09-19 04:10:04', '2025-09-19 04:10:04', 'E11'),
(31985, 27, 7, '2025-09-15', 3, 1575.000000, 1, 'shift', NULL, NULL, '2025-09-19 04:10:04', '2025-09-19 04:10:04', 'E13'),
(31986, 28, 7, '2025-09-15', 3, 8.000000, 1, 'shift', NULL, NULL, '2025-09-19 04:10:04', '2025-09-19 04:10:04', 'E15'),
(31987, 29, 7, '2025-09-15', 3, 0.000000, 1, 'shift', NULL, NULL, '2025-09-19 04:10:04', '2025-09-19 04:10:04', 'E17'),
(31988, 30, 7, '2025-09-15', 3, 0.000000, 1, 'shift', NULL, NULL, '2025-09-19 04:10:04', '2025-09-19 04:10:04', 'E18'),
(31989, 37, 7, '2025-09-15', 3, 463.340000, 1, 'shift', NULL, NULL, '2025-09-19 04:10:04', '2025-09-19 04:10:04', 'E30'),
(31990, 31, 7, '2025-09-15', 3, 0.000000, 1, 'shift', NULL, NULL, '2025-09-19 04:10:04', '2025-09-19 04:10:04', 'E19'),
(31991, 32, 7, '2025-09-15', 3, 0.000000, 1, 'shift', NULL, NULL, '2025-09-19 04:10:04', '2025-09-19 04:10:04', 'E20'),
(31992, 33, 7, '2025-09-15', 3, 0.000000, 1, 'shift', NULL, NULL, '2025-09-19 04:10:04', '2025-09-19 04:10:04', 'E21'),
(31993, 34, 7, '2025-09-15', 3, 0.000000, 1, 'shift', NULL, NULL, '2025-09-19 04:10:04', '2025-09-19 04:10:04', 'E22'),
(31994, 35, 7, '2025-09-15', 3, 196.880000, 1, 'shift', NULL, NULL, '2025-09-19 04:10:04', '2025-09-19 04:10:04', 'E26'),
(31995, 36, 7, '2025-09-15', 3, 665.010000, 1, 'shift', NULL, NULL, '2025-09-19 04:10:04', '2025-09-19 04:10:04', 'E29'),
(31996, 38, 7, '2025-09-15', 3, 2228.940000, 1, 'shift', NULL, NULL, '2025-09-19 04:10:04', '2025-09-19 04:10:04', 'E31'),
(31997, 39, 7, '2025-09-15', 3, 0.000000, 1, 'shift', NULL, NULL, '2025-09-19 04:10:04', '2025-09-19 04:10:04', 'E33'),
(31998, 40, 7, '2025-09-15', 3, 42.910000, 1, 'shift', NULL, NULL, '2025-09-19 04:10:04', '2025-09-19 04:10:04', 'E34'),
(31999, 41, 7, '2025-09-15', 3, 0.000000, 1, 'shift', NULL, NULL, '2025-09-19 04:10:04', '2025-09-19 04:10:04', 'E35'),
(32000, 42, 7, '2025-09-15', 3, 245.000000, 1, 'shift', NULL, NULL, '2025-09-19 04:10:04', '2025-09-19 04:10:04', 'E36'),
(32001, 43, 7, '2025-09-15', 3, 46.900000, 1, 'shift', NULL, NULL, '2025-09-19 04:10:04', '2025-09-19 04:10:04', 'E37'),
(32002, 44, 7, '2025-09-15', 3, 2563.750000, 1, 'shift', NULL, NULL, '2025-09-19 04:10:04', '2025-09-19 04:10:04', 'E39'),
(32003, 45, 7, '2025-09-15', 3, 1.570000, 1, 'shift', NULL, NULL, '2025-09-19 04:10:04', '2025-09-19 04:10:04', 'E41'),
(32004, 46, 7, '2025-09-15', 3, 0.800000, 1, 'shift', NULL, NULL, '2025-09-19 04:10:04', '2025-09-19 04:10:04', 'E42'),
(32005, 47, 7, '2025-09-15', 3, 0.450000, 1, 'shift', NULL, NULL, '2025-09-19 04:10:04', '2025-09-19 04:10:04', 'E44'),
(32006, 48, 7, '2025-09-15', 3, 0.230000, 1, 'shift', NULL, NULL, '2025-09-19 04:10:04', '2025-09-19 04:10:04', 'E45'),
(32007, 49, 7, '2025-09-15', 3, 2.100000, 1, 'shift', NULL, NULL, '2025-09-19 04:10:04', '2025-09-19 04:10:04', 'E48'),
(32008, 50, 7, '2025-09-15', 3, 1.070000, 1, 'shift', NULL, NULL, '2025-09-19 04:10:04', '2025-09-19 04:10:04', 'E49'),
(32009, 51, 7, '2025-09-15', 3, 504.740000, 1, 'shift', NULL, NULL, '2025-09-19 04:10:04', '2025-09-19 04:10:04', 'E50'),
(32010, 52, 7, '2025-09-15', 3, 0.250000, 1, 'shift', NULL, NULL, '2025-09-19 04:10:04', '2025-09-19 04:10:04', 'E51'),
(32011, 53, 7, '2025-09-15', 3, 2597.820000, 1, 'shift', NULL, NULL, '2025-09-19 04:10:04', '2025-09-19 04:10:04', 'E52'),
(32012, 278, 7, '2025-09-15', 3, 0.000000, 1, 'shift', NULL, NULL, '2025-09-19 04:10:04', '2025-09-19 04:10:04', 'E19'),
(32013, 26, 8, '2025-09-15', 3, 630.000000, 1, 'shift', NULL, NULL, '2025-09-19 04:10:04', '2025-09-19 04:10:04', 'F11'),
(32014, 27, 8, '2025-09-15', 3, 630.000000, 1, 'shift', NULL, NULL, '2025-09-19 04:10:04', '2025-09-19 04:10:04', 'F13'),
(32015, 28, 8, '2025-09-15', 3, 0.000000, 1, 'shift', NULL, NULL, '2025-09-19 04:10:04', '2025-09-19 04:10:04', 'F15'),
(32016, 29, 8, '2025-09-15', 3, 0.000000, 1, 'shift', NULL, NULL, '2025-09-19 04:10:04', '2025-09-19 04:10:04', 'F17'),
(32017, 30, 8, '2025-09-15', 3, 0.000000, 1, 'shift', NULL, NULL, '2025-09-19 04:10:04', '2025-09-19 04:10:04', 'F18'),
(32018, 37, 8, '2025-09-15', 3, 0.000000, 1, 'shift', NULL, NULL, '2025-09-19 04:10:04', '2025-09-19 04:10:04', 'F30'),
(32019, 31, 8, '2025-09-15', 3, 0.000000, 1, 'shift', NULL, NULL, '2025-09-19 04:10:04', '2025-09-19 04:10:04', 'F19'),
(32020, 32, 8, '2025-09-15', 3, 0.000000, 1, 'shift', NULL, NULL, '2025-09-19 04:10:04', '2025-09-19 04:10:04', 'F20'),
(32021, 33, 8, '2025-09-15', 3, 0.000000, 1, 'shift', NULL, NULL, '2025-09-19 04:10:04', '2025-09-19 04:10:04', 'F21'),
(32022, 34, 8, '2025-09-15', 3, 0.000000, 1, 'shift', NULL, NULL, '2025-09-19 04:10:04', '2025-09-19 04:10:04', 'F22'),
(32023, 35, 8, '2025-09-15', 3, 0.000000, 1, 'shift', NULL, NULL, '2025-09-19 04:10:04', '2025-09-19 04:10:04', 'F26'),
(32024, 36, 8, '2025-09-15', 3, 0.000000, 1, 'shift', NULL, NULL, '2025-09-19 04:10:04', '2025-09-19 04:10:04', 'F29'),
(32025, 38, 8, '2025-09-15', 3, 0.000000, 1, 'shift', NULL, NULL, '2025-09-19 04:10:04', '2025-09-19 04:10:04', 'F31'),
(32026, 39, 8, '2025-09-15', 3, 0.000000, 1, 'shift', NULL, NULL, '2025-09-19 04:10:04', '2025-09-19 04:10:04', 'F33'),
(32027, 40, 8, '2025-09-15', 3, 45.800000, 1, 'shift', NULL, NULL, '2025-09-19 04:10:04', '2025-09-19 04:10:04', 'F34'),
(32028, 41, 8, '2025-09-15', 3, 0.000000, 1, 'shift', NULL, NULL, '2025-09-19 04:10:04', '2025-09-19 04:10:04', 'F35'),
(32029, 42, 8, '2025-09-15', 3, 0.000000, 1, 'shift', NULL, NULL, '2025-09-19 04:10:04', '2025-09-19 04:10:04', 'F36'),
(32030, 43, 8, '2025-09-15', 3, 46.900000, 1, 'shift', NULL, NULL, '2025-09-19 04:10:04', '2025-09-19 04:10:04', 'F37'),
(32031, 44, 8, '2025-09-15', 3, 92.700000, 1, 'shift', NULL, NULL, '2025-09-19 04:10:04', '2025-09-19 04:10:04', 'F39'),
(32032, 45, 8, '2025-09-15', 3, 1.120000, 1, 'shift', NULL, NULL, '2025-09-19 04:10:04', '2025-09-19 04:10:04', 'F41'),
(32033, 46, 8, '2025-09-15', 3, 0.000000, 1, 'shift', NULL, NULL, '2025-09-19 04:10:04', '2025-09-19 04:10:04', 'F42'),
(32034, 47, 8, '2025-09-15', 3, 0.450000, 1, 'shift', NULL, NULL, '2025-09-19 04:10:04', '2025-09-19 04:10:04', 'F44'),
(32035, 48, 8, '2025-09-15', 3, 0.000000, 1, 'shift', NULL, NULL, '2025-09-19 04:10:04', '2025-09-19 04:10:04', 'F45'),
(32036, 49, 8, '2025-09-15', 3, 1.630000, 1, 'shift', NULL, NULL, '2025-09-19 04:10:04', '2025-09-19 04:10:04', 'F48'),
(32037, 50, 8, '2025-09-15', 3, 0.000000, 1, 'shift', NULL, NULL, '2025-09-19 04:10:04', '2025-09-19 04:10:04', 'F49'),
(32038, 51, 8, '2025-09-15', 3, 0.000000, 1, 'shift', NULL, NULL, '2025-09-19 04:10:04', '2025-09-19 04:10:04', 'F50'),
(32039, 52, 8, '2025-09-15', 3, 0.000000, 1, 'shift', NULL, NULL, '2025-09-19 04:10:04', '2025-09-19 04:10:04', 'F51'),
(32040, 53, 8, '2025-09-15', 3, 2471.700000, 1, 'shift', NULL, NULL, '2025-09-19 04:10:04', '2025-09-19 04:10:04', 'F52'),
(32041, 278, 8, '2025-09-15', 3, 0.000000, 1, 'shift', NULL, NULL, '2025-09-19 04:10:04', '2025-09-19 04:10:04', 'F19'),
(32042, 26, 9, '2025-09-15', 3, 2205.000000, 1, 'shift', NULL, NULL, '2025-09-19 04:10:04', '2025-09-19 04:10:04', 'G11'),
(32043, 27, 9, '2025-09-15', 3, 2205.000000, 1, 'shift', NULL, NULL, '2025-09-19 04:10:04', '2025-09-19 04:10:04', 'G13'),
(32044, 28, 9, '2025-09-15', 3, 8.000000, 1, 'shift', NULL, NULL, '2025-09-19 04:10:04', '2025-09-19 04:10:04', 'G15'),
(32045, 29, 9, '2025-09-15', 3, 0.000000, 1, 'shift', NULL, NULL, '2025-09-19 04:10:04', '2025-09-19 04:10:04', 'G17'),
(32046, 30, 9, '2025-09-15', 3, 0.000000, 1, 'shift', NULL, NULL, '2025-09-19 04:10:04', '2025-09-19 04:10:04', 'G18'),
(32047, 37, 9, '2025-09-15', 3, 463.340000, 1, 'shift', NULL, NULL, '2025-09-19 04:10:04', '2025-09-19 04:10:04', 'G30'),
(32048, 31, 9, '2025-09-15', 3, 0.000000, 1, 'shift', NULL, NULL, '2025-09-19 04:10:04', '2025-09-19 04:10:04', 'G19'),
(32049, 32, 9, '2025-09-15', 3, 0.000000, 1, 'shift', NULL, NULL, '2025-09-19 04:10:04', '2025-09-19 04:10:04', 'G20'),
(32050, 33, 9, '2025-09-15', 3, 0.000000, 1, 'shift', NULL, NULL, '2025-09-19 04:10:04', '2025-09-19 04:10:04', 'G21'),
(32051, 34, 9, '2025-09-15', 3, 0.000000, 1, 'shift', NULL, NULL, '2025-09-19 04:10:04', '2025-09-19 04:10:04', 'G22'),
(32052, 35, 9, '2025-09-15', 3, 275.630000, 1, 'shift', NULL, NULL, '2025-09-19 04:10:04', '2025-09-19 04:10:04', 'G26'),
(32053, 36, 9, '2025-09-15', 3, 665.010000, 1, 'shift', NULL, NULL, '2025-09-19 04:10:04', '2025-09-19 04:10:04', 'G29'),
(32054, 38, 9, '2025-09-15', 3, 0.000000, 1, 'shift', NULL, NULL, '2025-09-19 04:10:04', '2025-09-19 04:10:04', 'G31'),
(32055, 39, 9, '2025-09-15', 3, 0.000000, 1, 'shift', NULL, NULL, '2025-09-19 04:10:04', '2025-09-19 04:10:04', 'G33'),
(32056, 40, 9, '2025-09-15', 3, 0.000000, 1, 'shift', NULL, NULL, '2025-09-19 04:10:04', '2025-09-19 04:10:04', 'G34'),
(32057, 41, 9, '2025-09-15', 3, 0.000000, 1, 'shift', NULL, NULL, '2025-09-19 04:10:04', '2025-09-19 04:10:04', 'G35'),
(32058, 42, 9, '2025-09-15', 3, 0.000000, 1, 'shift', NULL, NULL, '2025-09-19 04:10:04', '2025-09-19 04:10:04', 'G36'),
(32059, 43, 9, '2025-09-15', 3, 0.000000, 1, 'shift', NULL, NULL, '2025-09-19 04:10:04', '2025-09-19 04:10:04', 'G37'),
(32060, 44, 9, '2025-09-15', 3, 1857.730000, 1, 'shift', NULL, NULL, '2025-09-19 04:10:04', '2025-09-19 04:10:04', 'G39'),
(32061, 45, 9, '2025-09-15', 3, 2.680000, 1, 'shift', NULL, NULL, '2025-09-19 04:10:04', '2025-09-19 04:10:04', 'G41'),
(32062, 46, 9, '2025-09-15', 3, 0.000000, 1, 'shift', NULL, NULL, '2025-09-19 04:10:04', '2025-09-19 04:10:04', 'G42'),
(32063, 47, 9, '2025-09-15', 3, 0.000000, 1, 'shift', NULL, NULL, '2025-09-19 04:10:04', '2025-09-19 04:10:04', 'G44'),
(32064, 48, 9, '2025-09-15', 3, 0.000000, 1, 'shift', NULL, NULL, '2025-09-19 04:10:04', '2025-09-19 04:10:04', 'G45'),
(32065, 49, 9, '2025-09-15', 3, 3.740000, 1, 'shift', NULL, NULL, '2025-09-19 04:10:04', '2025-09-19 04:10:04', 'G48'),
(32066, 50, 9, '2025-09-15', 3, 0.760000, 1, 'shift', NULL, NULL, '2025-09-19 04:10:04', '2025-09-19 04:10:04', 'G49'),
(32067, 51, 9, '2025-09-15', 3, 512.040000, 1, 'shift', NULL, NULL, '2025-09-19 04:10:04', '2025-09-19 04:10:04', 'G50'),
(32068, 52, 9, '2025-09-15', 3, 0.240000, 1, 'shift', NULL, NULL, '2025-09-19 04:10:04', '2025-09-19 04:10:04', 'G51'),
(32069, 53, 9, '2025-09-15', 3, 1876.560000, 1, 'shift', NULL, NULL, '2025-09-19 04:10:04', '2025-09-19 04:10:04', 'G52'),
(32070, 271, 9, '2025-09-15', 3, 0.000000, 1, 'shift', NULL, NULL, '2025-09-19 04:10:04', '2025-09-19 04:10:04', 'G12'),
(32071, 272, 9, '2025-09-15', 3, 0.000000, 1, 'shift', NULL, NULL, '2025-09-19 04:10:04', '2025-09-19 04:10:04', 'G13'),
(32072, 278, 9, '2025-09-15', 3, 21.130000, 1, 'shift', NULL, NULL, '2025-09-19 04:10:04', '2025-09-19 04:10:04', 'G19'),
(32073, 275, 7, '2025-09-15', 3, 0.000000, 1, 'shift', NULL, NULL, '2025-09-19 04:10:04', '2025-09-19 04:10:04', 'E16'),
(32074, 277, 7, '2025-09-15', 3, 8.000000, 1, 'shift', NULL, NULL, '2025-09-19 04:10:04', '2025-09-19 04:10:04', 'E18'),
(32075, 279, 7, '2025-09-15', 3, 0.000000, 1, 'shift', NULL, NULL, '2025-09-19 04:10:04', '2025-09-19 04:10:04', 'E21'),
(32076, 280, 7, '2025-09-15', 3, 196.880000, 1, 'shift', NULL, NULL, '2025-09-19 04:10:04', '2025-09-19 04:10:04', 'E22'),
(32077, 281, 7, '2025-09-15', 3, 0.000000, 1, 'shift', NULL, NULL, '2025-09-19 04:10:04', '2025-09-19 04:10:04', 'E23'),
(32078, 282, 7, '2025-09-15', 3, 0.000000, 1, 'shift', NULL, NULL, '2025-09-19 04:10:04', '2025-09-19 04:10:04', 'E24'),
(32079, 275, 8, '2025-09-15', 3, 0.000000, 1, 'shift', NULL, NULL, '2025-09-19 04:10:04', '2025-09-19 04:10:04', 'F16'),
(32080, 277, 8, '2025-09-15', 3, 0.000000, 1, 'shift', NULL, NULL, '2025-09-19 04:10:04', '2025-09-19 04:10:04', 'F18'),
(32081, 279, 8, '2025-09-15', 3, 0.000000, 1, 'shift', NULL, NULL, '2025-09-19 04:10:04', '2025-09-19 04:10:04', 'F21'),
(32082, 280, 8, '2025-09-15', 3, 0.000000, 1, 'shift', NULL, NULL, '2025-09-19 04:10:04', '2025-09-19 04:10:04', 'F22'),
(32083, 281, 8, '2025-09-15', 3, 0.000000, 1, 'shift', NULL, NULL, '2025-09-19 04:10:04', '2025-09-19 04:10:04', 'F23'),
(32084, 282, 8, '2025-09-15', 3, 0.000000, 1, 'shift', NULL, NULL, '2025-09-19 04:10:04', '2025-09-19 04:10:04', 'F24'),
(32085, 275, 9, '2025-09-15', 3, 0.000000, 1, 'shift', NULL, NULL, '2025-09-19 04:10:04', '2025-09-19 04:10:04', 'G16'),
(32086, 277, 9, '2025-09-15', 3, 8.000000, 1, 'shift', NULL, NULL, '2025-09-19 04:10:04', '2025-09-19 04:10:04', 'G18'),
(32087, 279, 9, '2025-09-15', 3, 2.640000, 1, 'shift', NULL, NULL, '2025-09-19 04:10:04', '2025-09-19 04:10:04', 'G21'),
(32088, 280, 9, '2025-09-15', 3, 275.630000, 1, 'shift', NULL, NULL, '2025-09-19 04:10:04', '2025-09-19 04:10:04', 'G22'),
(32089, 281, 9, '2025-09-15', 3, 0.000000, 1, 'shift', NULL, NULL, '2025-09-19 04:10:04', '2025-09-19 04:10:04', 'G23'),
(32090, 282, 9, '2025-09-15', 3, 0.000000, 1, 'shift', NULL, NULL, '2025-09-19 04:10:04', '2025-09-19 04:10:04', 'G24'),
(32091, 26, 7, '2025-09-17', 1, 0.000000, 1, 'shift', NULL, NULL, '2025-09-19 04:10:17', '2025-09-19 04:10:17', 'E11'),
(32092, 27, 7, '2025-09-17', 1, 0.000000, 1, 'shift', NULL, NULL, '2025-09-19 04:10:17', '2025-09-19 04:10:17', 'E13'),
(32093, 28, 7, '2025-09-17', 1, 8.000000, 1, 'shift', NULL, NULL, '2025-09-19 04:10:17', '2025-09-19 04:10:17', 'E15'),
(32094, 29, 7, '2025-09-17', 1, 0.000000, 1, 'shift', NULL, NULL, '2025-09-19 04:10:17', '2025-09-19 04:10:17', 'E17'),
(32095, 30, 7, '2025-09-17', 1, 0.000000, 1, 'shift', NULL, NULL, '2025-09-19 04:10:17', '2025-09-19 04:10:17', 'E18'),
(32096, 37, 7, '2025-09-17', 1, 20.000000, 1, 'shift', NULL, NULL, '2025-09-19 04:10:17', '2025-09-19 04:10:17', 'E30'),
(32097, 31, 7, '2025-09-17', 1, 0.000000, 1, 'shift', NULL, NULL, '2025-09-19 04:10:17', '2025-09-19 04:10:17', 'E19'),
(32098, 32, 7, '2025-09-17', 1, 0.000000, 1, 'shift', NULL, NULL, '2025-09-19 04:10:17', '2025-09-19 04:10:17', 'E20'),
(32099, 33, 7, '2025-09-17', 1, 0.000000, 1, 'shift', NULL, NULL, '2025-09-19 04:10:17', '2025-09-19 04:10:17', 'E21'),
(32100, 34, 7, '2025-09-17', 1, 0.000000, 1, 'shift', NULL, NULL, '2025-09-19 04:10:17', '2025-09-19 04:10:17', 'E22'),
(32101, 35, 7, '2025-09-17', 1, 0.000000, 1, 'shift', NULL, NULL, '2025-09-19 04:10:17', '2025-09-19 04:10:17', 'E26'),
(32102, 36, 7, '2025-09-17', 1, 0.000000, 1, 'shift', NULL, NULL, '2025-09-19 04:10:17', '2025-09-19 04:10:17', 'E29'),
(32103, 38, 7, '2025-09-17', 1, 0.000000, 1, 'shift', NULL, NULL, '2025-09-19 04:10:17', '2025-09-19 04:10:17', 'E31'),
(32104, 39, 7, '2025-09-17', 1, 0.000000, 1, 'shift', NULL, NULL, '2025-09-19 04:10:17', '2025-09-19 04:10:17', 'E33'),
(32105, 40, 7, '2025-09-17', 1, 0.000000, 1, 'shift', NULL, NULL, '2025-09-19 04:10:17', '2025-09-19 04:10:17', 'E34'),
(32106, 41, 7, '2025-09-17', 1, 0.000000, 1, 'shift', NULL, NULL, '2025-09-19 04:10:17', '2025-09-19 04:10:17', 'E35'),
(32107, 42, 7, '2025-09-17', 1, 245.000000, 1, 'shift', NULL, NULL, '2025-09-19 04:10:17', '2025-09-19 04:10:17', 'E36'),
(32108, 43, 7, '2025-09-17', 1, 46.900000, 1, 'shift', NULL, NULL, '2025-09-19 04:10:17', '2025-09-19 04:10:17', 'E37'),
(32109, 44, 7, '2025-09-17', 1, 291.900000, 1, 'shift', NULL, NULL, '2025-09-19 04:10:17', '2025-09-19 04:10:17', 'E39'),
(32110, 45, 7, '2025-09-17', 1, 1.120000, 1, 'shift', NULL, NULL, '2025-09-19 04:10:17', '2025-09-19 04:10:17', 'E41'),
(32111, 46, 7, '2025-09-17', 1, 0.000000, 1, 'shift', NULL, NULL, '2025-09-19 04:10:17', '2025-09-19 04:10:17', 'E42'),
(32112, 47, 7, '2025-09-17', 1, 0.450000, 1, 'shift', NULL, NULL, '2025-09-19 04:10:17', '2025-09-19 04:10:17', 'E44'),
(32113, 48, 7, '2025-09-17', 1, 0.000000, 1, 'shift', NULL, NULL, '2025-09-19 04:10:17', '2025-09-19 04:10:17', 'E45'),
(32114, 49, 7, '2025-09-17', 1, 1.630000, 1, 'shift', NULL, NULL, '2025-09-19 04:10:17', '2025-09-19 04:10:17', 'E48'),
(32115, 50, 7, '2025-09-17', 1, 0.000000, 1, 'shift', NULL, NULL, '2025-09-19 04:10:17', '2025-09-19 04:10:17', 'E49'),
(32116, 51, 7, '2025-09-17', 1, 0.000000, 1, 'shift', NULL, NULL, '2025-09-19 04:10:17', '2025-09-19 04:10:17', 'E50'),
(32117, 52, 7, '2025-09-17', 1, 0.000000, 1, 'shift', NULL, NULL, '2025-09-19 04:10:17', '2025-09-19 04:10:17', 'E51'),
(32118, 53, 7, '2025-09-17', 1, 291.900000, 1, 'shift', NULL, NULL, '2025-09-19 04:10:17', '2025-09-19 04:10:17', 'E52'),
(32119, 278, 7, '2025-09-17', 1, 0.000000, 1, 'shift', NULL, NULL, '2025-09-19 04:10:17', '2025-09-19 04:10:17', 'E19'),
(32120, 26, 8, '2025-09-17', 1, 0.000000, 1, 'shift', NULL, NULL, '2025-09-19 04:10:17', '2025-09-19 04:10:17', 'F11'),
(32121, 27, 8, '2025-09-17', 1, 0.000000, 1, 'shift', NULL, NULL, '2025-09-19 04:10:17', '2025-09-19 04:10:17', 'F13'),
(32122, 28, 8, '2025-09-17', 1, 0.000000, 1, 'shift', NULL, NULL, '2025-09-19 04:10:17', '2025-09-19 04:10:17', 'F15'),
(32123, 29, 8, '2025-09-17', 1, 0.000000, 1, 'shift', NULL, NULL, '2025-09-19 04:10:17', '2025-09-19 04:10:17', 'F17'),
(32124, 30, 8, '2025-09-17', 1, 0.000000, 1, 'shift', NULL, NULL, '2025-09-19 04:10:17', '2025-09-19 04:10:17', 'F18'),
(32125, 37, 8, '2025-09-17', 1, 20.000000, 1, 'shift', NULL, NULL, '2025-09-19 04:10:17', '2025-09-19 04:10:17', 'F30'),
(32126, 31, 8, '2025-09-17', 1, 0.000000, 1, 'shift', NULL, NULL, '2025-09-19 04:10:17', '2025-09-19 04:10:17', 'F19'),
(32127, 32, 8, '2025-09-17', 1, 0.000000, 1, 'shift', NULL, NULL, '2025-09-19 04:10:17', '2025-09-19 04:10:17', 'F20'),
(32128, 33, 8, '2025-09-17', 1, 0.000000, 1, 'shift', NULL, NULL, '2025-09-19 04:10:17', '2025-09-19 04:10:17', 'F21'),
(32129, 34, 8, '2025-09-17', 1, 0.000000, 1, 'shift', NULL, NULL, '2025-09-19 04:10:17', '2025-09-19 04:10:17', 'F22'),
(32130, 35, 8, '2025-09-17', 1, 0.000000, 1, 'shift', NULL, NULL, '2025-09-19 04:10:17', '2025-09-19 04:10:17', 'F26'),
(32131, 36, 8, '2025-09-17', 1, 0.000000, 1, 'shift', NULL, NULL, '2025-09-19 04:10:17', '2025-09-19 04:10:17', 'F29'),
(32132, 38, 8, '2025-09-17', 1, 0.000000, 1, 'shift', NULL, NULL, '2025-09-19 04:10:17', '2025-09-19 04:10:17', 'F31'),
(32133, 39, 8, '2025-09-17', 1, 0.000000, 1, 'shift', NULL, NULL, '2025-09-19 04:10:17', '2025-09-19 04:10:17', 'F33'),
(32134, 40, 8, '2025-09-17', 1, 0.000000, 1, 'shift', NULL, NULL, '2025-09-19 04:10:17', '2025-09-19 04:10:17', 'F34'),
(32135, 41, 8, '2025-09-17', 1, 0.000000, 1, 'shift', NULL, NULL, '2025-09-19 04:10:17', '2025-09-19 04:10:17', 'F35'),
(32136, 42, 8, '2025-09-17', 1, 0.000000, 1, 'shift', NULL, NULL, '2025-09-19 04:10:17', '2025-09-19 04:10:17', 'F36'),
(32137, 43, 8, '2025-09-17', 1, 46.900000, 1, 'shift', NULL, NULL, '2025-09-19 04:10:17', '2025-09-19 04:10:17', 'F37'),
(32138, 44, 8, '2025-09-17', 1, 46.900000, 1, 'shift', NULL, NULL, '2025-09-19 04:10:17', '2025-09-19 04:10:17', 'F39'),
(32139, 45, 8, '2025-09-17', 1, 1.120000, 1, 'shift', NULL, NULL, '2025-09-19 04:10:17', '2025-09-19 04:10:17', 'F41'),
(32140, 46, 8, '2025-09-17', 1, 0.000000, 1, 'shift', NULL, NULL, '2025-09-19 04:10:17', '2025-09-19 04:10:17', 'F42'),
(32141, 47, 8, '2025-09-17', 1, 0.450000, 1, 'shift', NULL, NULL, '2025-09-19 04:10:17', '2025-09-19 04:10:17', 'F44'),
(32142, 48, 8, '2025-09-17', 1, 0.000000, 1, 'shift', NULL, NULL, '2025-09-19 04:10:17', '2025-09-19 04:10:17', 'F45'),
(32143, 49, 8, '2025-09-17', 1, 1.630000, 1, 'shift', NULL, NULL, '2025-09-19 04:10:17', '2025-09-19 04:10:17', 'F48'),
(32144, 50, 8, '2025-09-17', 1, 0.000000, 1, 'shift', NULL, NULL, '2025-09-19 04:10:17', '2025-09-19 04:10:17', 'F49'),
(32145, 51, 8, '2025-09-17', 1, 0.000000, 1, 'shift', NULL, NULL, '2025-09-19 04:10:17', '2025-09-19 04:10:17', 'F50'),
(32146, 52, 8, '2025-09-17', 1, 0.000000, 1, 'shift', NULL, NULL, '2025-09-19 04:10:17', '2025-09-19 04:10:17', 'F51'),
(32147, 53, 8, '2025-09-17', 1, 46.900000, 1, 'shift', NULL, NULL, '2025-09-19 04:10:17', '2025-09-19 04:10:17', 'F52'),
(32148, 278, 8, '2025-09-17', 1, 0.000000, 1, 'shift', NULL, NULL, '2025-09-19 04:10:17', '2025-09-19 04:10:17', 'F19'),
(32149, 26, 9, '2025-09-17', 1, 0.000000, 1, 'shift', NULL, NULL, '2025-09-19 04:10:17', '2025-09-19 04:10:17', 'G11'),
(32150, 27, 9, '2025-09-17', 1, 0.000000, 1, 'shift', NULL, NULL, '2025-09-19 04:10:17', '2025-09-19 04:10:17', 'G13'),
(32151, 28, 9, '2025-09-17', 1, 8.000000, 1, 'shift', NULL, NULL, '2025-09-19 04:10:17', '2025-09-19 04:10:17', 'G15'),
(32152, 29, 9, '2025-09-17', 1, 0.000000, 1, 'shift', NULL, NULL, '2025-09-19 04:10:17', '2025-09-19 04:10:17', 'G17'),
(32153, 30, 9, '2025-09-17', 1, 0.000000, 1, 'shift', NULL, NULL, '2025-09-19 04:10:17', '2025-09-19 04:10:17', 'G18'),
(32154, 37, 9, '2025-09-17', 1, 20.000000, 1, 'shift', NULL, NULL, '2025-09-19 04:10:17', '2025-09-19 04:10:17', 'G30'),
(32155, 31, 9, '2025-09-17', 1, 0.000000, 1, 'shift', NULL, NULL, '2025-09-19 04:10:17', '2025-09-19 04:10:17', 'G19'),
(32156, 32, 9, '2025-09-17', 1, 0.000000, 1, 'shift', NULL, NULL, '2025-09-19 04:10:17', '2025-09-19 04:10:17', 'G20'),
(32157, 33, 9, '2025-09-17', 1, 0.000000, 1, 'shift', NULL, NULL, '2025-09-19 04:10:17', '2025-09-19 04:10:17', 'G21'),
(32158, 34, 9, '2025-09-17', 1, 0.000000, 1, 'shift', NULL, NULL, '2025-09-19 04:10:17', '2025-09-19 04:10:17', 'G22'),
(32159, 35, 9, '2025-09-17', 1, 0.000000, 1, 'shift', NULL, NULL, '2025-09-19 04:10:17', '2025-09-19 04:10:17', 'G26'),
(32160, 36, 9, '2025-09-17', 1, 0.000000, 1, 'shift', NULL, NULL, '2025-09-19 04:10:17', '2025-09-19 04:10:17', 'G29'),
(32161, 38, 9, '2025-09-17', 1, 0.000000, 1, 'shift', NULL, NULL, '2025-09-19 04:10:17', '2025-09-19 04:10:17', 'G31'),
(32162, 39, 9, '2025-09-17', 1, 0.000000, 1, 'shift', NULL, NULL, '2025-09-19 04:10:17', '2025-09-19 04:10:17', 'G33'),
(32163, 40, 9, '2025-09-17', 1, 0.000000, 1, 'shift', NULL, NULL, '2025-09-19 04:10:17', '2025-09-19 04:10:17', 'G34'),
(32164, 41, 9, '2025-09-17', 1, 0.000000, 1, 'shift', NULL, NULL, '2025-09-19 04:10:17', '2025-09-19 04:10:17', 'G35'),
(32165, 42, 9, '2025-09-17', 1, 0.000000, 1, 'shift', NULL, NULL, '2025-09-19 04:10:17', '2025-09-19 04:10:17', 'G36'),
(32166, 43, 9, '2025-09-17', 1, 0.000000, 1, 'shift', NULL, NULL, '2025-09-19 04:10:17', '2025-09-19 04:10:17', 'G37'),
(32167, 44, 9, '2025-09-17', 1, 0.000000, 1, 'shift', NULL, NULL, '2025-09-19 04:10:17', '2025-09-19 04:10:17', 'G39'),
(32168, 45, 9, '2025-09-17', 1, 2.230000, 1, 'shift', NULL, NULL, '2025-09-19 04:10:17', '2025-09-19 04:10:17', 'G41'),
(32169, 46, 9, '2025-09-17', 1, 0.000000, 1, 'shift', NULL, NULL, '2025-09-19 04:10:17', '2025-09-19 04:10:17', 'G42'),
(32170, 47, 9, '2025-09-17', 1, 0.000000, 1, 'shift', NULL, NULL, '2025-09-19 04:10:17', '2025-09-19 04:10:17', 'G44'),
(32171, 48, 9, '2025-09-17', 1, 0.000000, 1, 'shift', NULL, NULL, '2025-09-19 04:10:17', '2025-09-19 04:10:17', 'G45'),
(32172, 49, 9, '2025-09-17', 1, 3.260000, 1, 'shift', NULL, NULL, '2025-09-19 04:10:17', '2025-09-19 04:10:17', 'G48'),
(32173, 50, 9, '2025-09-17', 1, 0.000000, 1, 'shift', NULL, NULL, '2025-09-19 04:10:17', '2025-09-19 04:10:17', 'G49'),
(32174, 51, 9, '2025-09-17', 1, 0.000000, 1, 'shift', NULL, NULL, '2025-09-19 04:10:17', '2025-09-19 04:10:17', 'G50'),
(32175, 52, 9, '2025-09-17', 1, 0.000000, 1, 'shift', NULL, NULL, '2025-09-19 04:10:17', '2025-09-19 04:10:17', 'G51'),
(32176, 53, 9, '2025-09-17', 1, 0.000000, 1, 'shift', NULL, NULL, '2025-09-19 04:10:17', '2025-09-19 04:10:17', 'G52'),
(32177, 271, 9, '2025-09-17', 1, 0.000000, 1, 'shift', NULL, NULL, '2025-09-19 04:10:17', '2025-09-19 04:10:17', 'G12'),
(32178, 272, 9, '2025-09-17', 1, 0.000000, 1, 'shift', NULL, NULL, '2025-09-19 04:10:17', '2025-09-19 04:10:17', 'G13'),
(32179, 278, 9, '2025-09-17', 1, 21.130000, 1, 'shift', NULL, NULL, '2025-09-19 04:10:17', '2025-09-19 04:10:17', 'G19'),
(32180, 275, 7, '2025-09-17', 1, 0.000000, 1, 'shift', NULL, NULL, '2025-09-19 04:10:17', '2025-09-19 04:10:17', 'E16'),
(32181, 277, 7, '2025-09-17', 1, 8.000000, 1, 'shift', NULL, NULL, '2025-09-19 04:10:17', '2025-09-19 04:10:17', 'E18'),
(32182, 279, 7, '2025-09-17', 1, 0.000000, 1, 'shift', NULL, NULL, '2025-09-19 04:10:17', '2025-09-19 04:10:17', 'E21'),
(32183, 280, 7, '2025-09-17', 1, 0.000000, 1, 'shift', NULL, NULL, '2025-09-19 04:10:17', '2025-09-19 04:10:17', 'E22'),
(32184, 281, 7, '2025-09-17', 1, 0.000000, 1, 'shift', NULL, NULL, '2025-09-19 04:10:17', '2025-09-19 04:10:17', 'E23'),
(32185, 282, 7, '2025-09-17', 1, 0.000000, 1, 'shift', NULL, NULL, '2025-09-19 04:10:17', '2025-09-19 04:10:17', 'E24'),
(32186, 275, 8, '2025-09-17', 1, 0.000000, 1, 'shift', NULL, NULL, '2025-09-19 04:10:17', '2025-09-19 04:10:17', 'F16'),
(32187, 277, 8, '2025-09-17', 1, 0.000000, 1, 'shift', NULL, NULL, '2025-09-19 04:10:17', '2025-09-19 04:10:17', 'F18'),
(32188, 279, 8, '2025-09-17', 1, 0.000000, 1, 'shift', NULL, NULL, '2025-09-19 04:10:17', '2025-09-19 04:10:17', 'F21'),
(32189, 280, 8, '2025-09-17', 1, 0.000000, 1, 'shift', NULL, NULL, '2025-09-19 04:10:17', '2025-09-19 04:10:17', 'F22'),
(32190, 281, 8, '2025-09-17', 1, 0.000000, 1, 'shift', NULL, NULL, '2025-09-19 04:10:17', '2025-09-19 04:10:17', 'F23'),
(32191, 282, 8, '2025-09-17', 1, 0.000000, 1, 'shift', NULL, NULL, '2025-09-19 04:10:17', '2025-09-19 04:10:17', 'F24'),
(32192, 275, 9, '2025-09-17', 1, 0.000000, 1, 'shift', NULL, NULL, '2025-09-19 04:10:17', '2025-09-19 04:10:17', 'G16'),
(32193, 277, 9, '2025-09-17', 1, 8.000000, 1, 'shift', NULL, NULL, '2025-09-19 04:10:17', '2025-09-19 04:10:17', 'G18'),
(32194, 279, 9, '2025-09-17', 1, 2.640000, 1, 'shift', NULL, NULL, '2025-09-19 04:10:17', '2025-09-19 04:10:17', 'G21'),
(32195, 280, 9, '2025-09-17', 1, 0.000000, 1, 'shift', NULL, NULL, '2025-09-19 04:10:17', '2025-09-19 04:10:17', 'G22'),
(32196, 281, 9, '2025-09-17', 1, 0.000000, 1, 'shift', NULL, NULL, '2025-09-19 04:10:17', '2025-09-19 04:10:17', 'G23'),
(32197, 282, 9, '2025-09-17', 1, 0.000000, 1, 'shift', NULL, NULL, '2025-09-19 04:10:17', '2025-09-19 04:10:17', 'G24'),
(32198, 26, 7, '2025-09-17', 2, 0.000000, 1, 'shift', NULL, NULL, '2025-09-19 04:10:17', '2025-09-19 04:10:17', 'E11'),
(32199, 27, 7, '2025-09-17', 2, 0.000000, 1, 'shift', NULL, NULL, '2025-09-19 04:10:17', '2025-09-19 04:10:17', 'E13'),
(32200, 28, 7, '2025-09-17', 2, 8.000000, 1, 'shift', NULL, NULL, '2025-09-19 04:10:17', '2025-09-19 04:10:17', 'E15'),
(32201, 29, 7, '2025-09-17', 2, 0.000000, 1, 'shift', NULL, NULL, '2025-09-19 04:10:17', '2025-09-19 04:10:17', 'E17'),
(32202, 30, 7, '2025-09-17', 2, 0.000000, 1, 'shift', NULL, NULL, '2025-09-19 04:10:17', '2025-09-19 04:10:17', 'E18'),
(32203, 37, 7, '2025-09-17', 2, 20.000000, 1, 'shift', NULL, NULL, '2025-09-19 04:10:17', '2025-09-19 04:10:17', 'E30'),
(32204, 31, 7, '2025-09-17', 2, 0.000000, 1, 'shift', NULL, NULL, '2025-09-19 04:10:17', '2025-09-19 04:10:17', 'E19'),
(32205, 32, 7, '2025-09-17', 2, 0.000000, 1, 'shift', NULL, NULL, '2025-09-19 04:10:17', '2025-09-19 04:10:17', 'E20'),
(32206, 33, 7, '2025-09-17', 2, 0.000000, 1, 'shift', NULL, NULL, '2025-09-19 04:10:17', '2025-09-19 04:10:17', 'E21'),
(32207, 34, 7, '2025-09-17', 2, 0.000000, 1, 'shift', NULL, NULL, '2025-09-19 04:10:17', '2025-09-19 04:10:17', 'E22'),
(32208, 35, 7, '2025-09-17', 2, 0.000000, 1, 'shift', NULL, NULL, '2025-09-19 04:10:17', '2025-09-19 04:10:17', 'E26'),
(32209, 36, 7, '2025-09-17', 2, 0.000000, 1, 'shift', NULL, NULL, '2025-09-19 04:10:17', '2025-09-19 04:10:17', 'E29'),
(32210, 38, 7, '2025-09-17', 2, 0.000000, 1, 'shift', NULL, NULL, '2025-09-19 04:10:17', '2025-09-19 04:10:17', 'E31'),
(32211, 39, 7, '2025-09-17', 2, 0.000000, 1, 'shift', NULL, NULL, '2025-09-19 04:10:17', '2025-09-19 04:10:17', 'E33'),
(32212, 40, 7, '2025-09-17', 2, 0.000000, 1, 'shift', NULL, NULL, '2025-09-19 04:10:17', '2025-09-19 04:10:17', 'E34'),
(32213, 41, 7, '2025-09-17', 2, 0.000000, 1, 'shift', NULL, NULL, '2025-09-19 04:10:17', '2025-09-19 04:10:17', 'E35'),
(32214, 42, 7, '2025-09-17', 2, 245.000000, 1, 'shift', NULL, NULL, '2025-09-19 04:10:17', '2025-09-19 04:10:17', 'E36'),
(32215, 43, 7, '2025-09-17', 2, 46.900000, 1, 'shift', NULL, NULL, '2025-09-19 04:10:17', '2025-09-19 04:10:17', 'E37'),
(32216, 44, 7, '2025-09-17', 2, 291.900000, 1, 'shift', NULL, NULL, '2025-09-19 04:10:17', '2025-09-19 04:10:17', 'E39'),
(32217, 45, 7, '2025-09-17', 2, 1.120000, 1, 'shift', NULL, NULL, '2025-09-19 04:10:17', '2025-09-19 04:10:17', 'E41'),
(32218, 46, 7, '2025-09-17', 2, 0.000000, 1, 'shift', NULL, NULL, '2025-09-19 04:10:17', '2025-09-19 04:10:17', 'E42'),
(32219, 47, 7, '2025-09-17', 2, 0.450000, 1, 'shift', NULL, NULL, '2025-09-19 04:10:17', '2025-09-19 04:10:17', 'E44'),
(32220, 48, 7, '2025-09-17', 2, 0.000000, 1, 'shift', NULL, NULL, '2025-09-19 04:10:17', '2025-09-19 04:10:17', 'E45'),
(32221, 49, 7, '2025-09-17', 2, 1.630000, 1, 'shift', NULL, NULL, '2025-09-19 04:10:17', '2025-09-19 04:10:17', 'E48'),
(32222, 50, 7, '2025-09-17', 2, 0.000000, 1, 'shift', NULL, NULL, '2025-09-19 04:10:17', '2025-09-19 04:10:17', 'E49'),
(32223, 51, 7, '2025-09-17', 2, 0.000000, 1, 'shift', NULL, NULL, '2025-09-19 04:10:17', '2025-09-19 04:10:17', 'E50'),
(32224, 52, 7, '2025-09-17', 2, 0.000000, 1, 'shift', NULL, NULL, '2025-09-19 04:10:17', '2025-09-19 04:10:17', 'E51'),
(32225, 53, 7, '2025-09-17', 2, 291.900000, 1, 'shift', NULL, NULL, '2025-09-19 04:10:17', '2025-09-19 04:10:17', 'E52'),
(32226, 278, 7, '2025-09-17', 2, 0.000000, 1, 'shift', NULL, NULL, '2025-09-19 04:10:17', '2025-09-19 04:10:17', 'E19'),
(32227, 26, 8, '2025-09-17', 2, 0.000000, 1, 'shift', NULL, NULL, '2025-09-19 04:10:17', '2025-09-19 04:10:17', 'F11'),
(32228, 27, 8, '2025-09-17', 2, 0.000000, 1, 'shift', NULL, NULL, '2025-09-19 04:10:17', '2025-09-19 04:10:17', 'F13'),
(32229, 28, 8, '2025-09-17', 2, 0.000000, 1, 'shift', NULL, NULL, '2025-09-19 04:10:17', '2025-09-19 04:10:17', 'F15'),
(32230, 29, 8, '2025-09-17', 2, 0.000000, 1, 'shift', NULL, NULL, '2025-09-19 04:10:17', '2025-09-19 04:10:17', 'F17'),
(32231, 30, 8, '2025-09-17', 2, 0.000000, 1, 'shift', NULL, NULL, '2025-09-19 04:10:17', '2025-09-19 04:10:17', 'F18'),
(32232, 37, 8, '2025-09-17', 2, 20.000000, 1, 'shift', NULL, NULL, '2025-09-19 04:10:17', '2025-09-19 04:10:17', 'F30'),
(32233, 31, 8, '2025-09-17', 2, 0.000000, 1, 'shift', NULL, NULL, '2025-09-19 04:10:17', '2025-09-19 04:10:17', 'F19'),
(32234, 32, 8, '2025-09-17', 2, 0.000000, 1, 'shift', NULL, NULL, '2025-09-19 04:10:17', '2025-09-19 04:10:17', 'F20'),
(32235, 33, 8, '2025-09-17', 2, 0.000000, 1, 'shift', NULL, NULL, '2025-09-19 04:10:17', '2025-09-19 04:10:17', 'F21'),
(32236, 34, 8, '2025-09-17', 2, 0.000000, 1, 'shift', NULL, NULL, '2025-09-19 04:10:17', '2025-09-19 04:10:17', 'F22'),
(32237, 35, 8, '2025-09-17', 2, 0.000000, 1, 'shift', NULL, NULL, '2025-09-19 04:10:17', '2025-09-19 04:10:17', 'F26'),
(32238, 36, 8, '2025-09-17', 2, 0.000000, 1, 'shift', NULL, NULL, '2025-09-19 04:10:17', '2025-09-19 04:10:17', 'F29'),
(32239, 38, 8, '2025-09-17', 2, 0.000000, 1, 'shift', NULL, NULL, '2025-09-19 04:10:17', '2025-09-19 04:10:17', 'F31'),
(32240, 39, 8, '2025-09-17', 2, 0.000000, 1, 'shift', NULL, NULL, '2025-09-19 04:10:17', '2025-09-19 04:10:17', 'F33'),
(32241, 40, 8, '2025-09-17', 2, 0.000000, 1, 'shift', NULL, NULL, '2025-09-19 04:10:17', '2025-09-19 04:10:17', 'F34'),
(32242, 41, 8, '2025-09-17', 2, 0.000000, 1, 'shift', NULL, NULL, '2025-09-19 04:10:17', '2025-09-19 04:10:17', 'F35'),
(32243, 42, 8, '2025-09-17', 2, 0.000000, 1, 'shift', NULL, NULL, '2025-09-19 04:10:17', '2025-09-19 04:10:17', 'F36'),
(32244, 43, 8, '2025-09-17', 2, 46.900000, 1, 'shift', NULL, NULL, '2025-09-19 04:10:17', '2025-09-19 04:10:17', 'F37'),
(32245, 44, 8, '2025-09-17', 2, 46.900000, 1, 'shift', NULL, NULL, '2025-09-19 04:10:17', '2025-09-19 04:10:17', 'F39'),
(32246, 45, 8, '2025-09-17', 2, 1.120000, 1, 'shift', NULL, NULL, '2025-09-19 04:10:17', '2025-09-19 04:10:17', 'F41'),
(32247, 46, 8, '2025-09-17', 2, 0.000000, 1, 'shift', NULL, NULL, '2025-09-19 04:10:17', '2025-09-19 04:10:17', 'F42'),
(32248, 47, 8, '2025-09-17', 2, 0.450000, 1, 'shift', NULL, NULL, '2025-09-19 04:10:17', '2025-09-19 04:10:17', 'F44'),
(32249, 48, 8, '2025-09-17', 2, 0.000000, 1, 'shift', NULL, NULL, '2025-09-19 04:10:17', '2025-09-19 04:10:17', 'F45'),
(32250, 49, 8, '2025-09-17', 2, 1.630000, 1, 'shift', NULL, NULL, '2025-09-19 04:10:17', '2025-09-19 04:10:17', 'F48'),
(32251, 50, 8, '2025-09-17', 2, 0.000000, 1, 'shift', NULL, NULL, '2025-09-19 04:10:17', '2025-09-19 04:10:17', 'F49'),
(32252, 51, 8, '2025-09-17', 2, 0.000000, 1, 'shift', NULL, NULL, '2025-09-19 04:10:17', '2025-09-19 04:10:17', 'F50'),
(32253, 52, 8, '2025-09-17', 2, 0.000000, 1, 'shift', NULL, NULL, '2025-09-19 04:10:17', '2025-09-19 04:10:17', 'F51'),
(32254, 53, 8, '2025-09-17', 2, 46.900000, 1, 'shift', NULL, NULL, '2025-09-19 04:10:17', '2025-09-19 04:10:17', 'F52'),
(32255, 278, 8, '2025-09-17', 2, 0.000000, 1, 'shift', NULL, NULL, '2025-09-19 04:10:17', '2025-09-19 04:10:17', 'F19'),
(32256, 26, 9, '2025-09-17', 2, 0.000000, 1, 'shift', NULL, NULL, '2025-09-19 04:10:17', '2025-09-19 04:10:17', 'G11'),
(32257, 27, 9, '2025-09-17', 2, 0.000000, 1, 'shift', NULL, NULL, '2025-09-19 04:10:17', '2025-09-19 04:10:17', 'G13'),
(32258, 28, 9, '2025-09-17', 2, 8.000000, 1, 'shift', NULL, NULL, '2025-09-19 04:10:17', '2025-09-19 04:10:17', 'G15'),
(32259, 29, 9, '2025-09-17', 2, 0.000000, 1, 'shift', NULL, NULL, '2025-09-19 04:10:17', '2025-09-19 04:10:17', 'G17'),
(32260, 30, 9, '2025-09-17', 2, 0.000000, 1, 'shift', NULL, NULL, '2025-09-19 04:10:17', '2025-09-19 04:10:17', 'G18'),
(32261, 37, 9, '2025-09-17', 2, 20.000000, 1, 'shift', NULL, NULL, '2025-09-19 04:10:17', '2025-09-19 04:10:17', 'G30'),
(32262, 31, 9, '2025-09-17', 2, 0.000000, 1, 'shift', NULL, NULL, '2025-09-19 04:10:17', '2025-09-19 04:10:17', 'G19'),
(32263, 32, 9, '2025-09-17', 2, 0.000000, 1, 'shift', NULL, NULL, '2025-09-19 04:10:17', '2025-09-19 04:10:17', 'G20'),
(32264, 33, 9, '2025-09-17', 2, 0.000000, 1, 'shift', NULL, NULL, '2025-09-19 04:10:17', '2025-09-19 04:10:17', 'G21'),
(32265, 34, 9, '2025-09-17', 2, 0.000000, 1, 'shift', NULL, NULL, '2025-09-19 04:10:17', '2025-09-19 04:10:17', 'G22'),
(32266, 35, 9, '2025-09-17', 2, 0.000000, 1, 'shift', NULL, NULL, '2025-09-19 04:10:17', '2025-09-19 04:10:17', 'G26'),
(32267, 36, 9, '2025-09-17', 2, 0.000000, 1, 'shift', NULL, NULL, '2025-09-19 04:10:17', '2025-09-19 04:10:17', 'G29'),
(32268, 38, 9, '2025-09-17', 2, 0.000000, 1, 'shift', NULL, NULL, '2025-09-19 04:10:17', '2025-09-19 04:10:17', 'G31'),
(32269, 39, 9, '2025-09-17', 2, 0.000000, 1, 'shift', NULL, NULL, '2025-09-19 04:10:17', '2025-09-19 04:10:17', 'G33'),
(32270, 40, 9, '2025-09-17', 2, 0.000000, 1, 'shift', NULL, NULL, '2025-09-19 04:10:17', '2025-09-19 04:10:17', 'G34'),
(32271, 41, 9, '2025-09-17', 2, 0.000000, 1, 'shift', NULL, NULL, '2025-09-19 04:10:17', '2025-09-19 04:10:17', 'G35'),
(32272, 42, 9, '2025-09-17', 2, 0.000000, 1, 'shift', NULL, NULL, '2025-09-19 04:10:17', '2025-09-19 04:10:17', 'G36'),
(32273, 43, 9, '2025-09-17', 2, 0.000000, 1, 'shift', NULL, NULL, '2025-09-19 04:10:17', '2025-09-19 04:10:17', 'G37'),
(32274, 44, 9, '2025-09-17', 2, 0.000000, 1, 'shift', NULL, NULL, '2025-09-19 04:10:17', '2025-09-19 04:10:17', 'G39'),
(32275, 45, 9, '2025-09-17', 2, 2.230000, 1, 'shift', NULL, NULL, '2025-09-19 04:10:17', '2025-09-19 04:10:17', 'G41'),
(32276, 46, 9, '2025-09-17', 2, 0.000000, 1, 'shift', NULL, NULL, '2025-09-19 04:10:17', '2025-09-19 04:10:17', 'G42'),
(32277, 47, 9, '2025-09-17', 2, 0.000000, 1, 'shift', NULL, NULL, '2025-09-19 04:10:17', '2025-09-19 04:10:17', 'G44'),
(32278, 48, 9, '2025-09-17', 2, 0.000000, 1, 'shift', NULL, NULL, '2025-09-19 04:10:17', '2025-09-19 04:10:17', 'G45'),
(32279, 49, 9, '2025-09-17', 2, 3.260000, 1, 'shift', NULL, NULL, '2025-09-19 04:10:17', '2025-09-19 04:10:17', 'G48'),
(32280, 50, 9, '2025-09-17', 2, 0.000000, 1, 'shift', NULL, NULL, '2025-09-19 04:10:17', '2025-09-19 04:10:17', 'G49'),
(32281, 51, 9, '2025-09-17', 2, 0.000000, 1, 'shift', NULL, NULL, '2025-09-19 04:10:17', '2025-09-19 04:10:17', 'G50'),
(32282, 52, 9, '2025-09-17', 2, 0.000000, 1, 'shift', NULL, NULL, '2025-09-19 04:10:17', '2025-09-19 04:10:17', 'G51'),
(32283, 53, 9, '2025-09-17', 2, 0.000000, 1, 'shift', NULL, NULL, '2025-09-19 04:10:17', '2025-09-19 04:10:17', 'G52'),
(32284, 271, 9, '2025-09-17', 2, 0.000000, 1, 'shift', NULL, NULL, '2025-09-19 04:10:17', '2025-09-19 04:10:17', 'G12'),
(32285, 272, 9, '2025-09-17', 2, 0.000000, 1, 'shift', NULL, NULL, '2025-09-19 04:10:17', '2025-09-19 04:10:17', 'G13'),
(32286, 278, 9, '2025-09-17', 2, 21.130000, 1, 'shift', NULL, NULL, '2025-09-19 04:10:17', '2025-09-19 04:10:17', 'G19'),
(32287, 275, 7, '2025-09-17', 2, 0.000000, 1, 'shift', NULL, NULL, '2025-09-19 04:10:17', '2025-09-19 04:10:17', 'E16'),
(32288, 277, 7, '2025-09-17', 2, 8.000000, 1, 'shift', NULL, NULL, '2025-09-19 04:10:17', '2025-09-19 04:10:17', 'E18'),
(32289, 279, 7, '2025-09-17', 2, 0.000000, 1, 'shift', NULL, NULL, '2025-09-19 04:10:17', '2025-09-19 04:10:17', 'E21'),
(32290, 280, 7, '2025-09-17', 2, 0.000000, 1, 'shift', NULL, NULL, '2025-09-19 04:10:17', '2025-09-19 04:10:17', 'E22'),
(32291, 281, 7, '2025-09-17', 2, 0.000000, 1, 'shift', NULL, NULL, '2025-09-19 04:10:17', '2025-09-19 04:10:17', 'E23'),
(32292, 282, 7, '2025-09-17', 2, 0.000000, 1, 'shift', NULL, NULL, '2025-09-19 04:10:17', '2025-09-19 04:10:17', 'E24'),
(32293, 275, 8, '2025-09-17', 2, 0.000000, 1, 'shift', NULL, NULL, '2025-09-19 04:10:17', '2025-09-19 04:10:17', 'F16'),
(32294, 277, 8, '2025-09-17', 2, 0.000000, 1, 'shift', NULL, NULL, '2025-09-19 04:10:17', '2025-09-19 04:10:17', 'F18'),
(32295, 279, 8, '2025-09-17', 2, 0.000000, 1, 'shift', NULL, NULL, '2025-09-19 04:10:17', '2025-09-19 04:10:17', 'F21'),
(32296, 280, 8, '2025-09-17', 2, 0.000000, 1, 'shift', NULL, NULL, '2025-09-19 04:10:17', '2025-09-19 04:10:17', 'F22'),
(32297, 281, 8, '2025-09-17', 2, 0.000000, 1, 'shift', NULL, NULL, '2025-09-19 04:10:17', '2025-09-19 04:10:17', 'F23'),
(32298, 282, 8, '2025-09-17', 2, 0.000000, 1, 'shift', NULL, NULL, '2025-09-19 04:10:17', '2025-09-19 04:10:17', 'F24'),
(32299, 275, 9, '2025-09-17', 2, 0.000000, 1, 'shift', NULL, NULL, '2025-09-19 04:10:17', '2025-09-19 04:10:17', 'G16'),
(32300, 277, 9, '2025-09-17', 2, 8.000000, 1, 'shift', NULL, NULL, '2025-09-19 04:10:17', '2025-09-19 04:10:17', 'G18'),
(32301, 279, 9, '2025-09-17', 2, 2.640000, 1, 'shift', NULL, NULL, '2025-09-19 04:10:17', '2025-09-19 04:10:17', 'G21'),
(32302, 280, 9, '2025-09-17', 2, 0.000000, 1, 'shift', NULL, NULL, '2025-09-19 04:10:17', '2025-09-19 04:10:17', 'G22'),
(32303, 281, 9, '2025-09-17', 2, 0.000000, 1, 'shift', NULL, NULL, '2025-09-19 04:10:17', '2025-09-19 04:10:17', 'G23'),
(32304, 282, 9, '2025-09-17', 2, 0.000000, 1, 'shift', NULL, NULL, '2025-09-19 04:10:17', '2025-09-19 04:10:17', 'G24'),
(32305, 26, 7, '2025-09-17', 3, 0.000000, 1, 'shift', NULL, NULL, '2025-09-19 04:10:17', '2025-09-19 04:10:17', 'E11'),
(32306, 27, 7, '2025-09-17', 3, 0.000000, 1, 'shift', NULL, NULL, '2025-09-19 04:10:17', '2025-09-19 04:10:17', 'E13'),
(32307, 28, 7, '2025-09-17', 3, 8.000000, 1, 'shift', NULL, NULL, '2025-09-19 04:10:17', '2025-09-19 04:10:17', 'E15'),
(32308, 29, 7, '2025-09-17', 3, 0.000000, 1, 'shift', NULL, NULL, '2025-09-19 04:10:17', '2025-09-19 04:10:17', 'E17'),
(32309, 30, 7, '2025-09-17', 3, 0.000000, 1, 'shift', NULL, NULL, '2025-09-19 04:10:17', '2025-09-19 04:10:17', 'E18'),
(32310, 37, 7, '2025-09-17', 3, 20.000000, 1, 'shift', NULL, NULL, '2025-09-19 04:10:17', '2025-09-19 04:10:17', 'E30'),
(32311, 31, 7, '2025-09-17', 3, 0.000000, 1, 'shift', NULL, NULL, '2025-09-19 04:10:17', '2025-09-19 04:10:17', 'E19'),
(32312, 32, 7, '2025-09-17', 3, 0.000000, 1, 'shift', NULL, NULL, '2025-09-19 04:10:17', '2025-09-19 04:10:17', 'E20'),
(32313, 33, 7, '2025-09-17', 3, 0.000000, 1, 'shift', NULL, NULL, '2025-09-19 04:10:17', '2025-09-19 04:10:17', 'E21'),
(32314, 34, 7, '2025-09-17', 3, 0.000000, 1, 'shift', NULL, NULL, '2025-09-19 04:10:17', '2025-09-19 04:10:17', 'E22'),
(32315, 35, 7, '2025-09-17', 3, 0.000000, 1, 'shift', NULL, NULL, '2025-09-19 04:10:17', '2025-09-19 04:10:17', 'E26'),
(32316, 36, 7, '2025-09-17', 3, 0.000000, 1, 'shift', NULL, NULL, '2025-09-19 04:10:17', '2025-09-19 04:10:17', 'E29'),
(32317, 38, 7, '2025-09-17', 3, 0.000000, 1, 'shift', NULL, NULL, '2025-09-19 04:10:17', '2025-09-19 04:10:17', 'E31'),
(32318, 39, 7, '2025-09-17', 3, 0.000000, 1, 'shift', NULL, NULL, '2025-09-19 04:10:17', '2025-09-19 04:10:17', 'E33'),
(32319, 40, 7, '2025-09-17', 3, 0.000000, 1, 'shift', NULL, NULL, '2025-09-19 04:10:17', '2025-09-19 04:10:17', 'E34'),
(32320, 41, 7, '2025-09-17', 3, 0.000000, 1, 'shift', NULL, NULL, '2025-09-19 04:10:17', '2025-09-19 04:10:17', 'E35'),
(32321, 42, 7, '2025-09-17', 3, 245.000000, 1, 'shift', NULL, NULL, '2025-09-19 04:10:17', '2025-09-19 04:10:17', 'E36'),
(32322, 43, 7, '2025-09-17', 3, 46.900000, 1, 'shift', NULL, NULL, '2025-09-19 04:10:17', '2025-09-19 04:10:17', 'E37'),
(32323, 44, 7, '2025-09-17', 3, 291.900000, 1, 'shift', NULL, NULL, '2025-09-19 04:10:17', '2025-09-19 04:10:17', 'E39'),
(32324, 45, 7, '2025-09-17', 3, 1.120000, 1, 'shift', NULL, NULL, '2025-09-19 04:10:17', '2025-09-19 04:10:17', 'E41'),
(32325, 46, 7, '2025-09-17', 3, 0.000000, 1, 'shift', NULL, NULL, '2025-09-19 04:10:17', '2025-09-19 04:10:17', 'E42'),
(32326, 47, 7, '2025-09-17', 3, 0.450000, 1, 'shift', NULL, NULL, '2025-09-19 04:10:17', '2025-09-19 04:10:17', 'E44'),
(32327, 48, 7, '2025-09-17', 3, 0.000000, 1, 'shift', NULL, NULL, '2025-09-19 04:10:17', '2025-09-19 04:10:17', 'E45'),
(32328, 49, 7, '2025-09-17', 3, 1.630000, 1, 'shift', NULL, NULL, '2025-09-19 04:10:17', '2025-09-19 04:10:17', 'E48'),
(32329, 50, 7, '2025-09-17', 3, 0.000000, 1, 'shift', NULL, NULL, '2025-09-19 04:10:17', '2025-09-19 04:10:17', 'E49'),
(32330, 51, 7, '2025-09-17', 3, 0.000000, 1, 'shift', NULL, NULL, '2025-09-19 04:10:17', '2025-09-19 04:10:17', 'E50'),
(32331, 52, 7, '2025-09-17', 3, 0.000000, 1, 'shift', NULL, NULL, '2025-09-19 04:10:17', '2025-09-19 04:10:17', 'E51'),
(32332, 53, 7, '2025-09-17', 3, 291.900000, 1, 'shift', NULL, NULL, '2025-09-19 04:10:17', '2025-09-19 04:10:17', 'E52'),
(32333, 278, 7, '2025-09-17', 3, 0.000000, 1, 'shift', NULL, NULL, '2025-09-19 04:10:17', '2025-09-19 04:10:17', 'E19'),
(32334, 26, 8, '2025-09-17', 3, 0.000000, 1, 'shift', NULL, NULL, '2025-09-19 04:10:17', '2025-09-19 04:10:17', 'F11'),
(32335, 27, 8, '2025-09-17', 3, 0.000000, 1, 'shift', NULL, NULL, '2025-09-19 04:10:17', '2025-09-19 04:10:17', 'F13'),
(32336, 28, 8, '2025-09-17', 3, 0.000000, 1, 'shift', NULL, NULL, '2025-09-19 04:10:17', '2025-09-19 04:10:17', 'F15'),
(32337, 29, 8, '2025-09-17', 3, 0.000000, 1, 'shift', NULL, NULL, '2025-09-19 04:10:17', '2025-09-19 04:10:17', 'F17'),
(32338, 30, 8, '2025-09-17', 3, 0.000000, 1, 'shift', NULL, NULL, '2025-09-19 04:10:17', '2025-09-19 04:10:17', 'F18'),
(32339, 37, 8, '2025-09-17', 3, 20.000000, 1, 'shift', NULL, NULL, '2025-09-19 04:10:17', '2025-09-19 04:10:17', 'F30'),
(32340, 31, 8, '2025-09-17', 3, 0.000000, 1, 'shift', NULL, NULL, '2025-09-19 04:10:17', '2025-09-19 04:10:17', 'F19'),
(32341, 32, 8, '2025-09-17', 3, 0.000000, 1, 'shift', NULL, NULL, '2025-09-19 04:10:17', '2025-09-19 04:10:17', 'F20'),
(32342, 33, 8, '2025-09-17', 3, 0.000000, 1, 'shift', NULL, NULL, '2025-09-19 04:10:17', '2025-09-19 04:10:17', 'F21'),
(32343, 34, 8, '2025-09-17', 3, 0.000000, 1, 'shift', NULL, NULL, '2025-09-19 04:10:17', '2025-09-19 04:10:17', 'F22'),
(32344, 35, 8, '2025-09-17', 3, 0.000000, 1, 'shift', NULL, NULL, '2025-09-19 04:10:17', '2025-09-19 04:10:17', 'F26'),
(32345, 36, 8, '2025-09-17', 3, 0.000000, 1, 'shift', NULL, NULL, '2025-09-19 04:10:17', '2025-09-19 04:10:17', 'F29'),
(32346, 38, 8, '2025-09-17', 3, 0.000000, 1, 'shift', NULL, NULL, '2025-09-19 04:10:17', '2025-09-19 04:10:17', 'F31'),
(32347, 39, 8, '2025-09-17', 3, 0.000000, 1, 'shift', NULL, NULL, '2025-09-19 04:10:17', '2025-09-19 04:10:17', 'F33'),
(32348, 40, 8, '2025-09-17', 3, 0.000000, 1, 'shift', NULL, NULL, '2025-09-19 04:10:17', '2025-09-19 04:10:17', 'F34'),
(32349, 41, 8, '2025-09-17', 3, 0.000000, 1, 'shift', NULL, NULL, '2025-09-19 04:10:17', '2025-09-19 04:10:17', 'F35'),
(32350, 42, 8, '2025-09-17', 3, 0.000000, 1, 'shift', NULL, NULL, '2025-09-19 04:10:17', '2025-09-19 04:10:17', 'F36'),
(32351, 43, 8, '2025-09-17', 3, 46.900000, 1, 'shift', NULL, NULL, '2025-09-19 04:10:17', '2025-09-19 04:10:17', 'F37'),
(32352, 44, 8, '2025-09-17', 3, 46.900000, 1, 'shift', NULL, NULL, '2025-09-19 04:10:17', '2025-09-19 04:10:17', 'F39'),
(32353, 45, 8, '2025-09-17', 3, 1.120000, 1, 'shift', NULL, NULL, '2025-09-19 04:10:17', '2025-09-19 04:10:17', 'F41'),
(32354, 46, 8, '2025-09-17', 3, 0.000000, 1, 'shift', NULL, NULL, '2025-09-19 04:10:17', '2025-09-19 04:10:17', 'F42'),
(32355, 47, 8, '2025-09-17', 3, 0.450000, 1, 'shift', NULL, NULL, '2025-09-19 04:10:17', '2025-09-19 04:10:17', 'F44'),
(32356, 48, 8, '2025-09-17', 3, 0.000000, 1, 'shift', NULL, NULL, '2025-09-19 04:10:17', '2025-09-19 04:10:17', 'F45'),
(32357, 49, 8, '2025-09-17', 3, 1.630000, 1, 'shift', NULL, NULL, '2025-09-19 04:10:17', '2025-09-19 04:10:17', 'F48'),
(32358, 50, 8, '2025-09-17', 3, 0.000000, 1, 'shift', NULL, NULL, '2025-09-19 04:10:17', '2025-09-19 04:10:17', 'F49'),
(32359, 51, 8, '2025-09-17', 3, 0.000000, 1, 'shift', NULL, NULL, '2025-09-19 04:10:17', '2025-09-19 04:10:17', 'F50'),
(32360, 52, 8, '2025-09-17', 3, 0.000000, 1, 'shift', NULL, NULL, '2025-09-19 04:10:17', '2025-09-19 04:10:17', 'F51'),
(32361, 53, 8, '2025-09-17', 3, 46.900000, 1, 'shift', NULL, NULL, '2025-09-19 04:10:17', '2025-09-19 04:10:17', 'F52'),
(32362, 278, 8, '2025-09-17', 3, 0.000000, 1, 'shift', NULL, NULL, '2025-09-19 04:10:17', '2025-09-19 04:10:17', 'F19'),
(32363, 26, 9, '2025-09-17', 3, 0.000000, 1, 'shift', NULL, NULL, '2025-09-19 04:10:17', '2025-09-19 04:10:17', 'G11'),
(32364, 27, 9, '2025-09-17', 3, 0.000000, 1, 'shift', NULL, NULL, '2025-09-19 04:10:17', '2025-09-19 04:10:17', 'G13'),
(32365, 28, 9, '2025-09-17', 3, 8.000000, 1, 'shift', NULL, NULL, '2025-09-19 04:10:17', '2025-09-19 04:10:17', 'G15'),
(32366, 29, 9, '2025-09-17', 3, 0.000000, 1, 'shift', NULL, NULL, '2025-09-19 04:10:17', '2025-09-19 04:10:17', 'G17'),
(32367, 30, 9, '2025-09-17', 3, 0.000000, 1, 'shift', NULL, NULL, '2025-09-19 04:10:17', '2025-09-19 04:10:17', 'G18'),
(32368, 37, 9, '2025-09-17', 3, 20.000000, 1, 'shift', NULL, NULL, '2025-09-19 04:10:17', '2025-09-19 04:10:17', 'G30'),
(32369, 31, 9, '2025-09-17', 3, 0.000000, 1, 'shift', NULL, NULL, '2025-09-19 04:10:17', '2025-09-19 04:10:17', 'G19'),
(32370, 32, 9, '2025-09-17', 3, 0.000000, 1, 'shift', NULL, NULL, '2025-09-19 04:10:17', '2025-09-19 04:10:17', 'G20'),
(32371, 33, 9, '2025-09-17', 3, 0.000000, 1, 'shift', NULL, NULL, '2025-09-19 04:10:17', '2025-09-19 04:10:17', 'G21'),
(32372, 34, 9, '2025-09-17', 3, 0.000000, 1, 'shift', NULL, NULL, '2025-09-19 04:10:17', '2025-09-19 04:10:17', 'G22'),
(32373, 35, 9, '2025-09-17', 3, 0.000000, 1, 'shift', NULL, NULL, '2025-09-19 04:10:17', '2025-09-19 04:10:17', 'G26'),
(32374, 36, 9, '2025-09-17', 3, 0.000000, 1, 'shift', NULL, NULL, '2025-09-19 04:10:17', '2025-09-19 04:10:17', 'G29'),
(32375, 38, 9, '2025-09-17', 3, 0.000000, 1, 'shift', NULL, NULL, '2025-09-19 04:10:17', '2025-09-19 04:10:17', 'G31'),
(32376, 39, 9, '2025-09-17', 3, 0.000000, 1, 'shift', NULL, NULL, '2025-09-19 04:10:17', '2025-09-19 04:10:17', 'G33'),
(32377, 40, 9, '2025-09-17', 3, 0.000000, 1, 'shift', NULL, NULL, '2025-09-19 04:10:17', '2025-09-19 04:10:17', 'G34'),
(32378, 41, 9, '2025-09-17', 3, 0.000000, 1, 'shift', NULL, NULL, '2025-09-19 04:10:17', '2025-09-19 04:10:17', 'G35'),
(32379, 42, 9, '2025-09-17', 3, 0.000000, 1, 'shift', NULL, NULL, '2025-09-19 04:10:17', '2025-09-19 04:10:17', 'G36'),
(32380, 43, 9, '2025-09-17', 3, 0.000000, 1, 'shift', NULL, NULL, '2025-09-19 04:10:17', '2025-09-19 04:10:17', 'G37'),
(32381, 44, 9, '2025-09-17', 3, 0.000000, 1, 'shift', NULL, NULL, '2025-09-19 04:10:17', '2025-09-19 04:10:17', 'G39'),
(32382, 45, 9, '2025-09-17', 3, 2.230000, 1, 'shift', NULL, NULL, '2025-09-19 04:10:17', '2025-09-19 04:10:17', 'G41'),
(32383, 46, 9, '2025-09-17', 3, 0.000000, 1, 'shift', NULL, NULL, '2025-09-19 04:10:17', '2025-09-19 04:10:17', 'G42'),
(32384, 47, 9, '2025-09-17', 3, 0.000000, 1, 'shift', NULL, NULL, '2025-09-19 04:10:17', '2025-09-19 04:10:17', 'G44'),
(32385, 48, 9, '2025-09-17', 3, 0.000000, 1, 'shift', NULL, NULL, '2025-09-19 04:10:17', '2025-09-19 04:10:17', 'G45'),
(32386, 49, 9, '2025-09-17', 3, 3.260000, 1, 'shift', NULL, NULL, '2025-09-19 04:10:17', '2025-09-19 04:10:17', 'G48'),
(32387, 50, 9, '2025-09-17', 3, 0.000000, 1, 'shift', NULL, NULL, '2025-09-19 04:10:18', '2025-09-19 04:10:18', 'G49');
INSERT INTO `tg_result_values` (`id`, `param_id`, `tg_id`, `date`, `shift_id`, `value`, `user_id`, `period_type`, `period_start`, `period_end`, `created_at`, `updated_at`, `cell`) VALUES
(32388, 51, 9, '2025-09-17', 3, 0.000000, 1, 'shift', NULL, NULL, '2025-09-19 04:10:18', '2025-09-19 04:10:18', 'G50'),
(32389, 52, 9, '2025-09-17', 3, 0.000000, 1, 'shift', NULL, NULL, '2025-09-19 04:10:18', '2025-09-19 04:10:18', 'G51'),
(32390, 53, 9, '2025-09-17', 3, 0.000000, 1, 'shift', NULL, NULL, '2025-09-19 04:10:18', '2025-09-19 04:10:18', 'G52'),
(32391, 271, 9, '2025-09-17', 3, 0.000000, 1, 'shift', NULL, NULL, '2025-09-19 04:10:18', '2025-09-19 04:10:18', 'G12'),
(32392, 272, 9, '2025-09-17', 3, 0.000000, 1, 'shift', NULL, NULL, '2025-09-19 04:10:18', '2025-09-19 04:10:18', 'G13'),
(32393, 278, 9, '2025-09-17', 3, 21.130000, 1, 'shift', NULL, NULL, '2025-09-19 04:10:18', '2025-09-19 04:10:18', 'G19'),
(32394, 275, 7, '2025-09-17', 3, 0.000000, 1, 'shift', NULL, NULL, '2025-09-19 04:10:18', '2025-09-19 04:10:18', 'E16'),
(32395, 277, 7, '2025-09-17', 3, 8.000000, 1, 'shift', NULL, NULL, '2025-09-19 04:10:18', '2025-09-19 04:10:18', 'E18'),
(32396, 279, 7, '2025-09-17', 3, 0.000000, 1, 'shift', NULL, NULL, '2025-09-19 04:10:18', '2025-09-19 04:10:18', 'E21'),
(32397, 280, 7, '2025-09-17', 3, 0.000000, 1, 'shift', NULL, NULL, '2025-09-19 04:10:18', '2025-09-19 04:10:18', 'E22'),
(32398, 281, 7, '2025-09-17', 3, 0.000000, 1, 'shift', NULL, NULL, '2025-09-19 04:10:18', '2025-09-19 04:10:18', 'E23'),
(32399, 282, 7, '2025-09-17', 3, 0.000000, 1, 'shift', NULL, NULL, '2025-09-19 04:10:18', '2025-09-19 04:10:18', 'E24'),
(32400, 275, 8, '2025-09-17', 3, 0.000000, 1, 'shift', NULL, NULL, '2025-09-19 04:10:18', '2025-09-19 04:10:18', 'F16'),
(32401, 277, 8, '2025-09-17', 3, 0.000000, 1, 'shift', NULL, NULL, '2025-09-19 04:10:18', '2025-09-19 04:10:18', 'F18'),
(32402, 279, 8, '2025-09-17', 3, 0.000000, 1, 'shift', NULL, NULL, '2025-09-19 04:10:18', '2025-09-19 04:10:18', 'F21'),
(32403, 280, 8, '2025-09-17', 3, 0.000000, 1, 'shift', NULL, NULL, '2025-09-19 04:10:18', '2025-09-19 04:10:18', 'F22'),
(32404, 281, 8, '2025-09-17', 3, 0.000000, 1, 'shift', NULL, NULL, '2025-09-19 04:10:18', '2025-09-19 04:10:18', 'F23'),
(32405, 282, 8, '2025-09-17', 3, 0.000000, 1, 'shift', NULL, NULL, '2025-09-19 04:10:18', '2025-09-19 04:10:18', 'F24'),
(32406, 275, 9, '2025-09-17', 3, 0.000000, 1, 'shift', NULL, NULL, '2025-09-19 04:10:18', '2025-09-19 04:10:18', 'G16'),
(32407, 277, 9, '2025-09-17', 3, 8.000000, 1, 'shift', NULL, NULL, '2025-09-19 04:10:18', '2025-09-19 04:10:18', 'G18'),
(32408, 279, 9, '2025-09-17', 3, 2.640000, 1, 'shift', NULL, NULL, '2025-09-19 04:10:18', '2025-09-19 04:10:18', 'G21'),
(32409, 280, 9, '2025-09-17', 3, 0.000000, 1, 'shift', NULL, NULL, '2025-09-19 04:10:18', '2025-09-19 04:10:18', 'G22'),
(32410, 281, 9, '2025-09-17', 3, 0.000000, 1, 'shift', NULL, NULL, '2025-09-19 04:10:18', '2025-09-19 04:10:18', 'G23'),
(32411, 282, 9, '2025-09-17', 3, 0.000000, 1, 'shift', NULL, NULL, '2025-09-19 04:10:18', '2025-09-19 04:10:18', 'G24'),
(32751, 26, 7, '2025-09-18', 1, 0.000000, 1, 'shift', NULL, NULL, '2025-09-19 06:55:53', '2025-09-19 06:55:53', 'E11'),
(32752, 27, 7, '2025-09-18', 1, 0.000000, 1, 'shift', NULL, NULL, '2025-09-19 06:55:53', '2025-09-19 06:55:53', 'E13'),
(32753, 28, 7, '2025-09-18', 1, 8.000000, 1, 'shift', NULL, NULL, '2025-09-19 06:55:53', '2025-09-19 06:55:53', 'E15'),
(32754, 29, 7, '2025-09-18', 1, 7502.000000, 1, 'shift', NULL, NULL, '2025-09-19 06:55:53', '2025-09-19 06:55:53', 'E17'),
(32755, 30, 7, '2025-09-18', 1, 0.000000, 1, 'shift', NULL, NULL, '2025-09-19 06:55:53', '2025-09-19 06:55:53', 'E18'),
(32756, 37, 7, '2025-09-18', 1, 20.000000, 1, 'shift', NULL, NULL, '2025-09-19 06:55:53', '2025-09-19 06:55:53', 'E30'),
(32757, 31, 7, '2025-09-18', 1, 0.000000, 1, 'shift', NULL, NULL, '2025-09-19 06:55:53', '2025-09-19 06:55:53', 'E19'),
(32758, 32, 7, '2025-09-18', 1, 0.000000, 1, 'shift', NULL, NULL, '2025-09-19 06:55:53', '2025-09-19 06:55:53', 'E20'),
(32759, 33, 7, '2025-09-18', 1, 0.000000, 1, 'shift', NULL, NULL, '2025-09-19 06:55:53', '2025-09-19 06:55:53', 'E21'),
(32760, 34, 7, '2025-09-18', 1, 0.000000, 1, 'shift', NULL, NULL, '2025-09-19 06:55:53', '2025-09-19 06:55:53', 'E22'),
(32761, 35, 7, '2025-09-18', 1, 0.000000, 1, 'shift', NULL, NULL, '2025-09-19 06:55:53', '2025-09-19 06:55:53', 'E26'),
(32762, 36, 7, '2025-09-18', 1, 0.000000, 1, 'shift', NULL, NULL, '2025-09-19 06:55:53', '2025-09-19 06:55:53', 'E29'),
(32763, 38, 7, '2025-09-18', 1, 0.000000, 1, 'shift', NULL, NULL, '2025-09-19 06:55:53', '2025-09-19 06:55:53', 'E31'),
(32764, 39, 7, '2025-09-18', 1, 0.000000, 1, 'shift', NULL, NULL, '2025-09-19 06:55:53', '2025-09-19 06:55:53', 'E33'),
(32765, 40, 7, '2025-09-18', 1, 0.000000, 1, 'shift', NULL, NULL, '2025-09-19 06:55:53', '2025-09-19 06:55:53', 'E34'),
(32766, 41, 7, '2025-09-18', 1, 0.000000, 1, 'shift', NULL, NULL, '2025-09-19 06:55:53', '2025-09-19 06:55:53', 'E35'),
(32767, 42, 7, '2025-09-18', 1, 245.000000, 1, 'shift', NULL, NULL, '2025-09-19 06:55:53', '2025-09-19 06:55:53', 'E36'),
(32768, 43, 7, '2025-09-18', 1, 46.900000, 1, 'shift', NULL, NULL, '2025-09-19 06:55:53', '2025-09-19 06:55:53', 'E37'),
(32769, 44, 7, '2025-09-18', 1, 291.900000, 1, 'shift', NULL, NULL, '2025-09-19 06:55:53', '2025-09-19 06:55:53', 'E39'),
(32770, 45, 7, '2025-09-18', 1, 1.120000, 1, 'shift', NULL, NULL, '2025-09-19 06:55:53', '2025-09-19 06:55:53', 'E41'),
(32771, 46, 7, '2025-09-18', 1, 0.000000, 1, 'shift', NULL, NULL, '2025-09-19 06:55:53', '2025-09-19 06:55:53', 'E42'),
(32772, 47, 7, '2025-09-18', 1, 0.450000, 1, 'shift', NULL, NULL, '2025-09-19 06:55:53', '2025-09-19 06:55:53', 'E44'),
(32773, 48, 7, '2025-09-18', 1, 0.000000, 1, 'shift', NULL, NULL, '2025-09-19 06:55:53', '2025-09-19 06:55:53', 'E45'),
(32774, 49, 7, '2025-09-18', 1, 1.630000, 1, 'shift', NULL, NULL, '2025-09-19 06:55:53', '2025-09-19 06:55:53', 'E48'),
(32775, 50, 7, '2025-09-18', 1, 0.000000, 1, 'shift', NULL, NULL, '2025-09-19 06:55:53', '2025-09-19 06:55:53', 'E49'),
(32776, 51, 7, '2025-09-18', 1, 0.000000, 1, 'shift', NULL, NULL, '2025-09-19 06:55:53', '2025-09-19 06:55:53', 'E50'),
(32777, 52, 7, '2025-09-18', 1, 0.000000, 1, 'shift', NULL, NULL, '2025-09-19 06:55:53', '2025-09-19 06:55:53', 'E51'),
(32778, 53, 7, '2025-09-18', 1, 291.900000, 1, 'shift', NULL, NULL, '2025-09-19 06:55:53', '2025-09-19 06:55:53', 'E52'),
(32779, 278, 7, '2025-09-18', 1, 8198.240000, 1, 'shift', NULL, NULL, '2025-09-19 06:55:53', '2025-09-19 06:55:53', 'E19'),
(32780, 26, 8, '2025-09-18', 1, 0.000000, 1, 'shift', NULL, NULL, '2025-09-19 06:55:53', '2025-09-19 06:55:53', 'F11'),
(32781, 27, 8, '2025-09-18', 1, 0.000000, 1, 'shift', NULL, NULL, '2025-09-19 06:55:53', '2025-09-19 06:55:53', 'F13'),
(32782, 28, 8, '2025-09-18', 1, 0.000000, 1, 'shift', NULL, NULL, '2025-09-19 06:55:53', '2025-09-19 06:55:53', 'F15'),
(32783, 29, 8, '2025-09-18', 1, 7900.000000, 1, 'shift', NULL, NULL, '2025-09-19 06:55:53', '2025-09-19 06:55:53', 'F17'),
(32784, 30, 8, '2025-09-18', 1, 0.000000, 1, 'shift', NULL, NULL, '2025-09-19 06:55:53', '2025-09-19 06:55:53', 'F18'),
(32785, 37, 8, '2025-09-18', 1, 0.000000, 1, 'shift', NULL, NULL, '2025-09-19 06:55:53', '2025-09-19 06:55:53', 'F30'),
(32786, 31, 8, '2025-09-18', 1, 0.000000, 1, 'shift', NULL, NULL, '2025-09-19 06:55:53', '2025-09-19 06:55:53', 'F19'),
(32787, 32, 8, '2025-09-18', 1, 0.000000, 1, 'shift', NULL, NULL, '2025-09-19 06:55:53', '2025-09-19 06:55:53', 'F20'),
(32788, 33, 8, '2025-09-18', 1, 0.000000, 1, 'shift', NULL, NULL, '2025-09-19 06:55:53', '2025-09-19 06:55:53', 'F21'),
(32789, 34, 8, '2025-09-18', 1, 0.000000, 1, 'shift', NULL, NULL, '2025-09-19 06:55:53', '2025-09-19 06:55:53', 'F22'),
(32790, 35, 8, '2025-09-18', 1, 0.000000, 1, 'shift', NULL, NULL, '2025-09-19 06:55:53', '2025-09-19 06:55:53', 'F26'),
(32791, 36, 8, '2025-09-18', 1, 0.000000, 1, 'shift', NULL, NULL, '2025-09-19 06:55:53', '2025-09-19 06:55:53', 'F29'),
(32792, 38, 8, '2025-09-18', 1, 0.000000, 1, 'shift', NULL, NULL, '2025-09-19 06:55:53', '2025-09-19 06:55:53', 'F31'),
(32793, 39, 8, '2025-09-18', 1, 0.000000, 1, 'shift', NULL, NULL, '2025-09-19 06:55:53', '2025-09-19 06:55:53', 'F33'),
(32794, 40, 8, '2025-09-18', 1, 0.000000, 1, 'shift', NULL, NULL, '2025-09-19 06:55:53', '2025-09-19 06:55:53', 'F34'),
(32795, 41, 8, '2025-09-18', 1, 0.000000, 1, 'shift', NULL, NULL, '2025-09-19 06:55:53', '2025-09-19 06:55:53', 'F35'),
(32796, 42, 8, '2025-09-18', 1, 0.000000, 1, 'shift', NULL, NULL, '2025-09-19 06:55:53', '2025-09-19 06:55:53', 'F36'),
(32797, 43, 8, '2025-09-18', 1, 46.900000, 1, 'shift', NULL, NULL, '2025-09-19 06:55:53', '2025-09-19 06:55:53', 'F37'),
(32798, 44, 8, '2025-09-18', 1, 46.900000, 1, 'shift', NULL, NULL, '2025-09-19 06:55:53', '2025-09-19 06:55:53', 'F39'),
(32799, 45, 8, '2025-09-18', 1, 1.120000, 1, 'shift', NULL, NULL, '2025-09-19 06:55:53', '2025-09-19 06:55:53', 'F41'),
(32800, 46, 8, '2025-09-18', 1, 0.000000, 1, 'shift', NULL, NULL, '2025-09-19 06:55:53', '2025-09-19 06:55:53', 'F42'),
(32801, 47, 8, '2025-09-18', 1, 0.450000, 1, 'shift', NULL, NULL, '2025-09-19 06:55:53', '2025-09-19 06:55:53', 'F44'),
(32802, 48, 8, '2025-09-18', 1, 0.000000, 1, 'shift', NULL, NULL, '2025-09-19 06:55:53', '2025-09-19 06:55:53', 'F45'),
(32803, 49, 8, '2025-09-18', 1, 1.630000, 1, 'shift', NULL, NULL, '2025-09-19 06:55:53', '2025-09-19 06:55:53', 'F48'),
(32804, 50, 8, '2025-09-18', 1, 0.000000, 1, 'shift', NULL, NULL, '2025-09-19 06:55:53', '2025-09-19 06:55:53', 'F49'),
(32805, 51, 8, '2025-09-18', 1, 0.000000, 1, 'shift', NULL, NULL, '2025-09-19 06:55:53', '2025-09-19 06:55:53', 'F50'),
(32806, 52, 8, '2025-09-18', 1, 0.000000, 1, 'shift', NULL, NULL, '2025-09-19 06:55:53', '2025-09-19 06:55:53', 'F51'),
(32807, 53, 8, '2025-09-18', 1, 46.900000, 1, 'shift', NULL, NULL, '2025-09-19 06:55:53', '2025-09-19 06:55:53', 'F52'),
(32808, 278, 8, '2025-09-18', 1, 0.000000, 1, 'shift', NULL, NULL, '2025-09-19 06:55:53', '2025-09-19 06:55:53', 'F19'),
(32809, 26, 9, '2025-09-18', 1, 0.000000, 1, 'shift', NULL, NULL, '2025-09-19 06:55:53', '2025-09-19 06:55:53', 'G11'),
(32810, 27, 9, '2025-09-18', 1, 0.000000, 1, 'shift', NULL, NULL, '2025-09-19 06:55:53', '2025-09-19 06:55:53', 'G13'),
(32811, 28, 9, '2025-09-18', 1, 8.000000, 1, 'shift', NULL, NULL, '2025-09-19 06:55:53', '2025-09-19 06:55:53', 'G15'),
(32812, 29, 9, '2025-09-18', 1, 15402.000000, 1, 'shift', NULL, NULL, '2025-09-19 06:55:53', '2025-09-19 06:55:53', 'G17'),
(32813, 30, 9, '2025-09-18', 1, 0.000000, 1, 'shift', NULL, NULL, '2025-09-19 06:55:53', '2025-09-19 06:55:53', 'G18'),
(32814, 37, 9, '2025-09-18', 1, 20.000000, 1, 'shift', NULL, NULL, '2025-09-19 06:55:53', '2025-09-19 06:55:53', 'G30'),
(32815, 31, 9, '2025-09-18', 1, 0.000000, 1, 'shift', NULL, NULL, '2025-09-19 06:55:53', '2025-09-19 06:55:53', 'G19'),
(32816, 32, 9, '2025-09-18', 1, 0.000000, 1, 'shift', NULL, NULL, '2025-09-19 06:55:53', '2025-09-19 06:55:53', 'G20'),
(32817, 33, 9, '2025-09-18', 1, 0.000000, 1, 'shift', NULL, NULL, '2025-09-19 06:55:53', '2025-09-19 06:55:53', 'G21'),
(32818, 34, 9, '2025-09-18', 1, 0.000000, 1, 'shift', NULL, NULL, '2025-09-19 06:55:53', '2025-09-19 06:55:53', 'G22'),
(32819, 35, 9, '2025-09-18', 1, 0.000000, 1, 'shift', NULL, NULL, '2025-09-19 06:55:53', '2025-09-19 06:55:53', 'G26'),
(32820, 36, 9, '2025-09-18', 1, 0.000000, 1, 'shift', NULL, NULL, '2025-09-19 06:55:53', '2025-09-19 06:55:53', 'G29'),
(32821, 38, 9, '2025-09-18', 1, 0.000000, 1, 'shift', NULL, NULL, '2025-09-19 06:55:53', '2025-09-19 06:55:53', 'G31'),
(32822, 39, 9, '2025-09-18', 1, 0.000000, 1, 'shift', NULL, NULL, '2025-09-19 06:55:53', '2025-09-19 06:55:53', 'G33'),
(32823, 40, 9, '2025-09-18', 1, 0.000000, 1, 'shift', NULL, NULL, '2025-09-19 06:55:53', '2025-09-19 06:55:53', 'G34'),
(32824, 41, 9, '2025-09-18', 1, 0.000000, 1, 'shift', NULL, NULL, '2025-09-19 06:55:53', '2025-09-19 06:55:53', 'G35'),
(32825, 42, 9, '2025-09-18', 1, 0.000000, 1, 'shift', NULL, NULL, '2025-09-19 06:55:53', '2025-09-19 06:55:53', 'G36'),
(32826, 43, 9, '2025-09-18', 1, 0.000000, 1, 'shift', NULL, NULL, '2025-09-19 06:55:53', '2025-09-19 06:55:53', 'G37'),
(32827, 44, 9, '2025-09-18', 1, 0.000000, 1, 'shift', NULL, NULL, '2025-09-19 06:55:53', '2025-09-19 06:55:53', 'G39'),
(32828, 45, 9, '2025-09-18', 1, 2.230000, 1, 'shift', NULL, NULL, '2025-09-19 06:55:53', '2025-09-19 06:55:53', 'G41'),
(32829, 46, 9, '2025-09-18', 1, 0.000000, 1, 'shift', NULL, NULL, '2025-09-19 06:55:53', '2025-09-19 06:55:53', 'G42'),
(32830, 47, 9, '2025-09-18', 1, 0.000000, 1, 'shift', NULL, NULL, '2025-09-19 06:55:53', '2025-09-19 06:55:53', 'G44'),
(32831, 48, 9, '2025-09-18', 1, 0.000000, 1, 'shift', NULL, NULL, '2025-09-19 06:55:53', '2025-09-19 06:55:53', 'G45'),
(32832, 49, 9, '2025-09-18', 1, 3.260000, 1, 'shift', NULL, NULL, '2025-09-19 06:55:53', '2025-09-19 06:55:53', 'G48'),
(32833, 50, 9, '2025-09-18', 1, 0.000000, 1, 'shift', NULL, NULL, '2025-09-19 06:55:53', '2025-09-19 06:55:53', 'G49'),
(32834, 51, 9, '2025-09-18', 1, 0.000000, 1, 'shift', NULL, NULL, '2025-09-19 06:55:53', '2025-09-19 06:55:53', 'G50'),
(32835, 52, 9, '2025-09-18', 1, 0.000000, 1, 'shift', NULL, NULL, '2025-09-19 06:55:53', '2025-09-19 06:55:53', 'G51'),
(32836, 53, 9, '2025-09-18', 1, 0.000000, 1, 'shift', NULL, NULL, '2025-09-19 06:55:53', '2025-09-19 06:55:53', 'G52'),
(32837, 271, 9, '2025-09-18', 1, 0.000000, 1, 'shift', NULL, NULL, '2025-09-19 06:55:53', '2025-09-19 06:55:53', 'G12'),
(32838, 272, 9, '2025-09-18', 1, 0.000000, 1, 'shift', NULL, NULL, '2025-09-19 06:55:53', '2025-09-19 06:55:53', 'G13'),
(32839, 278, 9, '2025-09-18', 1, 8198.240000, 1, 'shift', NULL, NULL, '2025-09-19 06:55:53', '2025-09-19 06:55:53', 'G19'),
(32840, 275, 7, '2025-09-18', 1, 0.000000, 1, 'shift', NULL, NULL, '2025-09-19 06:55:53', '2025-09-19 06:55:53', 'E16'),
(32841, 277, 7, '2025-09-18', 1, 8.000000, 1, 'shift', NULL, NULL, '2025-09-19 06:55:53', '2025-09-19 06:55:53', 'E18'),
(32842, 279, 7, '2025-09-18', 1, 1024.780000, 1, 'shift', NULL, NULL, '2025-09-19 06:55:53', '2025-09-19 06:55:53', 'E21'),
(32843, 280, 7, '2025-09-18', 1, 0.000000, 1, 'shift', NULL, NULL, '2025-09-19 06:55:53', '2025-09-19 06:55:53', 'E22'),
(32844, 281, 7, '2025-09-18', 1, 7502.000000, 1, 'shift', NULL, NULL, '2025-09-19 06:55:53', '2025-09-19 06:55:53', 'E23'),
(32845, 282, 7, '2025-09-18', 1, 937.750000, 1, 'shift', NULL, NULL, '2025-09-19 06:55:53', '2025-09-19 06:55:53', 'E24'),
(32846, 283, 7, '2025-09-18', 1, 0.000000, 1, 'shift', NULL, NULL, '2025-09-19 06:55:53', '2025-09-19 06:55:53', 'E25'),
(32847, 284, 7, '2025-09-18', 1, 0.000000, 1, 'shift', NULL, NULL, '2025-09-19 06:55:53', '2025-09-19 06:55:53', 'E26'),
(32848, 275, 8, '2025-09-18', 1, 0.000000, 1, 'shift', NULL, NULL, '2025-09-19 06:55:53', '2025-09-19 06:55:53', 'F16'),
(32849, 277, 8, '2025-09-18', 1, 0.000000, 1, 'shift', NULL, NULL, '2025-09-19 06:55:53', '2025-09-19 06:55:53', 'F18'),
(32850, 279, 8, '2025-09-18', 1, 0.000000, 1, 'shift', NULL, NULL, '2025-09-19 06:55:53', '2025-09-19 06:55:53', 'F21'),
(32851, 280, 8, '2025-09-18', 1, 0.000000, 1, 'shift', NULL, NULL, '2025-09-19 06:55:53', '2025-09-19 06:55:53', 'F22'),
(32852, 281, 8, '2025-09-18', 1, 7900.000000, 1, 'shift', NULL, NULL, '2025-09-19 06:55:53', '2025-09-19 06:55:53', 'F23'),
(32853, 282, 8, '2025-09-18', 1, 0.000000, 1, 'shift', NULL, NULL, '2025-09-19 06:55:53', '2025-09-19 06:55:53', 'F24'),
(32854, 283, 8, '2025-09-18', 1, 0.000000, 1, 'shift', NULL, NULL, '2025-09-19 06:55:53', '2025-09-19 06:55:53', 'F25'),
(32855, 284, 8, '2025-09-18', 1, 0.000000, 1, 'shift', NULL, NULL, '2025-09-19 06:55:53', '2025-09-19 06:55:53', 'F26'),
(32856, 275, 9, '2025-09-18', 1, 0.000000, 1, 'shift', NULL, NULL, '2025-09-19 06:55:53', '2025-09-19 06:55:53', 'G16'),
(32857, 277, 9, '2025-09-18', 1, 8.000000, 1, 'shift', NULL, NULL, '2025-09-19 06:55:53', '2025-09-19 06:55:53', 'G18'),
(32858, 279, 9, '2025-09-18', 1, 1024.780000, 1, 'shift', NULL, NULL, '2025-09-19 06:55:53', '2025-09-19 06:55:53', 'G21'),
(32859, 280, 9, '2025-09-18', 1, 0.000000, 1, 'shift', NULL, NULL, '2025-09-19 06:55:53', '2025-09-19 06:55:53', 'G22'),
(32860, 281, 9, '2025-09-18', 1, 15402.000000, 1, 'shift', NULL, NULL, '2025-09-19 06:55:53', '2025-09-19 06:55:53', 'G23'),
(32861, 282, 9, '2025-09-18', 1, 1925.250000, 1, 'shift', NULL, NULL, '2025-09-19 06:55:53', '2025-09-19 06:55:53', 'G24'),
(32862, 283, 9, '2025-09-18', 1, 0.000000, 1, 'shift', NULL, NULL, '2025-09-19 06:55:53', '2025-09-19 06:55:53', 'G25'),
(32863, 284, 9, '2025-09-18', 1, 0.000000, 1, 'shift', NULL, NULL, '2025-09-19 06:55:53', '2025-09-19 06:55:53', 'G26'),
(32864, 26, 7, '2025-09-18', 2, 0.000000, 1, 'shift', NULL, NULL, '2025-09-19 06:55:53', '2025-09-19 06:55:53', 'E11'),
(32865, 27, 7, '2025-09-18', 2, 0.000000, 1, 'shift', NULL, NULL, '2025-09-19 06:55:53', '2025-09-19 06:55:53', 'E13'),
(32866, 28, 7, '2025-09-18', 2, 8.000000, 1, 'shift', NULL, NULL, '2025-09-19 06:55:53', '2025-09-19 06:55:53', 'E15'),
(32867, 29, 7, '2025-09-18', 2, 0.000000, 1, 'shift', NULL, NULL, '2025-09-19 06:55:53', '2025-09-19 06:55:53', 'E17'),
(32868, 30, 7, '2025-09-18', 2, 0.000000, 1, 'shift', NULL, NULL, '2025-09-19 06:55:53', '2025-09-19 06:55:53', 'E18'),
(32869, 37, 7, '2025-09-18', 2, 20.000000, 1, 'shift', NULL, NULL, '2025-09-19 06:55:53', '2025-09-19 06:55:53', 'E30'),
(32870, 31, 7, '2025-09-18', 2, 0.000000, 1, 'shift', NULL, NULL, '2025-09-19 06:55:53', '2025-09-19 06:55:53', 'E19'),
(32871, 32, 7, '2025-09-18', 2, 0.000000, 1, 'shift', NULL, NULL, '2025-09-19 06:55:53', '2025-09-19 06:55:53', 'E20'),
(32872, 33, 7, '2025-09-18', 2, 0.000000, 1, 'shift', NULL, NULL, '2025-09-19 06:55:53', '2025-09-19 06:55:53', 'E21'),
(32873, 34, 7, '2025-09-18', 2, 0.000000, 1, 'shift', NULL, NULL, '2025-09-19 06:55:53', '2025-09-19 06:55:53', 'E22'),
(32874, 35, 7, '2025-09-18', 2, 0.000000, 1, 'shift', NULL, NULL, '2025-09-19 06:55:53', '2025-09-19 06:55:53', 'E26'),
(32875, 36, 7, '2025-09-18', 2, 0.000000, 1, 'shift', NULL, NULL, '2025-09-19 06:55:53', '2025-09-19 06:55:53', 'E29'),
(32876, 38, 7, '2025-09-18', 2, 0.000000, 1, 'shift', NULL, NULL, '2025-09-19 06:55:53', '2025-09-19 06:55:53', 'E31'),
(32877, 39, 7, '2025-09-18', 2, 0.000000, 1, 'shift', NULL, NULL, '2025-09-19 06:55:53', '2025-09-19 06:55:53', 'E33'),
(32878, 40, 7, '2025-09-18', 2, 0.000000, 1, 'shift', NULL, NULL, '2025-09-19 06:55:53', '2025-09-19 06:55:53', 'E34'),
(32879, 41, 7, '2025-09-18', 2, 0.000000, 1, 'shift', NULL, NULL, '2025-09-19 06:55:53', '2025-09-19 06:55:53', 'E35'),
(32880, 42, 7, '2025-09-18', 2, 245.000000, 1, 'shift', NULL, NULL, '2025-09-19 06:55:53', '2025-09-19 06:55:53', 'E36'),
(32881, 43, 7, '2025-09-18', 2, 46.900000, 1, 'shift', NULL, NULL, '2025-09-19 06:55:53', '2025-09-19 06:55:53', 'E37'),
(32882, 44, 7, '2025-09-18', 2, 291.900000, 1, 'shift', NULL, NULL, '2025-09-19 06:55:53', '2025-09-19 06:55:53', 'E39'),
(32883, 45, 7, '2025-09-18', 2, 1.120000, 1, 'shift', NULL, NULL, '2025-09-19 06:55:53', '2025-09-19 06:55:53', 'E41'),
(32884, 46, 7, '2025-09-18', 2, 0.000000, 1, 'shift', NULL, NULL, '2025-09-19 06:55:53', '2025-09-19 06:55:53', 'E42'),
(32885, 47, 7, '2025-09-18', 2, 0.450000, 1, 'shift', NULL, NULL, '2025-09-19 06:55:53', '2025-09-19 06:55:53', 'E44'),
(32886, 48, 7, '2025-09-18', 2, 0.000000, 1, 'shift', NULL, NULL, '2025-09-19 06:55:53', '2025-09-19 06:55:53', 'E45'),
(32887, 49, 7, '2025-09-18', 2, 1.630000, 1, 'shift', NULL, NULL, '2025-09-19 06:55:53', '2025-09-19 06:55:53', 'E48'),
(32888, 50, 7, '2025-09-18', 2, 0.000000, 1, 'shift', NULL, NULL, '2025-09-19 06:55:53', '2025-09-19 06:55:53', 'E49'),
(32889, 51, 7, '2025-09-18', 2, 0.000000, 1, 'shift', NULL, NULL, '2025-09-19 06:55:53', '2025-09-19 06:55:53', 'E50'),
(32890, 52, 7, '2025-09-18', 2, 0.000000, 1, 'shift', NULL, NULL, '2025-09-19 06:55:53', '2025-09-19 06:55:53', 'E51'),
(32891, 53, 7, '2025-09-18', 2, 291.900000, 1, 'shift', NULL, NULL, '2025-09-19 06:55:53', '2025-09-19 06:55:53', 'E52'),
(32892, 278, 7, '2025-09-18', 2, 8198.240000, 1, 'shift', NULL, NULL, '2025-09-19 06:55:53', '2025-09-19 06:55:53', 'E19'),
(32893, 26, 8, '2025-09-18', 2, 0.000000, 1, 'shift', NULL, NULL, '2025-09-19 06:55:53', '2025-09-19 06:55:53', 'F11'),
(32894, 27, 8, '2025-09-18', 2, 0.000000, 1, 'shift', NULL, NULL, '2025-09-19 06:55:53', '2025-09-19 06:55:53', 'F13'),
(32895, 28, 8, '2025-09-18', 2, 0.000000, 1, 'shift', NULL, NULL, '2025-09-19 06:55:53', '2025-09-19 06:55:53', 'F15'),
(32896, 29, 8, '2025-09-18', 2, 0.000000, 1, 'shift', NULL, NULL, '2025-09-19 06:55:53', '2025-09-19 06:55:53', 'F17'),
(32897, 30, 8, '2025-09-18', 2, 0.000000, 1, 'shift', NULL, NULL, '2025-09-19 06:55:53', '2025-09-19 06:55:53', 'F18'),
(32898, 37, 8, '2025-09-18', 2, 0.000000, 1, 'shift', NULL, NULL, '2025-09-19 06:55:53', '2025-09-19 06:55:53', 'F30'),
(32899, 31, 8, '2025-09-18', 2, 0.000000, 1, 'shift', NULL, NULL, '2025-09-19 06:55:53', '2025-09-19 06:55:53', 'F19'),
(32900, 32, 8, '2025-09-18', 2, 0.000000, 1, 'shift', NULL, NULL, '2025-09-19 06:55:53', '2025-09-19 06:55:53', 'F20'),
(32901, 33, 8, '2025-09-18', 2, 0.000000, 1, 'shift', NULL, NULL, '2025-09-19 06:55:53', '2025-09-19 06:55:53', 'F21'),
(32902, 34, 8, '2025-09-18', 2, 0.000000, 1, 'shift', NULL, NULL, '2025-09-19 06:55:53', '2025-09-19 06:55:53', 'F22'),
(32903, 35, 8, '2025-09-18', 2, 0.000000, 1, 'shift', NULL, NULL, '2025-09-19 06:55:53', '2025-09-19 06:55:53', 'F26'),
(32904, 36, 8, '2025-09-18', 2, 0.000000, 1, 'shift', NULL, NULL, '2025-09-19 06:55:53', '2025-09-19 06:55:53', 'F29'),
(32905, 38, 8, '2025-09-18', 2, 0.000000, 1, 'shift', NULL, NULL, '2025-09-19 06:55:53', '2025-09-19 06:55:53', 'F31'),
(32906, 39, 8, '2025-09-18', 2, 0.000000, 1, 'shift', NULL, NULL, '2025-09-19 06:55:53', '2025-09-19 06:55:53', 'F33'),
(32907, 40, 8, '2025-09-18', 2, 0.000000, 1, 'shift', NULL, NULL, '2025-09-19 06:55:53', '2025-09-19 06:55:53', 'F34'),
(32908, 41, 8, '2025-09-18', 2, 0.000000, 1, 'shift', NULL, NULL, '2025-09-19 06:55:53', '2025-09-19 06:55:53', 'F35'),
(32909, 42, 8, '2025-09-18', 2, 0.000000, 1, 'shift', NULL, NULL, '2025-09-19 06:55:53', '2025-09-19 06:55:53', 'F36'),
(32910, 43, 8, '2025-09-18', 2, 46.900000, 1, 'shift', NULL, NULL, '2025-09-19 06:55:53', '2025-09-19 06:55:53', 'F37'),
(32911, 44, 8, '2025-09-18', 2, 46.900000, 1, 'shift', NULL, NULL, '2025-09-19 06:55:53', '2025-09-19 06:55:53', 'F39'),
(32912, 45, 8, '2025-09-18', 2, 1.120000, 1, 'shift', NULL, NULL, '2025-09-19 06:55:53', '2025-09-19 06:55:53', 'F41'),
(32913, 46, 8, '2025-09-18', 2, 0.000000, 1, 'shift', NULL, NULL, '2025-09-19 06:55:53', '2025-09-19 06:55:53', 'F42'),
(32914, 47, 8, '2025-09-18', 2, 0.450000, 1, 'shift', NULL, NULL, '2025-09-19 06:55:53', '2025-09-19 06:55:53', 'F44'),
(32915, 48, 8, '2025-09-18', 2, 0.000000, 1, 'shift', NULL, NULL, '2025-09-19 06:55:53', '2025-09-19 06:55:53', 'F45'),
(32916, 49, 8, '2025-09-18', 2, 1.630000, 1, 'shift', NULL, NULL, '2025-09-19 06:55:53', '2025-09-19 06:55:53', 'F48'),
(32917, 50, 8, '2025-09-18', 2, 0.000000, 1, 'shift', NULL, NULL, '2025-09-19 06:55:53', '2025-09-19 06:55:53', 'F49'),
(32918, 51, 8, '2025-09-18', 2, 0.000000, 1, 'shift', NULL, NULL, '2025-09-19 06:55:53', '2025-09-19 06:55:53', 'F50'),
(32919, 52, 8, '2025-09-18', 2, 0.000000, 1, 'shift', NULL, NULL, '2025-09-19 06:55:53', '2025-09-19 06:55:53', 'F51'),
(32920, 53, 8, '2025-09-18', 2, 46.900000, 1, 'shift', NULL, NULL, '2025-09-19 06:55:53', '2025-09-19 06:55:53', 'F52'),
(32921, 278, 8, '2025-09-18', 2, 0.000000, 1, 'shift', NULL, NULL, '2025-09-19 06:55:53', '2025-09-19 06:55:53', 'F19'),
(32922, 26, 9, '2025-09-18', 2, 0.000000, 1, 'shift', NULL, NULL, '2025-09-19 06:55:53', '2025-09-19 06:55:53', 'G11'),
(32923, 27, 9, '2025-09-18', 2, 0.000000, 1, 'shift', NULL, NULL, '2025-09-19 06:55:53', '2025-09-19 06:55:53', 'G13'),
(32924, 28, 9, '2025-09-18', 2, 8.000000, 1, 'shift', NULL, NULL, '2025-09-19 06:55:53', '2025-09-19 06:55:53', 'G15'),
(32925, 29, 9, '2025-09-18', 2, 0.000000, 1, 'shift', NULL, NULL, '2025-09-19 06:55:53', '2025-09-19 06:55:53', 'G17'),
(32926, 30, 9, '2025-09-18', 2, 0.000000, 1, 'shift', NULL, NULL, '2025-09-19 06:55:53', '2025-09-19 06:55:53', 'G18'),
(32927, 37, 9, '2025-09-18', 2, 20.000000, 1, 'shift', NULL, NULL, '2025-09-19 06:55:53', '2025-09-19 06:55:53', 'G30'),
(32928, 31, 9, '2025-09-18', 2, 0.000000, 1, 'shift', NULL, NULL, '2025-09-19 06:55:53', '2025-09-19 06:55:53', 'G19'),
(32929, 32, 9, '2025-09-18', 2, 0.000000, 1, 'shift', NULL, NULL, '2025-09-19 06:55:53', '2025-09-19 06:55:53', 'G20'),
(32930, 33, 9, '2025-09-18', 2, 0.000000, 1, 'shift', NULL, NULL, '2025-09-19 06:55:53', '2025-09-19 06:55:53', 'G21'),
(32931, 34, 9, '2025-09-18', 2, 0.000000, 1, 'shift', NULL, NULL, '2025-09-19 06:55:53', '2025-09-19 06:55:53', 'G22'),
(32932, 35, 9, '2025-09-18', 2, 0.000000, 1, 'shift', NULL, NULL, '2025-09-19 06:55:53', '2025-09-19 06:55:53', 'G26'),
(32933, 36, 9, '2025-09-18', 2, 0.000000, 1, 'shift', NULL, NULL, '2025-09-19 06:55:53', '2025-09-19 06:55:53', 'G29'),
(32934, 38, 9, '2025-09-18', 2, 0.000000, 1, 'shift', NULL, NULL, '2025-09-19 06:55:53', '2025-09-19 06:55:53', 'G31'),
(32935, 39, 9, '2025-09-18', 2, 0.000000, 1, 'shift', NULL, NULL, '2025-09-19 06:55:53', '2025-09-19 06:55:53', 'G33'),
(32936, 40, 9, '2025-09-18', 2, 0.000000, 1, 'shift', NULL, NULL, '2025-09-19 06:55:53', '2025-09-19 06:55:53', 'G34'),
(32937, 41, 9, '2025-09-18', 2, 0.000000, 1, 'shift', NULL, NULL, '2025-09-19 06:55:53', '2025-09-19 06:55:53', 'G35'),
(32938, 42, 9, '2025-09-18', 2, 0.000000, 1, 'shift', NULL, NULL, '2025-09-19 06:55:53', '2025-09-19 06:55:53', 'G36'),
(32939, 43, 9, '2025-09-18', 2, 0.000000, 1, 'shift', NULL, NULL, '2025-09-19 06:55:53', '2025-09-19 06:55:53', 'G37'),
(32940, 44, 9, '2025-09-18', 2, 0.000000, 1, 'shift', NULL, NULL, '2025-09-19 06:55:53', '2025-09-19 06:55:53', 'G39'),
(32941, 45, 9, '2025-09-18', 2, 2.230000, 1, 'shift', NULL, NULL, '2025-09-19 06:55:53', '2025-09-19 06:55:53', 'G41'),
(32942, 46, 9, '2025-09-18', 2, 0.000000, 1, 'shift', NULL, NULL, '2025-09-19 06:55:53', '2025-09-19 06:55:53', 'G42'),
(32943, 47, 9, '2025-09-18', 2, 0.000000, 1, 'shift', NULL, NULL, '2025-09-19 06:55:53', '2025-09-19 06:55:53', 'G44'),
(32944, 48, 9, '2025-09-18', 2, 0.000000, 1, 'shift', NULL, NULL, '2025-09-19 06:55:53', '2025-09-19 06:55:53', 'G45'),
(32945, 49, 9, '2025-09-18', 2, 3.260000, 1, 'shift', NULL, NULL, '2025-09-19 06:55:53', '2025-09-19 06:55:53', 'G48'),
(32946, 50, 9, '2025-09-18', 2, 0.000000, 1, 'shift', NULL, NULL, '2025-09-19 06:55:53', '2025-09-19 06:55:53', 'G49'),
(32947, 51, 9, '2025-09-18', 2, 0.000000, 1, 'shift', NULL, NULL, '2025-09-19 06:55:53', '2025-09-19 06:55:53', 'G50'),
(32948, 52, 9, '2025-09-18', 2, 0.000000, 1, 'shift', NULL, NULL, '2025-09-19 06:55:53', '2025-09-19 06:55:53', 'G51'),
(32949, 53, 9, '2025-09-18', 2, 0.000000, 1, 'shift', NULL, NULL, '2025-09-19 06:55:53', '2025-09-19 06:55:53', 'G52'),
(32950, 271, 9, '2025-09-18', 2, 0.000000, 1, 'shift', NULL, NULL, '2025-09-19 06:55:53', '2025-09-19 06:55:53', 'G12'),
(32951, 272, 9, '2025-09-18', 2, 0.000000, 1, 'shift', NULL, NULL, '2025-09-19 06:55:53', '2025-09-19 06:55:53', 'G13'),
(32952, 278, 9, '2025-09-18', 2, 8198.240000, 1, 'shift', NULL, NULL, '2025-09-19 06:55:53', '2025-09-19 06:55:53', 'G19'),
(32953, 275, 7, '2025-09-18', 2, 0.000000, 1, 'shift', NULL, NULL, '2025-09-19 06:55:53', '2025-09-19 06:55:53', 'E16'),
(32954, 277, 7, '2025-09-18', 2, 8.000000, 1, 'shift', NULL, NULL, '2025-09-19 06:55:53', '2025-09-19 06:55:53', 'E18'),
(32955, 279, 7, '2025-09-18', 2, 1024.780000, 1, 'shift', NULL, NULL, '2025-09-19 06:55:53', '2025-09-19 06:55:53', 'E21'),
(32956, 280, 7, '2025-09-18', 2, 0.000000, 1, 'shift', NULL, NULL, '2025-09-19 06:55:53', '2025-09-19 06:55:53', 'E22'),
(32957, 281, 7, '2025-09-18', 2, 0.000000, 1, 'shift', NULL, NULL, '2025-09-19 06:55:53', '2025-09-19 06:55:53', 'E23'),
(32958, 282, 7, '2025-09-18', 2, 937.750000, 1, 'shift', NULL, NULL, '2025-09-19 06:55:53', '2025-09-19 06:55:53', 'E24'),
(32959, 283, 7, '2025-09-18', 2, 0.000000, 1, 'shift', NULL, NULL, '2025-09-19 06:55:53', '2025-09-19 06:55:53', 'E25'),
(32960, 284, 7, '2025-09-18', 2, 0.000000, 1, 'shift', NULL, NULL, '2025-09-19 06:55:53', '2025-09-19 06:55:53', 'E26'),
(32961, 275, 8, '2025-09-18', 2, 0.000000, 1, 'shift', NULL, NULL, '2025-09-19 06:55:53', '2025-09-19 06:55:53', 'F16'),
(32962, 277, 8, '2025-09-18', 2, 0.000000, 1, 'shift', NULL, NULL, '2025-09-19 06:55:53', '2025-09-19 06:55:53', 'F18'),
(32963, 279, 8, '2025-09-18', 2, 0.000000, 1, 'shift', NULL, NULL, '2025-09-19 06:55:53', '2025-09-19 06:55:53', 'F21'),
(32964, 280, 8, '2025-09-18', 2, 0.000000, 1, 'shift', NULL, NULL, '2025-09-19 06:55:53', '2025-09-19 06:55:53', 'F22'),
(32965, 281, 8, '2025-09-18', 2, 0.000000, 1, 'shift', NULL, NULL, '2025-09-19 06:55:53', '2025-09-19 06:55:53', 'F23'),
(32966, 282, 8, '2025-09-18', 2, 0.000000, 1, 'shift', NULL, NULL, '2025-09-19 06:55:53', '2025-09-19 06:55:53', 'F24'),
(32967, 283, 8, '2025-09-18', 2, 0.000000, 1, 'shift', NULL, NULL, '2025-09-19 06:55:53', '2025-09-19 06:55:53', 'F25'),
(32968, 284, 8, '2025-09-18', 2, 0.000000, 1, 'shift', NULL, NULL, '2025-09-19 06:55:53', '2025-09-19 06:55:53', 'F26'),
(32969, 275, 9, '2025-09-18', 2, 0.000000, 1, 'shift', NULL, NULL, '2025-09-19 06:55:53', '2025-09-19 06:55:53', 'G16'),
(32970, 277, 9, '2025-09-18', 2, 8.000000, 1, 'shift', NULL, NULL, '2025-09-19 06:55:53', '2025-09-19 06:55:53', 'G18'),
(32971, 279, 9, '2025-09-18', 2, 1024.780000, 1, 'shift', NULL, NULL, '2025-09-19 06:55:53', '2025-09-19 06:55:53', 'G21'),
(32972, 280, 9, '2025-09-18', 2, 0.000000, 1, 'shift', NULL, NULL, '2025-09-19 06:55:53', '2025-09-19 06:55:53', 'G22'),
(32973, 281, 9, '2025-09-18', 2, 0.000000, 1, 'shift', NULL, NULL, '2025-09-19 06:55:53', '2025-09-19 06:55:53', 'G23'),
(32974, 282, 9, '2025-09-18', 2, 1925.250000, 1, 'shift', NULL, NULL, '2025-09-19 06:55:53', '2025-09-19 06:55:53', 'G24'),
(32975, 283, 9, '2025-09-18', 2, 0.000000, 1, 'shift', NULL, NULL, '2025-09-19 06:55:53', '2025-09-19 06:55:53', 'G25'),
(32976, 284, 9, '2025-09-18', 2, 0.000000, 1, 'shift', NULL, NULL, '2025-09-19 06:55:53', '2025-09-19 06:55:53', 'G26'),
(32977, 26, 7, '2025-09-18', 3, 0.000000, 1, 'shift', NULL, NULL, '2025-09-19 06:55:53', '2025-09-19 06:55:53', 'E11'),
(32978, 27, 7, '2025-09-18', 3, 0.000000, 1, 'shift', NULL, NULL, '2025-09-19 06:55:53', '2025-09-19 06:55:53', 'E13'),
(32979, 28, 7, '2025-09-18', 3, 8.000000, 1, 'shift', NULL, NULL, '2025-09-19 06:55:53', '2025-09-19 06:55:53', 'E15'),
(32980, 29, 7, '2025-09-18', 3, 0.000000, 1, 'shift', NULL, NULL, '2025-09-19 06:55:53', '2025-09-19 06:55:53', 'E17'),
(32981, 30, 7, '2025-09-18', 3, 0.000000, 1, 'shift', NULL, NULL, '2025-09-19 06:55:53', '2025-09-19 06:55:53', 'E18'),
(32982, 37, 7, '2025-09-18', 3, 20.000000, 1, 'shift', NULL, NULL, '2025-09-19 06:55:53', '2025-09-19 06:55:53', 'E30'),
(32983, 31, 7, '2025-09-18', 3, 0.000000, 1, 'shift', NULL, NULL, '2025-09-19 06:55:53', '2025-09-19 06:55:53', 'E19'),
(32984, 32, 7, '2025-09-18', 3, 0.000000, 1, 'shift', NULL, NULL, '2025-09-19 06:55:53', '2025-09-19 06:55:53', 'E20'),
(32985, 33, 7, '2025-09-18', 3, 0.000000, 1, 'shift', NULL, NULL, '2025-09-19 06:55:53', '2025-09-19 06:55:53', 'E21'),
(32986, 34, 7, '2025-09-18', 3, 0.000000, 1, 'shift', NULL, NULL, '2025-09-19 06:55:53', '2025-09-19 06:55:53', 'E22'),
(32987, 35, 7, '2025-09-18', 3, 0.000000, 1, 'shift', NULL, NULL, '2025-09-19 06:55:53', '2025-09-19 06:55:53', 'E26'),
(32988, 36, 7, '2025-09-18', 3, 0.000000, 1, 'shift', NULL, NULL, '2025-09-19 06:55:53', '2025-09-19 06:55:53', 'E29'),
(32989, 38, 7, '2025-09-18', 3, 0.000000, 1, 'shift', NULL, NULL, '2025-09-19 06:55:53', '2025-09-19 06:55:53', 'E31'),
(32990, 39, 7, '2025-09-18', 3, 0.000000, 1, 'shift', NULL, NULL, '2025-09-19 06:55:53', '2025-09-19 06:55:53', 'E33'),
(32991, 40, 7, '2025-09-18', 3, 0.000000, 1, 'shift', NULL, NULL, '2025-09-19 06:55:53', '2025-09-19 06:55:53', 'E34'),
(32992, 41, 7, '2025-09-18', 3, 0.000000, 1, 'shift', NULL, NULL, '2025-09-19 06:55:53', '2025-09-19 06:55:53', 'E35'),
(32993, 42, 7, '2025-09-18', 3, 245.000000, 1, 'shift', NULL, NULL, '2025-09-19 06:55:53', '2025-09-19 06:55:53', 'E36'),
(32994, 43, 7, '2025-09-18', 3, 46.900000, 1, 'shift', NULL, NULL, '2025-09-19 06:55:53', '2025-09-19 06:55:53', 'E37'),
(32995, 44, 7, '2025-09-18', 3, 291.900000, 1, 'shift', NULL, NULL, '2025-09-19 06:55:53', '2025-09-19 06:55:53', 'E39'),
(32996, 45, 7, '2025-09-18', 3, 1.120000, 1, 'shift', NULL, NULL, '2025-09-19 06:55:53', '2025-09-19 06:55:53', 'E41'),
(32997, 46, 7, '2025-09-18', 3, 0.000000, 1, 'shift', NULL, NULL, '2025-09-19 06:55:53', '2025-09-19 06:55:53', 'E42'),
(32998, 47, 7, '2025-09-18', 3, 0.450000, 1, 'shift', NULL, NULL, '2025-09-19 06:55:53', '2025-09-19 06:55:53', 'E44'),
(32999, 48, 7, '2025-09-18', 3, 0.000000, 1, 'shift', NULL, NULL, '2025-09-19 06:55:53', '2025-09-19 06:55:53', 'E45'),
(33000, 49, 7, '2025-09-18', 3, 1.630000, 1, 'shift', NULL, NULL, '2025-09-19 06:55:53', '2025-09-19 06:55:53', 'E48'),
(33001, 50, 7, '2025-09-18', 3, 0.000000, 1, 'shift', NULL, NULL, '2025-09-19 06:55:53', '2025-09-19 06:55:53', 'E49'),
(33002, 51, 7, '2025-09-18', 3, 0.000000, 1, 'shift', NULL, NULL, '2025-09-19 06:55:53', '2025-09-19 06:55:53', 'E50'),
(33003, 52, 7, '2025-09-18', 3, 0.000000, 1, 'shift', NULL, NULL, '2025-09-19 06:55:53', '2025-09-19 06:55:53', 'E51'),
(33004, 53, 7, '2025-09-18', 3, 291.900000, 1, 'shift', NULL, NULL, '2025-09-19 06:55:53', '2025-09-19 06:55:53', 'E52'),
(33005, 278, 7, '2025-09-18', 3, 8198.240000, 1, 'shift', NULL, NULL, '2025-09-19 06:55:53', '2025-09-19 06:55:53', 'E19'),
(33006, 26, 8, '2025-09-18', 3, 0.000000, 1, 'shift', NULL, NULL, '2025-09-19 06:55:53', '2025-09-19 06:55:53', 'F11'),
(33007, 27, 8, '2025-09-18', 3, 0.000000, 1, 'shift', NULL, NULL, '2025-09-19 06:55:53', '2025-09-19 06:55:53', 'F13'),
(33008, 28, 8, '2025-09-18', 3, 0.000000, 1, 'shift', NULL, NULL, '2025-09-19 06:55:53', '2025-09-19 06:55:53', 'F15'),
(33009, 29, 8, '2025-09-18', 3, 0.000000, 1, 'shift', NULL, NULL, '2025-09-19 06:55:53', '2025-09-19 06:55:53', 'F17'),
(33010, 30, 8, '2025-09-18', 3, 0.000000, 1, 'shift', NULL, NULL, '2025-09-19 06:55:53', '2025-09-19 06:55:53', 'F18'),
(33011, 37, 8, '2025-09-18', 3, 0.000000, 1, 'shift', NULL, NULL, '2025-09-19 06:55:53', '2025-09-19 06:55:53', 'F30'),
(33012, 31, 8, '2025-09-18', 3, 0.000000, 1, 'shift', NULL, NULL, '2025-09-19 06:55:53', '2025-09-19 06:55:53', 'F19'),
(33013, 32, 8, '2025-09-18', 3, 0.000000, 1, 'shift', NULL, NULL, '2025-09-19 06:55:53', '2025-09-19 06:55:53', 'F20'),
(33014, 33, 8, '2025-09-18', 3, 0.000000, 1, 'shift', NULL, NULL, '2025-09-19 06:55:53', '2025-09-19 06:55:53', 'F21'),
(33015, 34, 8, '2025-09-18', 3, 0.000000, 1, 'shift', NULL, NULL, '2025-09-19 06:55:53', '2025-09-19 06:55:53', 'F22'),
(33016, 35, 8, '2025-09-18', 3, 0.000000, 1, 'shift', NULL, NULL, '2025-09-19 06:55:53', '2025-09-19 06:55:53', 'F26'),
(33017, 36, 8, '2025-09-18', 3, 0.000000, 1, 'shift', NULL, NULL, '2025-09-19 06:55:53', '2025-09-19 06:55:53', 'F29'),
(33018, 38, 8, '2025-09-18', 3, 0.000000, 1, 'shift', NULL, NULL, '2025-09-19 06:55:53', '2025-09-19 06:55:53', 'F31'),
(33019, 39, 8, '2025-09-18', 3, 0.000000, 1, 'shift', NULL, NULL, '2025-09-19 06:55:53', '2025-09-19 06:55:53', 'F33'),
(33020, 40, 8, '2025-09-18', 3, 0.000000, 1, 'shift', NULL, NULL, '2025-09-19 06:55:53', '2025-09-19 06:55:53', 'F34'),
(33021, 41, 8, '2025-09-18', 3, 0.000000, 1, 'shift', NULL, NULL, '2025-09-19 06:55:53', '2025-09-19 06:55:53', 'F35'),
(33022, 42, 8, '2025-09-18', 3, 0.000000, 1, 'shift', NULL, NULL, '2025-09-19 06:55:53', '2025-09-19 06:55:53', 'F36'),
(33023, 43, 8, '2025-09-18', 3, 46.900000, 1, 'shift', NULL, NULL, '2025-09-19 06:55:53', '2025-09-19 06:55:53', 'F37'),
(33024, 44, 8, '2025-09-18', 3, 46.900000, 1, 'shift', NULL, NULL, '2025-09-19 06:55:53', '2025-09-19 06:55:53', 'F39'),
(33025, 45, 8, '2025-09-18', 3, 1.120000, 1, 'shift', NULL, NULL, '2025-09-19 06:55:53', '2025-09-19 06:55:53', 'F41'),
(33026, 46, 8, '2025-09-18', 3, 0.000000, 1, 'shift', NULL, NULL, '2025-09-19 06:55:53', '2025-09-19 06:55:53', 'F42'),
(33027, 47, 8, '2025-09-18', 3, 0.450000, 1, 'shift', NULL, NULL, '2025-09-19 06:55:53', '2025-09-19 06:55:53', 'F44'),
(33028, 48, 8, '2025-09-18', 3, 0.000000, 1, 'shift', NULL, NULL, '2025-09-19 06:55:53', '2025-09-19 06:55:53', 'F45'),
(33029, 49, 8, '2025-09-18', 3, 1.630000, 1, 'shift', NULL, NULL, '2025-09-19 06:55:53', '2025-09-19 06:55:53', 'F48'),
(33030, 50, 8, '2025-09-18', 3, 0.000000, 1, 'shift', NULL, NULL, '2025-09-19 06:55:53', '2025-09-19 06:55:53', 'F49'),
(33031, 51, 8, '2025-09-18', 3, 0.000000, 1, 'shift', NULL, NULL, '2025-09-19 06:55:53', '2025-09-19 06:55:53', 'F50'),
(33032, 52, 8, '2025-09-18', 3, 0.000000, 1, 'shift', NULL, NULL, '2025-09-19 06:55:53', '2025-09-19 06:55:53', 'F51'),
(33033, 53, 8, '2025-09-18', 3, 46.900000, 1, 'shift', NULL, NULL, '2025-09-19 06:55:53', '2025-09-19 06:55:53', 'F52'),
(33034, 278, 8, '2025-09-18', 3, 0.000000, 1, 'shift', NULL, NULL, '2025-09-19 06:55:53', '2025-09-19 06:55:53', 'F19'),
(33035, 26, 9, '2025-09-18', 3, 0.000000, 1, 'shift', NULL, NULL, '2025-09-19 06:55:53', '2025-09-19 06:55:53', 'G11'),
(33036, 27, 9, '2025-09-18', 3, 0.000000, 1, 'shift', NULL, NULL, '2025-09-19 06:55:53', '2025-09-19 06:55:53', 'G13'),
(33037, 28, 9, '2025-09-18', 3, 8.000000, 1, 'shift', NULL, NULL, '2025-09-19 06:55:53', '2025-09-19 06:55:53', 'G15'),
(33038, 29, 9, '2025-09-18', 3, 0.000000, 1, 'shift', NULL, NULL, '2025-09-19 06:55:53', '2025-09-19 06:55:53', 'G17'),
(33039, 30, 9, '2025-09-18', 3, 0.000000, 1, 'shift', NULL, NULL, '2025-09-19 06:55:53', '2025-09-19 06:55:53', 'G18'),
(33040, 37, 9, '2025-09-18', 3, 20.000000, 1, 'shift', NULL, NULL, '2025-09-19 06:55:53', '2025-09-19 06:55:53', 'G30'),
(33041, 31, 9, '2025-09-18', 3, 0.000000, 1, 'shift', NULL, NULL, '2025-09-19 06:55:53', '2025-09-19 06:55:53', 'G19'),
(33042, 32, 9, '2025-09-18', 3, 0.000000, 1, 'shift', NULL, NULL, '2025-09-19 06:55:53', '2025-09-19 06:55:53', 'G20'),
(33043, 33, 9, '2025-09-18', 3, 0.000000, 1, 'shift', NULL, NULL, '2025-09-19 06:55:53', '2025-09-19 06:55:53', 'G21'),
(33044, 34, 9, '2025-09-18', 3, 0.000000, 1, 'shift', NULL, NULL, '2025-09-19 06:55:53', '2025-09-19 06:55:53', 'G22'),
(33045, 35, 9, '2025-09-18', 3, 0.000000, 1, 'shift', NULL, NULL, '2025-09-19 06:55:53', '2025-09-19 06:55:53', 'G26'),
(33046, 36, 9, '2025-09-18', 3, 0.000000, 1, 'shift', NULL, NULL, '2025-09-19 06:55:53', '2025-09-19 06:55:53', 'G29'),
(33047, 38, 9, '2025-09-18', 3, 0.000000, 1, 'shift', NULL, NULL, '2025-09-19 06:55:53', '2025-09-19 06:55:53', 'G31'),
(33048, 39, 9, '2025-09-18', 3, 0.000000, 1, 'shift', NULL, NULL, '2025-09-19 06:55:53', '2025-09-19 06:55:53', 'G33'),
(33049, 40, 9, '2025-09-18', 3, 0.000000, 1, 'shift', NULL, NULL, '2025-09-19 06:55:53', '2025-09-19 06:55:53', 'G34'),
(33050, 41, 9, '2025-09-18', 3, 0.000000, 1, 'shift', NULL, NULL, '2025-09-19 06:55:53', '2025-09-19 06:55:53', 'G35'),
(33051, 42, 9, '2025-09-18', 3, 0.000000, 1, 'shift', NULL, NULL, '2025-09-19 06:55:53', '2025-09-19 06:55:53', 'G36'),
(33052, 43, 9, '2025-09-18', 3, 0.000000, 1, 'shift', NULL, NULL, '2025-09-19 06:55:53', '2025-09-19 06:55:53', 'G37'),
(33053, 44, 9, '2025-09-18', 3, 0.000000, 1, 'shift', NULL, NULL, '2025-09-19 06:55:53', '2025-09-19 06:55:53', 'G39'),
(33054, 45, 9, '2025-09-18', 3, 2.230000, 1, 'shift', NULL, NULL, '2025-09-19 06:55:53', '2025-09-19 06:55:53', 'G41'),
(33055, 46, 9, '2025-09-18', 3, 0.000000, 1, 'shift', NULL, NULL, '2025-09-19 06:55:53', '2025-09-19 06:55:53', 'G42'),
(33056, 47, 9, '2025-09-18', 3, 0.000000, 1, 'shift', NULL, NULL, '2025-09-19 06:55:53', '2025-09-19 06:55:53', 'G44'),
(33057, 48, 9, '2025-09-18', 3, 0.000000, 1, 'shift', NULL, NULL, '2025-09-19 06:55:53', '2025-09-19 06:55:53', 'G45'),
(33058, 49, 9, '2025-09-18', 3, 3.260000, 1, 'shift', NULL, NULL, '2025-09-19 06:55:53', '2025-09-19 06:55:53', 'G48'),
(33059, 50, 9, '2025-09-18', 3, 0.000000, 1, 'shift', NULL, NULL, '2025-09-19 06:55:53', '2025-09-19 06:55:53', 'G49'),
(33060, 51, 9, '2025-09-18', 3, 0.000000, 1, 'shift', NULL, NULL, '2025-09-19 06:55:53', '2025-09-19 06:55:53', 'G50'),
(33061, 52, 9, '2025-09-18', 3, 0.000000, 1, 'shift', NULL, NULL, '2025-09-19 06:55:53', '2025-09-19 06:55:53', 'G51'),
(33062, 53, 9, '2025-09-18', 3, 0.000000, 1, 'shift', NULL, NULL, '2025-09-19 06:55:53', '2025-09-19 06:55:53', 'G52'),
(33063, 271, 9, '2025-09-18', 3, 0.000000, 1, 'shift', NULL, NULL, '2025-09-19 06:55:53', '2025-09-19 06:55:53', 'G12'),
(33064, 272, 9, '2025-09-18', 3, 0.000000, 1, 'shift', NULL, NULL, '2025-09-19 06:55:53', '2025-09-19 06:55:53', 'G13'),
(33065, 278, 9, '2025-09-18', 3, 8198.240000, 1, 'shift', NULL, NULL, '2025-09-19 06:55:53', '2025-09-19 06:55:53', 'G19'),
(33066, 275, 7, '2025-09-18', 3, 0.000000, 1, 'shift', NULL, NULL, '2025-09-19 06:55:53', '2025-09-19 06:55:53', 'E16'),
(33067, 277, 7, '2025-09-18', 3, 8.000000, 1, 'shift', NULL, NULL, '2025-09-19 06:55:53', '2025-09-19 06:55:53', 'E18'),
(33068, 279, 7, '2025-09-18', 3, 1024.780000, 1, 'shift', NULL, NULL, '2025-09-19 06:55:53', '2025-09-19 06:55:53', 'E21'),
(33069, 280, 7, '2025-09-18', 3, 0.000000, 1, 'shift', NULL, NULL, '2025-09-19 06:55:53', '2025-09-19 06:55:53', 'E22'),
(33070, 281, 7, '2025-09-18', 3, 0.000000, 1, 'shift', NULL, NULL, '2025-09-19 06:55:53', '2025-09-19 06:55:53', 'E23'),
(33071, 282, 7, '2025-09-18', 3, 937.750000, 1, 'shift', NULL, NULL, '2025-09-19 06:55:53', '2025-09-19 06:55:53', 'E24'),
(33072, 283, 7, '2025-09-18', 3, 0.000000, 1, 'shift', NULL, NULL, '2025-09-19 06:55:53', '2025-09-19 06:55:53', 'E25'),
(33073, 284, 7, '2025-09-18', 3, 0.000000, 1, 'shift', NULL, NULL, '2025-09-19 06:55:53', '2025-09-19 06:55:53', 'E26'),
(33074, 275, 8, '2025-09-18', 3, 0.000000, 1, 'shift', NULL, NULL, '2025-09-19 06:55:53', '2025-09-19 06:55:53', 'F16'),
(33075, 277, 8, '2025-09-18', 3, 0.000000, 1, 'shift', NULL, NULL, '2025-09-19 06:55:53', '2025-09-19 06:55:53', 'F18'),
(33076, 279, 8, '2025-09-18', 3, 0.000000, 1, 'shift', NULL, NULL, '2025-09-19 06:55:53', '2025-09-19 06:55:53', 'F21'),
(33077, 280, 8, '2025-09-18', 3, 0.000000, 1, 'shift', NULL, NULL, '2025-09-19 06:55:53', '2025-09-19 06:55:53', 'F22'),
(33078, 281, 8, '2025-09-18', 3, 0.000000, 1, 'shift', NULL, NULL, '2025-09-19 06:55:53', '2025-09-19 06:55:53', 'F23'),
(33079, 282, 8, '2025-09-18', 3, 0.000000, 1, 'shift', NULL, NULL, '2025-09-19 06:55:53', '2025-09-19 06:55:53', 'F24'),
(33080, 283, 8, '2025-09-18', 3, 0.000000, 1, 'shift', NULL, NULL, '2025-09-19 06:55:53', '2025-09-19 06:55:53', 'F25'),
(33081, 284, 8, '2025-09-18', 3, 0.000000, 1, 'shift', NULL, NULL, '2025-09-19 06:55:53', '2025-09-19 06:55:53', 'F26'),
(33082, 275, 9, '2025-09-18', 3, 0.000000, 1, 'shift', NULL, NULL, '2025-09-19 06:55:53', '2025-09-19 06:55:53', 'G16'),
(33083, 277, 9, '2025-09-18', 3, 8.000000, 1, 'shift', NULL, NULL, '2025-09-19 06:55:53', '2025-09-19 06:55:53', 'G18'),
(33084, 279, 9, '2025-09-18', 3, 1024.780000, 1, 'shift', NULL, NULL, '2025-09-19 06:55:53', '2025-09-19 06:55:53', 'G21'),
(33085, 280, 9, '2025-09-18', 3, 0.000000, 1, 'shift', NULL, NULL, '2025-09-19 06:55:53', '2025-09-19 06:55:53', 'G22'),
(33086, 281, 9, '2025-09-18', 3, 0.000000, 1, 'shift', NULL, NULL, '2025-09-19 06:55:53', '2025-09-19 06:55:53', 'G23'),
(33087, 282, 9, '2025-09-18', 3, 1925.250000, 1, 'shift', NULL, NULL, '2025-09-19 06:55:53', '2025-09-19 06:55:53', 'G24'),
(33088, 283, 9, '2025-09-18', 3, 0.000000, 1, 'shift', NULL, NULL, '2025-09-19 06:55:53', '2025-09-19 06:55:53', 'G25'),
(33089, 284, 9, '2025-09-18', 3, 0.000000, 1, 'shift', NULL, NULL, '2025-09-19 06:55:53', '2025-09-19 06:55:53', 'G26'),
(37717, 26, 7, '2025-09-23', 1, 0.000000, 1, 'shift', NULL, NULL, '2025-09-23 09:12:13', '2025-09-23 09:12:13', 'E11'),
(37718, 27, 7, '2025-09-23', 1, 0.000000, 1, 'shift', NULL, NULL, '2025-09-23 09:12:13', '2025-09-23 09:12:13', 'E13'),
(37719, 28, 7, '2025-09-23', 1, 8.000000, 1, 'shift', NULL, NULL, '2025-09-23 09:12:13', '2025-09-23 09:12:13', 'E15'),
(37720, 29, 7, '2025-09-23', 1, 0.000000, 1, 'shift', NULL, NULL, '2025-09-23 09:12:13', '2025-09-23 09:12:13', 'E17'),
(37721, 30, 7, '2025-09-23', 1, 0.000000, 1, 'shift', NULL, NULL, '2025-09-23 09:12:13', '2025-09-23 09:12:13', 'E18'),
(37722, 37, 7, '2025-09-23', 1, 20.000000, 1, 'shift', NULL, NULL, '2025-09-23 09:12:13', '2025-09-23 09:12:13', 'E30'),
(37723, 31, 7, '2025-09-23', 1, 0.000000, 1, 'shift', NULL, NULL, '2025-09-23 09:12:13', '2025-09-23 09:12:13', 'E19'),
(37724, 32, 7, '2025-09-23', 1, 0.000000, 1, 'shift', NULL, NULL, '2025-09-23 09:12:13', '2025-09-23 09:12:13', 'E20'),
(37725, 33, 7, '2025-09-23', 1, 0.000000, 1, 'shift', NULL, NULL, '2025-09-23 09:12:13', '2025-09-23 09:12:13', 'E21'),
(37726, 34, 7, '2025-09-23', 1, 0.000000, 1, 'shift', NULL, NULL, '2025-09-23 09:12:13', '2025-09-23 09:12:13', 'E22'),
(37727, 35, 7, '2025-09-23', 1, 0.000000, 1, 'shift', NULL, NULL, '2025-09-23 09:12:13', '2025-09-23 09:12:13', 'E26'),
(37728, 36, 7, '2025-09-23', 1, 0.000000, 1, 'shift', NULL, NULL, '2025-09-23 09:12:13', '2025-09-23 09:12:13', 'E29'),
(37729, 38, 7, '2025-09-23', 1, 0.000000, 1, 'shift', NULL, NULL, '2025-09-23 09:12:13', '2025-09-23 09:12:13', 'E31'),
(37730, 39, 7, '2025-09-23', 1, 0.000000, 1, 'shift', NULL, NULL, '2025-09-23 09:12:13', '2025-09-23 09:12:13', 'E33'),
(37731, 40, 7, '2025-09-23', 1, 0.000000, 1, 'shift', NULL, NULL, '2025-09-23 09:12:13', '2025-09-23 09:12:13', 'E34'),
(37732, 41, 7, '2025-09-23', 1, 0.000000, 1, 'shift', NULL, NULL, '2025-09-23 09:12:13', '2025-09-23 09:12:13', 'E35'),
(37733, 42, 7, '2025-09-23', 1, 245.000000, 1, 'shift', NULL, NULL, '2025-09-23 09:12:13', '2025-09-23 09:12:13', 'E36'),
(37734, 43, 7, '2025-09-23', 1, 46.900000, 1, 'shift', NULL, NULL, '2025-09-23 09:12:13', '2025-09-23 09:12:13', 'E37'),
(37735, 44, 7, '2025-09-23', 1, 291.900000, 1, 'shift', NULL, NULL, '2025-09-23 09:12:13', '2025-09-23 09:12:13', 'E39'),
(37736, 45, 7, '2025-09-23', 1, 1.120000, 1, 'shift', NULL, NULL, '2025-09-23 09:12:13', '2025-09-23 09:12:13', 'E41'),
(37737, 46, 7, '2025-09-23', 1, 0.000000, 1, 'shift', NULL, NULL, '2025-09-23 09:12:13', '2025-09-23 09:12:13', 'E42'),
(37738, 47, 7, '2025-09-23', 1, 0.450000, 1, 'shift', NULL, NULL, '2025-09-23 09:12:13', '2025-09-23 09:12:13', 'E44'),
(37739, 48, 7, '2025-09-23', 1, 0.000000, 1, 'shift', NULL, NULL, '2025-09-23 09:12:13', '2025-09-23 09:12:13', 'E45'),
(37740, 49, 7, '2025-09-23', 1, 1.630000, 1, 'shift', NULL, NULL, '2025-09-23 09:12:13', '2025-09-23 09:12:13', 'E48'),
(37741, 50, 7, '2025-09-23', 1, 0.000000, 1, 'shift', NULL, NULL, '2025-09-23 09:12:13', '2025-09-23 09:12:13', 'E49'),
(37742, 51, 7, '2025-09-23', 1, 0.000000, 1, 'shift', NULL, NULL, '2025-09-23 09:12:13', '2025-09-23 09:12:13', 'E50'),
(37743, 52, 7, '2025-09-23', 1, 0.000000, 1, 'shift', NULL, NULL, '2025-09-23 09:12:13', '2025-09-23 09:12:13', 'E51'),
(37744, 53, 7, '2025-09-23', 1, 0.000000, 1, 'shift', NULL, NULL, '2025-09-23 09:12:13', '2025-09-23 09:12:13', 'E52'),
(37745, 278, 7, '2025-09-23', 1, 0.000000, 1, 'shift', NULL, NULL, '2025-09-23 09:12:13', '2025-09-23 09:12:13', 'E19'),
(37746, 26, 8, '2025-09-23', 1, 0.000000, 1, 'shift', NULL, NULL, '2025-09-23 09:12:13', '2025-09-23 09:12:13', 'F11'),
(37747, 27, 8, '2025-09-23', 1, 0.000000, 1, 'shift', NULL, NULL, '2025-09-23 09:12:13', '2025-09-23 09:12:13', 'F13'),
(37748, 28, 8, '2025-09-23', 1, 8.000000, 1, 'shift', NULL, NULL, '2025-09-23 09:12:13', '2025-09-23 09:12:13', 'F15'),
(37749, 29, 8, '2025-09-23', 1, 0.000000, 1, 'shift', NULL, NULL, '2025-09-23 09:12:13', '2025-09-23 09:12:13', 'F17'),
(37750, 30, 8, '2025-09-23', 1, 0.000000, 1, 'shift', NULL, NULL, '2025-09-23 09:12:13', '2025-09-23 09:12:13', 'F18'),
(37751, 37, 8, '2025-09-23', 1, 20.000000, 1, 'shift', NULL, NULL, '2025-09-23 09:12:13', '2025-09-23 09:12:13', 'F30'),
(37752, 31, 8, '2025-09-23', 1, 0.000000, 1, 'shift', NULL, NULL, '2025-09-23 09:12:13', '2025-09-23 09:12:13', 'F19'),
(37753, 32, 8, '2025-09-23', 1, 0.000000, 1, 'shift', NULL, NULL, '2025-09-23 09:12:13', '2025-09-23 09:12:13', 'F20'),
(37754, 33, 8, '2025-09-23', 1, 0.000000, 1, 'shift', NULL, NULL, '2025-09-23 09:12:13', '2025-09-23 09:12:13', 'F21'),
(37755, 34, 8, '2025-09-23', 1, 0.000000, 1, 'shift', NULL, NULL, '2025-09-23 09:12:13', '2025-09-23 09:12:13', 'F22'),
(37756, 35, 8, '2025-09-23', 1, 0.000000, 1, 'shift', NULL, NULL, '2025-09-23 09:12:13', '2025-09-23 09:12:13', 'F26'),
(37757, 36, 8, '2025-09-23', 1, 0.000000, 1, 'shift', NULL, NULL, '2025-09-23 09:12:14', '2025-09-23 09:12:14', 'F29'),
(37758, 38, 8, '2025-09-23', 1, 0.000000, 1, 'shift', NULL, NULL, '2025-09-23 09:12:14', '2025-09-23 09:12:14', 'F31'),
(37759, 39, 8, '2025-09-23', 1, 0.000000, 1, 'shift', NULL, NULL, '2025-09-23 09:12:14', '2025-09-23 09:12:14', 'F33'),
(37760, 40, 8, '2025-09-23', 1, 0.000000, 1, 'shift', NULL, NULL, '2025-09-23 09:12:14', '2025-09-23 09:12:14', 'F34'),
(37761, 41, 8, '2025-09-23', 1, 0.000000, 1, 'shift', NULL, NULL, '2025-09-23 09:12:14', '2025-09-23 09:12:14', 'F35'),
(37762, 42, 8, '2025-09-23', 1, 0.000000, 1, 'shift', NULL, NULL, '2025-09-23 09:12:14', '2025-09-23 09:12:14', 'F36'),
(37763, 43, 8, '2025-09-23', 1, 46.900000, 1, 'shift', NULL, NULL, '2025-09-23 09:12:14', '2025-09-23 09:12:14', 'F37'),
(37764, 44, 8, '2025-09-23', 1, 46.900000, 1, 'shift', NULL, NULL, '2025-09-23 09:12:14', '2025-09-23 09:12:14', 'F39'),
(37765, 45, 8, '2025-09-23', 1, 1.120000, 1, 'shift', NULL, NULL, '2025-09-23 09:12:14', '2025-09-23 09:12:14', 'F41'),
(37766, 46, 8, '2025-09-23', 1, 0.000000, 1, 'shift', NULL, NULL, '2025-09-23 09:12:14', '2025-09-23 09:12:14', 'F42'),
(37767, 47, 8, '2025-09-23', 1, 0.450000, 1, 'shift', NULL, NULL, '2025-09-23 09:12:14', '2025-09-23 09:12:14', 'F44'),
(37768, 48, 8, '2025-09-23', 1, 0.000000, 1, 'shift', NULL, NULL, '2025-09-23 09:12:14', '2025-09-23 09:12:14', 'F45'),
(37769, 49, 8, '2025-09-23', 1, 1.630000, 1, 'shift', NULL, NULL, '2025-09-23 09:12:14', '2025-09-23 09:12:14', 'F48'),
(37770, 50, 8, '2025-09-23', 1, 0.000000, 1, 'shift', NULL, NULL, '2025-09-23 09:12:14', '2025-09-23 09:12:14', 'F49'),
(37771, 51, 8, '2025-09-23', 1, 0.000000, 1, 'shift', NULL, NULL, '2025-09-23 09:12:14', '2025-09-23 09:12:14', 'F50'),
(37772, 52, 8, '2025-09-23', 1, 0.000000, 1, 'shift', NULL, NULL, '2025-09-23 09:12:14', '2025-09-23 09:12:14', 'F51'),
(37773, 53, 8, '2025-09-23', 1, 0.000000, 1, 'shift', NULL, NULL, '2025-09-23 09:12:14', '2025-09-23 09:12:14', 'F52');
INSERT INTO `tg_result_values` (`id`, `param_id`, `tg_id`, `date`, `shift_id`, `value`, `user_id`, `period_type`, `period_start`, `period_end`, `created_at`, `updated_at`, `cell`) VALUES
(37774, 278, 8, '2025-09-23', 1, 0.000000, 1, 'shift', NULL, NULL, '2025-09-23 09:12:14', '2025-09-23 09:12:14', 'F19'),
(37775, 26, 9, '2025-09-23', 1, 0.000000, 1, 'shift', NULL, NULL, '2025-09-23 09:12:14', '2025-09-23 09:12:14', 'G11'),
(37776, 27, 9, '2025-09-23', 1, 0.000000, 1, 'shift', NULL, NULL, '2025-09-23 09:12:14', '2025-09-23 09:12:14', 'G13'),
(37777, 28, 9, '2025-09-23', 1, 16.000000, 1, 'shift', NULL, NULL, '2025-09-23 09:12:14', '2025-09-23 09:12:14', 'G15'),
(37778, 29, 9, '2025-09-23', 1, 0.000000, 1, 'shift', NULL, NULL, '2025-09-23 09:12:14', '2025-09-23 09:12:14', 'G17'),
(37779, 30, 9, '2025-09-23', 1, 0.000000, 1, 'shift', NULL, NULL, '2025-09-23 09:12:14', '2025-09-23 09:12:14', 'G18'),
(37780, 37, 9, '2025-09-23', 1, 20.000000, 1, 'shift', NULL, NULL, '2025-09-23 09:12:14', '2025-09-23 09:12:14', 'G30'),
(37781, 31, 9, '2025-09-23', 1, 0.000000, 1, 'shift', NULL, NULL, '2025-09-23 09:12:14', '2025-09-23 09:12:14', 'G19'),
(37782, 32, 9, '2025-09-23', 1, 0.000000, 1, 'shift', NULL, NULL, '2025-09-23 09:12:14', '2025-09-23 09:12:14', 'G20'),
(37783, 33, 9, '2025-09-23', 1, 0.000000, 1, 'shift', NULL, NULL, '2025-09-23 09:12:14', '2025-09-23 09:12:14', 'G21'),
(37784, 34, 9, '2025-09-23', 1, 0.000000, 1, 'shift', NULL, NULL, '2025-09-23 09:12:14', '2025-09-23 09:12:14', 'G22'),
(37785, 35, 9, '2025-09-23', 1, 0.000000, 1, 'shift', NULL, NULL, '2025-09-23 09:12:14', '2025-09-23 09:12:14', 'G26'),
(37786, 36, 9, '2025-09-23', 1, 0.000000, 1, 'shift', NULL, NULL, '2025-09-23 09:12:14', '2025-09-23 09:12:14', 'G29'),
(37787, 38, 9, '2025-09-23', 1, 0.000000, 1, 'shift', NULL, NULL, '2025-09-23 09:12:14', '2025-09-23 09:12:14', 'G31'),
(37788, 39, 9, '2025-09-23', 1, 0.000000, 1, 'shift', NULL, NULL, '2025-09-23 09:12:14', '2025-09-23 09:12:14', 'G33'),
(37789, 40, 9, '2025-09-23', 1, 0.000000, 1, 'shift', NULL, NULL, '2025-09-23 09:12:14', '2025-09-23 09:12:14', 'G34'),
(37790, 41, 9, '2025-09-23', 1, 0.000000, 1, 'shift', NULL, NULL, '2025-09-23 09:12:14', '2025-09-23 09:12:14', 'G35'),
(37791, 42, 9, '2025-09-23', 1, 0.000000, 1, 'shift', NULL, NULL, '2025-09-23 09:12:14', '2025-09-23 09:12:14', 'G36'),
(37792, 43, 9, '2025-09-23', 1, 0.000000, 1, 'shift', NULL, NULL, '2025-09-23 09:12:14', '2025-09-23 09:12:14', 'G37'),
(37793, 44, 9, '2025-09-23', 1, 0.000000, 1, 'shift', NULL, NULL, '2025-09-23 09:12:14', '2025-09-23 09:12:14', 'G39'),
(37794, 45, 9, '2025-09-23', 1, 2.230000, 1, 'shift', NULL, NULL, '2025-09-23 09:12:14', '2025-09-23 09:12:14', 'G41'),
(37795, 46, 9, '2025-09-23', 1, 0.000000, 1, 'shift', NULL, NULL, '2025-09-23 09:12:14', '2025-09-23 09:12:14', 'G42'),
(37796, 47, 9, '2025-09-23', 1, 0.000000, 1, 'shift', NULL, NULL, '2025-09-23 09:12:14', '2025-09-23 09:12:14', 'G44'),
(37797, 48, 9, '2025-09-23', 1, 0.000000, 1, 'shift', NULL, NULL, '2025-09-23 09:12:14', '2025-09-23 09:12:14', 'G45'),
(37798, 49, 9, '2025-09-23', 1, 3.260000, 1, 'shift', NULL, NULL, '2025-09-23 09:12:14', '2025-09-23 09:12:14', 'G48'),
(37799, 50, 9, '2025-09-23', 1, 0.000000, 1, 'shift', NULL, NULL, '2025-09-23 09:12:14', '2025-09-23 09:12:14', 'G49'),
(37800, 51, 9, '2025-09-23', 1, 0.000000, 1, 'shift', NULL, NULL, '2025-09-23 09:12:14', '2025-09-23 09:12:14', 'G50'),
(37801, 52, 9, '2025-09-23', 1, 0.000000, 1, 'shift', NULL, NULL, '2025-09-23 09:12:14', '2025-09-23 09:12:14', 'G51'),
(37802, 53, 9, '2025-09-23', 1, 0.000000, 1, 'shift', NULL, NULL, '2025-09-23 09:12:14', '2025-09-23 09:12:14', 'G52'),
(37803, 271, 9, '2025-09-23', 1, 0.000000, 1, 'shift', NULL, NULL, '2025-09-23 09:12:14', '2025-09-23 09:12:14', 'G12'),
(37804, 272, 9, '2025-09-23', 1, 0.000000, 1, 'shift', NULL, NULL, '2025-09-23 09:12:14', '2025-09-23 09:12:14', 'G13'),
(37805, 278, 9, '2025-09-23', 1, 21.130000, 1, 'shift', NULL, NULL, '2025-09-23 09:12:14', '2025-09-23 09:12:14', 'G19'),
(37806, 275, 7, '2025-09-23', 1, 0.000000, 1, 'shift', NULL, NULL, '2025-09-23 09:12:14', '2025-09-23 09:12:14', 'E16'),
(37807, 277, 7, '2025-09-23', 1, 8.000000, 1, 'shift', NULL, NULL, '2025-09-23 09:12:14', '2025-09-23 09:12:14', 'E18'),
(37808, 279, 7, '2025-09-23', 1, 0.000000, 1, 'shift', NULL, NULL, '2025-09-23 09:12:14', '2025-09-23 09:12:14', 'E21'),
(37809, 280, 7, '2025-09-23', 1, 0.000000, 1, 'shift', NULL, NULL, '2025-09-23 09:12:14', '2025-09-23 09:12:14', 'E22'),
(37810, 281, 7, '2025-09-23', 1, 0.000000, 1, 'shift', NULL, NULL, '2025-09-23 09:12:14', '2025-09-23 09:12:14', 'E23'),
(37811, 282, 7, '2025-09-23', 1, 0.000000, 1, 'shift', NULL, NULL, '2025-09-23 09:12:14', '2025-09-23 09:12:14', 'E24'),
(37812, 283, 7, '2025-09-23', 1, 0.000000, 1, 'shift', NULL, NULL, '2025-09-23 09:12:14', '2025-09-23 09:12:14', 'E25'),
(37813, 284, 7, '2025-09-23', 1, 0.000000, 1, 'shift', NULL, NULL, '2025-09-23 09:12:14', '2025-09-23 09:12:14', 'E26'),
(37814, 285, 7, '2025-09-23', 1, 0.000000, 1, 'shift', NULL, NULL, '2025-09-23 09:12:14', '2025-09-23 09:12:14', 'E27'),
(37815, 286, 7, '2025-09-23', 1, 0.000000, 1, 'shift', NULL, NULL, '2025-09-23 09:12:14', '2025-09-23 09:12:14', 'E28'),
(37816, 288, 7, '2025-09-23', 1, 128.560000, 1, 'shift', NULL, NULL, '2025-09-23 09:12:14', '2025-09-23 09:12:14', 'E32'),
(37817, 289, 7, '2025-09-23', 1, 0.000000, 1, 'shift', NULL, NULL, '2025-09-23 09:12:14', '2025-09-23 09:12:14', 'E34'),
(37818, 290, 7, '2025-09-23', 1, 0.000000, 1, 'shift', NULL, NULL, '2025-09-23 09:12:14', '2025-09-23 09:12:14', 'E35'),
(37819, 291, 7, '2025-09-23', 1, 0.000000, 1, 'shift', NULL, NULL, '2025-09-23 09:12:14', '2025-09-23 09:12:14', 'E36'),
(37820, 292, 7, '2025-09-23', 1, 0.000000, 1, 'shift', NULL, NULL, '2025-09-23 09:12:14', '2025-09-23 09:12:14', 'E37'),
(37821, 293, 7, '2025-09-23', 1, 0.000000, 1, 'shift', NULL, NULL, '2025-09-23 09:12:14', '2025-09-23 09:12:14', 'E38'),
(37822, 294, 7, '2025-09-23', 1, 0.000000, 1, 'shift', NULL, NULL, '2025-09-23 09:12:14', '2025-09-23 09:12:14', 'E39'),
(37823, 295, 7, '2025-09-23', 1, 0.000000, 1, 'shift', NULL, NULL, '2025-09-23 09:12:14', '2025-09-23 09:12:14', 'E40'),
(37824, 296, 7, '2025-09-23', 1, 1.200000, 1, 'shift', NULL, NULL, '2025-09-23 09:12:14', '2025-09-23 09:12:14', 'E41'),
(37825, 297, 7, '2025-09-23', 1, 0.000000, 1, 'shift', NULL, NULL, '2025-09-23 09:12:14', '2025-09-23 09:12:14', 'E43'),
(37826, 298, 7, '2025-09-23', 1, 0.000000, 1, 'shift', NULL, NULL, '2025-09-23 09:12:14', '2025-09-23 09:12:14', 'E44'),
(37827, 299, 7, '2025-09-23', 1, 0.000000, 1, 'shift', NULL, NULL, '2025-09-23 09:12:14', '2025-09-23 09:12:14', 'E45'),
(37828, 300, 7, '2025-09-23', 1, 0.000000, 1, 'shift', NULL, NULL, '2025-09-23 09:12:14', '2025-09-23 09:12:14', 'E47'),
(37829, 301, 7, '2025-09-23', 1, 0.000000, 1, 'shift', NULL, NULL, '2025-09-23 09:12:14', '2025-09-23 09:12:14', 'E49'),
(37830, 275, 8, '2025-09-23', 1, 0.000000, 1, 'shift', NULL, NULL, '2025-09-23 09:12:14', '2025-09-23 09:12:14', 'F16'),
(37831, 277, 8, '2025-09-23', 1, 8.000000, 1, 'shift', NULL, NULL, '2025-09-23 09:12:14', '2025-09-23 09:12:14', 'F18'),
(37832, 279, 8, '2025-09-23', 1, 0.000000, 1, 'shift', NULL, NULL, '2025-09-23 09:12:14', '2025-09-23 09:12:14', 'F21'),
(37833, 280, 8, '2025-09-23', 1, 0.000000, 1, 'shift', NULL, NULL, '2025-09-23 09:12:14', '2025-09-23 09:12:14', 'F22'),
(37834, 281, 8, '2025-09-23', 1, 0.000000, 1, 'shift', NULL, NULL, '2025-09-23 09:12:14', '2025-09-23 09:12:14', 'F23'),
(37835, 282, 8, '2025-09-23', 1, 0.000000, 1, 'shift', NULL, NULL, '2025-09-23 09:12:14', '2025-09-23 09:12:14', 'F24'),
(37836, 283, 8, '2025-09-23', 1, 0.000000, 1, 'shift', NULL, NULL, '2025-09-23 09:12:14', '2025-09-23 09:12:14', 'F25'),
(37837, 284, 8, '2025-09-23', 1, 0.000000, 1, 'shift', NULL, NULL, '2025-09-23 09:12:14', '2025-09-23 09:12:14', 'F26'),
(37838, 285, 8, '2025-09-23', 1, 0.000000, 1, 'shift', NULL, NULL, '2025-09-23 09:12:14', '2025-09-23 09:12:14', 'F27'),
(37839, 286, 8, '2025-09-23', 1, 0.000000, 1, 'shift', NULL, NULL, '2025-09-23 09:12:14', '2025-09-23 09:12:14', 'F28'),
(37840, 288, 8, '2025-09-23', 1, 128.560000, 1, 'shift', NULL, NULL, '2025-09-23 09:12:14', '2025-09-23 09:12:14', 'F32'),
(37841, 289, 8, '2025-09-23', 1, 0.000000, 1, 'shift', NULL, NULL, '2025-09-23 09:12:14', '2025-09-23 09:12:14', 'F34'),
(37842, 290, 8, '2025-09-23', 1, 0.000000, 1, 'shift', NULL, NULL, '2025-09-23 09:12:14', '2025-09-23 09:12:14', 'F35'),
(37843, 291, 8, '2025-09-23', 1, 0.000000, 1, 'shift', NULL, NULL, '2025-09-23 09:12:14', '2025-09-23 09:12:14', 'F36'),
(37844, 292, 8, '2025-09-23', 1, 0.000000, 1, 'shift', NULL, NULL, '2025-09-23 09:12:14', '2025-09-23 09:12:14', 'F37'),
(37845, 293, 8, '2025-09-23', 1, 0.000000, 1, 'shift', NULL, NULL, '2025-09-23 09:12:14', '2025-09-23 09:12:14', 'F38'),
(37846, 294, 8, '2025-09-23', 1, 0.000000, 1, 'shift', NULL, NULL, '2025-09-23 09:12:14', '2025-09-23 09:12:14', 'F39'),
(37847, 295, 8, '2025-09-23', 1, 0.000000, 1, 'shift', NULL, NULL, '2025-09-23 09:12:14', '2025-09-23 09:12:14', 'F40'),
(37848, 296, 8, '2025-09-23', 1, 1.200000, 1, 'shift', NULL, NULL, '2025-09-23 09:12:14', '2025-09-23 09:12:14', 'F41'),
(37849, 297, 8, '2025-09-23', 1, 0.000000, 1, 'shift', NULL, NULL, '2025-09-23 09:12:14', '2025-09-23 09:12:14', 'F43'),
(37850, 298, 8, '2025-09-23', 1, 0.000000, 1, 'shift', NULL, NULL, '2025-09-23 09:12:14', '2025-09-23 09:12:14', 'F44'),
(37851, 299, 8, '2025-09-23', 1, 0.000000, 1, 'shift', NULL, NULL, '2025-09-23 09:12:14', '2025-09-23 09:12:14', 'F45'),
(37852, 300, 8, '2025-09-23', 1, 0.000000, 1, 'shift', NULL, NULL, '2025-09-23 09:12:14', '2025-09-23 09:12:14', 'F47'),
(37853, 301, 8, '2025-09-23', 1, 0.000000, 1, 'shift', NULL, NULL, '2025-09-23 09:12:14', '2025-09-23 09:12:14', 'F49'),
(37854, 275, 9, '2025-09-23', 1, 0.000000, 1, 'shift', NULL, NULL, '2025-09-23 09:12:14', '2025-09-23 09:12:14', 'G16'),
(37855, 277, 9, '2025-09-23', 1, 16.000000, 1, 'shift', NULL, NULL, '2025-09-23 09:12:14', '2025-09-23 09:12:14', 'G18'),
(37856, 279, 9, '2025-09-23', 1, 1.320000, 1, 'shift', NULL, NULL, '2025-09-23 09:12:14', '2025-09-23 09:12:14', 'G21'),
(37857, 280, 9, '2025-09-23', 1, 0.000000, 1, 'shift', NULL, NULL, '2025-09-23 09:12:14', '2025-09-23 09:12:14', 'G22'),
(37858, 281, 9, '2025-09-23', 1, 0.000000, 1, 'shift', NULL, NULL, '2025-09-23 09:12:14', '2025-09-23 09:12:14', 'G23'),
(37859, 282, 9, '2025-09-23', 1, 0.000000, 1, 'shift', NULL, NULL, '2025-09-23 09:12:14', '2025-09-23 09:12:14', 'G24'),
(37860, 283, 9, '2025-09-23', 1, 0.000000, 1, 'shift', NULL, NULL, '2025-09-23 09:12:14', '2025-09-23 09:12:14', 'G25'),
(37861, 284, 9, '2025-09-23', 1, 0.000000, 1, 'shift', NULL, NULL, '2025-09-23 09:12:14', '2025-09-23 09:12:14', 'G26'),
(37862, 285, 9, '2025-09-23', 1, 0.000000, 1, 'shift', NULL, NULL, '2025-09-23 09:12:14', '2025-09-23 09:12:14', 'G27'),
(37863, 286, 9, '2025-09-23', 1, 0.000000, 1, 'shift', NULL, NULL, '2025-09-23 09:12:14', '2025-09-23 09:12:14', 'G28'),
(37864, 288, 9, '2025-09-23', 1, 128.560000, 1, 'shift', NULL, NULL, '2025-09-23 09:12:14', '2025-09-23 09:12:14', 'G32'),
(37865, 289, 9, '2025-09-23', 1, 0.000000, 1, 'shift', NULL, NULL, '2025-09-23 09:12:14', '2025-09-23 09:12:14', 'G34'),
(37866, 290, 9, '2025-09-23', 1, 0.000000, 1, 'shift', NULL, NULL, '2025-09-23 09:12:14', '2025-09-23 09:12:14', 'G35'),
(37867, 291, 9, '2025-09-23', 1, 0.010000, 1, 'shift', NULL, NULL, '2025-09-23 09:12:14', '2025-09-23 09:12:14', 'G36'),
(37868, 292, 9, '2025-09-23', 1, 0.600000, 1, 'shift', NULL, NULL, '2025-09-23 09:12:14', '2025-09-23 09:12:14', 'G37'),
(37869, 293, 9, '2025-09-23', 1, 127.960000, 1, 'shift', NULL, NULL, '2025-09-23 09:12:14', '2025-09-23 09:12:14', 'G38'),
(37870, 294, 9, '2025-09-23', 1, -9.720000, 1, 'shift', NULL, NULL, '2025-09-23 09:12:14', '2025-09-23 09:12:14', 'G39'),
(37871, 295, 9, '2025-09-23', 1, 25.300000, 1, 'shift', NULL, NULL, '2025-09-23 09:12:14', '2025-09-23 09:12:14', 'G40'),
(37872, 296, 9, '2025-09-23', 1, 1.200000, 1, 'shift', NULL, NULL, '2025-09-23 09:12:14', '2025-09-23 09:12:14', 'G41'),
(37873, 297, 9, '2025-09-23', 1, -0.190000, 1, 'shift', NULL, NULL, '2025-09-23 09:12:14', '2025-09-23 09:12:14', 'G43'),
(37874, 298, 9, '2025-09-23', 1, -8.880000, 1, 'shift', NULL, NULL, '2025-09-23 09:12:14', '2025-09-23 09:12:14', 'G44'),
(37875, 299, 9, '2025-09-23', 1, 0.000000, 1, 'shift', NULL, NULL, '2025-09-23 09:12:14', '2025-09-23 09:12:14', 'G45'),
(37876, 300, 9, '2025-09-23', 1, 0.110000, 1, 'shift', NULL, NULL, '2025-09-23 09:12:14', '2025-09-23 09:12:14', 'G47'),
(37877, 301, 9, '2025-09-23', 1, 0.500000, 1, 'shift', NULL, NULL, '2025-09-23 09:12:14', '2025-09-23 09:12:14', 'G49'),
(37878, 26, 7, '2025-09-23', 2, 0.000000, 1, 'shift', NULL, NULL, '2025-09-23 09:12:14', '2025-09-23 09:12:14', 'E11'),
(37879, 27, 7, '2025-09-23', 2, 0.000000, 1, 'shift', NULL, NULL, '2025-09-23 09:12:14', '2025-09-23 09:12:14', 'E13'),
(37880, 28, 7, '2025-09-23', 2, 6.200000, 1, 'shift', NULL, NULL, '2025-09-23 09:12:14', '2025-09-23 09:12:14', 'E15'),
(37881, 29, 7, '2025-09-23', 2, 0.000000, 1, 'shift', NULL, NULL, '2025-09-23 09:12:14', '2025-09-23 09:12:14', 'E17'),
(37882, 30, 7, '2025-09-23', 2, 0.000000, 1, 'shift', NULL, NULL, '2025-09-23 09:12:14', '2025-09-23 09:12:14', 'E18'),
(37883, 37, 7, '2025-09-23', 2, 20.000000, 1, 'shift', NULL, NULL, '2025-09-23 09:12:14', '2025-09-23 09:12:14', 'E30'),
(37884, 31, 7, '2025-09-23', 2, 0.000000, 1, 'shift', NULL, NULL, '2025-09-23 09:12:14', '2025-09-23 09:12:14', 'E19'),
(37885, 32, 7, '2025-09-23', 2, 0.000000, 1, 'shift', NULL, NULL, '2025-09-23 09:12:14', '2025-09-23 09:12:14', 'E20'),
(37886, 33, 7, '2025-09-23', 2, 0.000000, 1, 'shift', NULL, NULL, '2025-09-23 09:12:14', '2025-09-23 09:12:14', 'E21'),
(37887, 34, 7, '2025-09-23', 2, 0.000000, 1, 'shift', NULL, NULL, '2025-09-23 09:12:14', '2025-09-23 09:12:14', 'E22'),
(37888, 35, 7, '2025-09-23', 2, 0.000000, 1, 'shift', NULL, NULL, '2025-09-23 09:12:14', '2025-09-23 09:12:14', 'E26'),
(37889, 36, 7, '2025-09-23', 2, 0.000000, 1, 'shift', NULL, NULL, '2025-09-23 09:12:14', '2025-09-23 09:12:14', 'E29'),
(37890, 38, 7, '2025-09-23', 2, 0.000000, 1, 'shift', NULL, NULL, '2025-09-23 09:12:14', '2025-09-23 09:12:14', 'E31'),
(37891, 39, 7, '2025-09-23', 2, 0.000000, 1, 'shift', NULL, NULL, '2025-09-23 09:12:14', '2025-09-23 09:12:14', 'E33'),
(37892, 40, 7, '2025-09-23', 2, 0.000000, 1, 'shift', NULL, NULL, '2025-09-23 09:12:14', '2025-09-23 09:12:14', 'E34'),
(37893, 41, 7, '2025-09-23', 2, 0.000000, 1, 'shift', NULL, NULL, '2025-09-23 09:12:14', '2025-09-23 09:12:14', 'E35'),
(37894, 42, 7, '2025-09-23', 2, 245.000000, 1, 'shift', NULL, NULL, '2025-09-23 09:12:14', '2025-09-23 09:12:14', 'E36'),
(37895, 43, 7, '2025-09-23', 2, 46.900000, 1, 'shift', NULL, NULL, '2025-09-23 09:12:14', '2025-09-23 09:12:14', 'E37'),
(37896, 44, 7, '2025-09-23', 2, 291.900000, 1, 'shift', NULL, NULL, '2025-09-23 09:12:14', '2025-09-23 09:12:14', 'E39'),
(37897, 45, 7, '2025-09-23', 2, 1.120000, 1, 'shift', NULL, NULL, '2025-09-23 09:12:14', '2025-09-23 09:12:14', 'E41'),
(37898, 46, 7, '2025-09-23', 2, 0.000000, 1, 'shift', NULL, NULL, '2025-09-23 09:12:14', '2025-09-23 09:12:14', 'E42'),
(37899, 47, 7, '2025-09-23', 2, 0.450000, 1, 'shift', NULL, NULL, '2025-09-23 09:12:14', '2025-09-23 09:12:14', 'E44'),
(37900, 48, 7, '2025-09-23', 2, 0.000000, 1, 'shift', NULL, NULL, '2025-09-23 09:12:14', '2025-09-23 09:12:14', 'E45'),
(37901, 49, 7, '2025-09-23', 2, 1.630000, 1, 'shift', NULL, NULL, '2025-09-23 09:12:14', '2025-09-23 09:12:14', 'E48'),
(37902, 50, 7, '2025-09-23', 2, 0.000000, 1, 'shift', NULL, NULL, '2025-09-23 09:12:14', '2025-09-23 09:12:14', 'E49'),
(37903, 51, 7, '2025-09-23', 2, 0.000000, 1, 'shift', NULL, NULL, '2025-09-23 09:12:14', '2025-09-23 09:12:14', 'E50'),
(37904, 52, 7, '2025-09-23', 2, 0.000000, 1, 'shift', NULL, NULL, '2025-09-23 09:12:14', '2025-09-23 09:12:14', 'E51'),
(37905, 53, 7, '2025-09-23', 2, 0.000000, 1, 'shift', NULL, NULL, '2025-09-23 09:12:14', '2025-09-23 09:12:14', 'E52'),
(37906, 278, 7, '2025-09-23', 2, 0.000000, 1, 'shift', NULL, NULL, '2025-09-23 09:12:14', '2025-09-23 09:12:14', 'E19'),
(37907, 26, 8, '2025-09-23', 2, 0.000000, 1, 'shift', NULL, NULL, '2025-09-23 09:12:14', '2025-09-23 09:12:14', 'F11'),
(37908, 27, 8, '2025-09-23', 2, 0.000000, 1, 'shift', NULL, NULL, '2025-09-23 09:12:14', '2025-09-23 09:12:14', 'F13'),
(37909, 28, 8, '2025-09-23', 2, 6.200000, 1, 'shift', NULL, NULL, '2025-09-23 09:12:14', '2025-09-23 09:12:14', 'F15'),
(37910, 29, 8, '2025-09-23', 2, 0.000000, 1, 'shift', NULL, NULL, '2025-09-23 09:12:14', '2025-09-23 09:12:14', 'F17'),
(37911, 30, 8, '2025-09-23', 2, 0.000000, 1, 'shift', NULL, NULL, '2025-09-23 09:12:14', '2025-09-23 09:12:14', 'F18'),
(37912, 37, 8, '2025-09-23', 2, 20.000000, 1, 'shift', NULL, NULL, '2025-09-23 09:12:14', '2025-09-23 09:12:14', 'F30'),
(37913, 31, 8, '2025-09-23', 2, 0.000000, 1, 'shift', NULL, NULL, '2025-09-23 09:12:14', '2025-09-23 09:12:14', 'F19'),
(37914, 32, 8, '2025-09-23', 2, 0.000000, 1, 'shift', NULL, NULL, '2025-09-23 09:12:14', '2025-09-23 09:12:14', 'F20'),
(37915, 33, 8, '2025-09-23', 2, 0.000000, 1, 'shift', NULL, NULL, '2025-09-23 09:12:14', '2025-09-23 09:12:14', 'F21'),
(37916, 34, 8, '2025-09-23', 2, 0.000000, 1, 'shift', NULL, NULL, '2025-09-23 09:12:14', '2025-09-23 09:12:14', 'F22'),
(37917, 35, 8, '2025-09-23', 2, 0.000000, 1, 'shift', NULL, NULL, '2025-09-23 09:12:14', '2025-09-23 09:12:14', 'F26'),
(37918, 36, 8, '2025-09-23', 2, 0.000000, 1, 'shift', NULL, NULL, '2025-09-23 09:12:14', '2025-09-23 09:12:14', 'F29'),
(37919, 38, 8, '2025-09-23', 2, 0.000000, 1, 'shift', NULL, NULL, '2025-09-23 09:12:14', '2025-09-23 09:12:14', 'F31'),
(37920, 39, 8, '2025-09-23', 2, 0.000000, 1, 'shift', NULL, NULL, '2025-09-23 09:12:14', '2025-09-23 09:12:14', 'F33'),
(37921, 40, 8, '2025-09-23', 2, 0.000000, 1, 'shift', NULL, NULL, '2025-09-23 09:12:14', '2025-09-23 09:12:14', 'F34'),
(37922, 41, 8, '2025-09-23', 2, 0.000000, 1, 'shift', NULL, NULL, '2025-09-23 09:12:14', '2025-09-23 09:12:14', 'F35'),
(37923, 42, 8, '2025-09-23', 2, 0.000000, 1, 'shift', NULL, NULL, '2025-09-23 09:12:14', '2025-09-23 09:12:14', 'F36'),
(37924, 43, 8, '2025-09-23', 2, 46.900000, 1, 'shift', NULL, NULL, '2025-09-23 09:12:14', '2025-09-23 09:12:14', 'F37'),
(37925, 44, 8, '2025-09-23', 2, 46.900000, 1, 'shift', NULL, NULL, '2025-09-23 09:12:14', '2025-09-23 09:12:14', 'F39'),
(37926, 45, 8, '2025-09-23', 2, 1.120000, 1, 'shift', NULL, NULL, '2025-09-23 09:12:14', '2025-09-23 09:12:14', 'F41'),
(37927, 46, 8, '2025-09-23', 2, 0.000000, 1, 'shift', NULL, NULL, '2025-09-23 09:12:14', '2025-09-23 09:12:14', 'F42'),
(37928, 47, 8, '2025-09-23', 2, 0.450000, 1, 'shift', NULL, NULL, '2025-09-23 09:12:14', '2025-09-23 09:12:14', 'F44'),
(37929, 48, 8, '2025-09-23', 2, 0.000000, 1, 'shift', NULL, NULL, '2025-09-23 09:12:14', '2025-09-23 09:12:14', 'F45'),
(37930, 49, 8, '2025-09-23', 2, 1.630000, 1, 'shift', NULL, NULL, '2025-09-23 09:12:14', '2025-09-23 09:12:14', 'F48'),
(37931, 50, 8, '2025-09-23', 2, 0.000000, 1, 'shift', NULL, NULL, '2025-09-23 09:12:14', '2025-09-23 09:12:14', 'F49'),
(37932, 51, 8, '2025-09-23', 2, 0.000000, 1, 'shift', NULL, NULL, '2025-09-23 09:12:14', '2025-09-23 09:12:14', 'F50'),
(37933, 52, 8, '2025-09-23', 2, 0.000000, 1, 'shift', NULL, NULL, '2025-09-23 09:12:14', '2025-09-23 09:12:14', 'F51'),
(37934, 53, 8, '2025-09-23', 2, 0.000000, 1, 'shift', NULL, NULL, '2025-09-23 09:12:14', '2025-09-23 09:12:14', 'F52'),
(37935, 278, 8, '2025-09-23', 2, 0.000000, 1, 'shift', NULL, NULL, '2025-09-23 09:12:14', '2025-09-23 09:12:14', 'F19'),
(37936, 26, 9, '2025-09-23', 2, 0.000000, 1, 'shift', NULL, NULL, '2025-09-23 09:12:14', '2025-09-23 09:12:14', 'G11'),
(37937, 27, 9, '2025-09-23', 2, 0.000000, 1, 'shift', NULL, NULL, '2025-09-23 09:12:14', '2025-09-23 09:12:14', 'G13'),
(37938, 28, 9, '2025-09-23', 2, 12.400000, 1, 'shift', NULL, NULL, '2025-09-23 09:12:14', '2025-09-23 09:12:14', 'G15'),
(37939, 29, 9, '2025-09-23', 2, 0.000000, 1, 'shift', NULL, NULL, '2025-09-23 09:12:14', '2025-09-23 09:12:14', 'G17'),
(37940, 30, 9, '2025-09-23', 2, 0.000000, 1, 'shift', NULL, NULL, '2025-09-23 09:12:14', '2025-09-23 09:12:14', 'G18'),
(37941, 37, 9, '2025-09-23', 2, 20.000000, 1, 'shift', NULL, NULL, '2025-09-23 09:12:14', '2025-09-23 09:12:14', 'G30'),
(37942, 31, 9, '2025-09-23', 2, 0.000000, 1, 'shift', NULL, NULL, '2025-09-23 09:12:14', '2025-09-23 09:12:14', 'G19'),
(37943, 32, 9, '2025-09-23', 2, 0.000000, 1, 'shift', NULL, NULL, '2025-09-23 09:12:14', '2025-09-23 09:12:14', 'G20'),
(37944, 33, 9, '2025-09-23', 2, 0.000000, 1, 'shift', NULL, NULL, '2025-09-23 09:12:14', '2025-09-23 09:12:14', 'G21'),
(37945, 34, 9, '2025-09-23', 2, 0.000000, 1, 'shift', NULL, NULL, '2025-09-23 09:12:14', '2025-09-23 09:12:14', 'G22'),
(37946, 35, 9, '2025-09-23', 2, 0.000000, 1, 'shift', NULL, NULL, '2025-09-23 09:12:14', '2025-09-23 09:12:14', 'G26'),
(37947, 36, 9, '2025-09-23', 2, 0.000000, 1, 'shift', NULL, NULL, '2025-09-23 09:12:14', '2025-09-23 09:12:14', 'G29'),
(37948, 38, 9, '2025-09-23', 2, 0.000000, 1, 'shift', NULL, NULL, '2025-09-23 09:12:14', '2025-09-23 09:12:14', 'G31'),
(37949, 39, 9, '2025-09-23', 2, 0.000000, 1, 'shift', NULL, NULL, '2025-09-23 09:12:14', '2025-09-23 09:12:14', 'G33'),
(37950, 40, 9, '2025-09-23', 2, 0.000000, 1, 'shift', NULL, NULL, '2025-09-23 09:12:14', '2025-09-23 09:12:14', 'G34'),
(37951, 41, 9, '2025-09-23', 2, 0.000000, 1, 'shift', NULL, NULL, '2025-09-23 09:12:14', '2025-09-23 09:12:14', 'G35'),
(37952, 42, 9, '2025-09-23', 2, 0.000000, 1, 'shift', NULL, NULL, '2025-09-23 09:12:14', '2025-09-23 09:12:14', 'G36'),
(37953, 43, 9, '2025-09-23', 2, 0.000000, 1, 'shift', NULL, NULL, '2025-09-23 09:12:14', '2025-09-23 09:12:14', 'G37'),
(37954, 44, 9, '2025-09-23', 2, 0.000000, 1, 'shift', NULL, NULL, '2025-09-23 09:12:14', '2025-09-23 09:12:14', 'G39'),
(37955, 45, 9, '2025-09-23', 2, 2.230000, 1, 'shift', NULL, NULL, '2025-09-23 09:12:14', '2025-09-23 09:12:14', 'G41'),
(37956, 46, 9, '2025-09-23', 2, 0.000000, 1, 'shift', NULL, NULL, '2025-09-23 09:12:14', '2025-09-23 09:12:14', 'G42'),
(37957, 47, 9, '2025-09-23', 2, 0.000000, 1, 'shift', NULL, NULL, '2025-09-23 09:12:14', '2025-09-23 09:12:14', 'G44'),
(37958, 48, 9, '2025-09-23', 2, 0.000000, 1, 'shift', NULL, NULL, '2025-09-23 09:12:14', '2025-09-23 09:12:14', 'G45'),
(37959, 49, 9, '2025-09-23', 2, 3.260000, 1, 'shift', NULL, NULL, '2025-09-23 09:12:14', '2025-09-23 09:12:14', 'G48'),
(37960, 50, 9, '2025-09-23', 2, 0.000000, 1, 'shift', NULL, NULL, '2025-09-23 09:12:14', '2025-09-23 09:12:14', 'G49'),
(37961, 51, 9, '2025-09-23', 2, 0.000000, 1, 'shift', NULL, NULL, '2025-09-23 09:12:14', '2025-09-23 09:12:14', 'G50'),
(37962, 52, 9, '2025-09-23', 2, 0.000000, 1, 'shift', NULL, NULL, '2025-09-23 09:12:14', '2025-09-23 09:12:14', 'G51'),
(37963, 53, 9, '2025-09-23', 2, 0.000000, 1, 'shift', NULL, NULL, '2025-09-23 09:12:14', '2025-09-23 09:12:14', 'G52'),
(37964, 271, 9, '2025-09-23', 2, 0.000000, 1, 'shift', NULL, NULL, '2025-09-23 09:12:14', '2025-09-23 09:12:14', 'G12'),
(37965, 272, 9, '2025-09-23', 2, 0.000000, 1, 'shift', NULL, NULL, '2025-09-23 09:12:14', '2025-09-23 09:12:14', 'G13'),
(37966, 278, 9, '2025-09-23', 2, 21.130000, 1, 'shift', NULL, NULL, '2025-09-23 09:12:14', '2025-09-23 09:12:14', 'G19'),
(37967, 275, 7, '2025-09-23', 2, 0.000000, 1, 'shift', NULL, NULL, '2025-09-23 09:12:14', '2025-09-23 09:12:14', 'E16'),
(37968, 277, 7, '2025-09-23', 2, 6.200000, 1, 'shift', NULL, NULL, '2025-09-23 09:12:14', '2025-09-23 09:12:14', 'E18'),
(37969, 279, 7, '2025-09-23', 2, 0.000000, 1, 'shift', NULL, NULL, '2025-09-23 09:12:14', '2025-09-23 09:12:14', 'E21'),
(37970, 280, 7, '2025-09-23', 2, 0.000000, 1, 'shift', NULL, NULL, '2025-09-23 09:12:14', '2025-09-23 09:12:14', 'E22'),
(37971, 281, 7, '2025-09-23', 2, 0.000000, 1, 'shift', NULL, NULL, '2025-09-23 09:12:14', '2025-09-23 09:12:14', 'E23'),
(37972, 282, 7, '2025-09-23', 2, 0.000000, 1, 'shift', NULL, NULL, '2025-09-23 09:12:14', '2025-09-23 09:12:14', 'E24'),
(37973, 283, 7, '2025-09-23', 2, 0.000000, 1, 'shift', NULL, NULL, '2025-09-23 09:12:14', '2025-09-23 09:12:14', 'E25'),
(37974, 284, 7, '2025-09-23', 2, 0.000000, 1, 'shift', NULL, NULL, '2025-09-23 09:12:14', '2025-09-23 09:12:14', 'E26'),
(37975, 285, 7, '2025-09-23', 2, 0.000000, 1, 'shift', NULL, NULL, '2025-09-23 09:12:14', '2025-09-23 09:12:14', 'E27'),
(37976, 286, 7, '2025-09-23', 2, 0.000000, 1, 'shift', NULL, NULL, '2025-09-23 09:12:14', '2025-09-23 09:12:14', 'E28'),
(37977, 288, 7, '2025-09-23', 2, 128.560000, 1, 'shift', NULL, NULL, '2025-09-23 09:12:14', '2025-09-23 09:12:14', 'E32'),
(37978, 289, 7, '2025-09-23', 2, 0.000000, 1, 'shift', NULL, NULL, '2025-09-23 09:12:14', '2025-09-23 09:12:14', 'E34'),
(37979, 290, 7, '2025-09-23', 2, 0.000000, 1, 'shift', NULL, NULL, '2025-09-23 09:12:14', '2025-09-23 09:12:14', 'E35'),
(37980, 291, 7, '2025-09-23', 2, 0.000000, 1, 'shift', NULL, NULL, '2025-09-23 09:12:14', '2025-09-23 09:12:14', 'E36'),
(37981, 292, 7, '2025-09-23', 2, 0.000000, 1, 'shift', NULL, NULL, '2025-09-23 09:12:14', '2025-09-23 09:12:14', 'E37'),
(37982, 293, 7, '2025-09-23', 2, 0.000000, 1, 'shift', NULL, NULL, '2025-09-23 09:12:14', '2025-09-23 09:12:14', 'E38'),
(37983, 294, 7, '2025-09-23', 2, 0.000000, 1, 'shift', NULL, NULL, '2025-09-23 09:12:14', '2025-09-23 09:12:14', 'E39'),
(37984, 295, 7, '2025-09-23', 2, 0.000000, 1, 'shift', NULL, NULL, '2025-09-23 09:12:14', '2025-09-23 09:12:14', 'E40'),
(37985, 296, 7, '2025-09-23', 2, 1.200000, 1, 'shift', NULL, NULL, '2025-09-23 09:12:14', '2025-09-23 09:12:14', 'E41'),
(37986, 297, 7, '2025-09-23', 2, 0.000000, 1, 'shift', NULL, NULL, '2025-09-23 09:12:14', '2025-09-23 09:12:14', 'E43'),
(37987, 298, 7, '2025-09-23', 2, 0.000000, 1, 'shift', NULL, NULL, '2025-09-23 09:12:14', '2025-09-23 09:12:14', 'E44'),
(37988, 299, 7, '2025-09-23', 2, 0.000000, 1, 'shift', NULL, NULL, '2025-09-23 09:12:14', '2025-09-23 09:12:14', 'E45'),
(37989, 300, 7, '2025-09-23', 2, 0.000000, 1, 'shift', NULL, NULL, '2025-09-23 09:12:14', '2025-09-23 09:12:14', 'E47'),
(37990, 301, 7, '2025-09-23', 2, 0.000000, 1, 'shift', NULL, NULL, '2025-09-23 09:12:14', '2025-09-23 09:12:14', 'E49'),
(37991, 275, 8, '2025-09-23', 2, 0.000000, 1, 'shift', NULL, NULL, '2025-09-23 09:12:14', '2025-09-23 09:12:14', 'F16'),
(37992, 277, 8, '2025-09-23', 2, 6.200000, 1, 'shift', NULL, NULL, '2025-09-23 09:12:14', '2025-09-23 09:12:14', 'F18'),
(37993, 279, 8, '2025-09-23', 2, 0.000000, 1, 'shift', NULL, NULL, '2025-09-23 09:12:14', '2025-09-23 09:12:14', 'F21'),
(37994, 280, 8, '2025-09-23', 2, 0.000000, 1, 'shift', NULL, NULL, '2025-09-23 09:12:14', '2025-09-23 09:12:14', 'F22'),
(37995, 281, 8, '2025-09-23', 2, 0.000000, 1, 'shift', NULL, NULL, '2025-09-23 09:12:14', '2025-09-23 09:12:14', 'F23'),
(37996, 282, 8, '2025-09-23', 2, 0.000000, 1, 'shift', NULL, NULL, '2025-09-23 09:12:14', '2025-09-23 09:12:14', 'F24'),
(37997, 283, 8, '2025-09-23', 2, 0.000000, 1, 'shift', NULL, NULL, '2025-09-23 09:12:14', '2025-09-23 09:12:14', 'F25'),
(37998, 284, 8, '2025-09-23', 2, 0.000000, 1, 'shift', NULL, NULL, '2025-09-23 09:12:14', '2025-09-23 09:12:14', 'F26'),
(37999, 285, 8, '2025-09-23', 2, 0.000000, 1, 'shift', NULL, NULL, '2025-09-23 09:12:14', '2025-09-23 09:12:14', 'F27'),
(38000, 286, 8, '2025-09-23', 2, 0.000000, 1, 'shift', NULL, NULL, '2025-09-23 09:12:14', '2025-09-23 09:12:14', 'F28'),
(38001, 288, 8, '2025-09-23', 2, 128.560000, 1, 'shift', NULL, NULL, '2025-09-23 09:12:14', '2025-09-23 09:12:14', 'F32'),
(38002, 289, 8, '2025-09-23', 2, 0.000000, 1, 'shift', NULL, NULL, '2025-09-23 09:12:14', '2025-09-23 09:12:14', 'F34'),
(38003, 290, 8, '2025-09-23', 2, 0.000000, 1, 'shift', NULL, NULL, '2025-09-23 09:12:14', '2025-09-23 09:12:14', 'F35'),
(38004, 291, 8, '2025-09-23', 2, 0.000000, 1, 'shift', NULL, NULL, '2025-09-23 09:12:14', '2025-09-23 09:12:14', 'F36'),
(38005, 292, 8, '2025-09-23', 2, 0.000000, 1, 'shift', NULL, NULL, '2025-09-23 09:12:14', '2025-09-23 09:12:14', 'F37'),
(38006, 293, 8, '2025-09-23', 2, 0.000000, 1, 'shift', NULL, NULL, '2025-09-23 09:12:14', '2025-09-23 09:12:14', 'F38'),
(38007, 294, 8, '2025-09-23', 2, 0.000000, 1, 'shift', NULL, NULL, '2025-09-23 09:12:14', '2025-09-23 09:12:14', 'F39'),
(38008, 295, 8, '2025-09-23', 2, 0.000000, 1, 'shift', NULL, NULL, '2025-09-23 09:12:14', '2025-09-23 09:12:14', 'F40'),
(38009, 296, 8, '2025-09-23', 2, 1.200000, 1, 'shift', NULL, NULL, '2025-09-23 09:12:14', '2025-09-23 09:12:14', 'F41'),
(38010, 297, 8, '2025-09-23', 2, 0.000000, 1, 'shift', NULL, NULL, '2025-09-23 09:12:14', '2025-09-23 09:12:14', 'F43'),
(38011, 298, 8, '2025-09-23', 2, 0.000000, 1, 'shift', NULL, NULL, '2025-09-23 09:12:14', '2025-09-23 09:12:14', 'F44'),
(38012, 299, 8, '2025-09-23', 2, 0.000000, 1, 'shift', NULL, NULL, '2025-09-23 09:12:14', '2025-09-23 09:12:14', 'F45'),
(38013, 300, 8, '2025-09-23', 2, 0.000000, 1, 'shift', NULL, NULL, '2025-09-23 09:12:14', '2025-09-23 09:12:14', 'F47'),
(38014, 301, 8, '2025-09-23', 2, 0.000000, 1, 'shift', NULL, NULL, '2025-09-23 09:12:14', '2025-09-23 09:12:14', 'F49'),
(38015, 275, 9, '2025-09-23', 2, 0.000000, 1, 'shift', NULL, NULL, '2025-09-23 09:12:14', '2025-09-23 09:12:14', 'G16'),
(38016, 277, 9, '2025-09-23', 2, 12.400000, 1, 'shift', NULL, NULL, '2025-09-23 09:12:14', '2025-09-23 09:12:14', 'G18'),
(38017, 279, 9, '2025-09-23', 2, 1.320000, 1, 'shift', NULL, NULL, '2025-09-23 09:12:14', '2025-09-23 09:12:14', 'G21'),
(38018, 280, 9, '2025-09-23', 2, 0.000000, 1, 'shift', NULL, NULL, '2025-09-23 09:12:14', '2025-09-23 09:12:14', 'G22'),
(38019, 281, 9, '2025-09-23', 2, 0.000000, 1, 'shift', NULL, NULL, '2025-09-23 09:12:14', '2025-09-23 09:12:14', 'G23'),
(38020, 282, 9, '2025-09-23', 2, 0.000000, 1, 'shift', NULL, NULL, '2025-09-23 09:12:14', '2025-09-23 09:12:14', 'G24'),
(38021, 283, 9, '2025-09-23', 2, 0.000000, 1, 'shift', NULL, NULL, '2025-09-23 09:12:14', '2025-09-23 09:12:14', 'G25'),
(38022, 284, 9, '2025-09-23', 2, 0.000000, 1, 'shift', NULL, NULL, '2025-09-23 09:12:14', '2025-09-23 09:12:14', 'G26'),
(38023, 285, 9, '2025-09-23', 2, 0.000000, 1, 'shift', NULL, NULL, '2025-09-23 09:12:14', '2025-09-23 09:12:14', 'G27'),
(38024, 286, 9, '2025-09-23', 2, 0.000000, 1, 'shift', NULL, NULL, '2025-09-23 09:12:14', '2025-09-23 09:12:14', 'G28'),
(38025, 288, 9, '2025-09-23', 2, 128.560000, 1, 'shift', NULL, NULL, '2025-09-23 09:12:14', '2025-09-23 09:12:14', 'G32'),
(38026, 289, 9, '2025-09-23', 2, 0.000000, 1, 'shift', NULL, NULL, '2025-09-23 09:12:14', '2025-09-23 09:12:14', 'G34'),
(38027, 290, 9, '2025-09-23', 2, 0.000000, 1, 'shift', NULL, NULL, '2025-09-23 09:12:14', '2025-09-23 09:12:14', 'G35'),
(38028, 291, 9, '2025-09-23', 2, 0.010000, 1, 'shift', NULL, NULL, '2025-09-23 09:12:14', '2025-09-23 09:12:14', 'G36'),
(38029, 292, 9, '2025-09-23', 2, 0.600000, 1, 'shift', NULL, NULL, '2025-09-23 09:12:14', '2025-09-23 09:12:14', 'G37'),
(38030, 293, 9, '2025-09-23', 2, 127.960000, 1, 'shift', NULL, NULL, '2025-09-23 09:12:14', '2025-09-23 09:12:14', 'G38'),
(38031, 294, 9, '2025-09-23', 2, -9.720000, 1, 'shift', NULL, NULL, '2025-09-23 09:12:14', '2025-09-23 09:12:14', 'G39'),
(38032, 295, 9, '2025-09-23', 2, 25.300000, 1, 'shift', NULL, NULL, '2025-09-23 09:12:14', '2025-09-23 09:12:14', 'G40'),
(38033, 296, 9, '2025-09-23', 2, 1.200000, 1, 'shift', NULL, NULL, '2025-09-23 09:12:14', '2025-09-23 09:12:14', 'G41'),
(38034, 297, 9, '2025-09-23', 2, -0.190000, 1, 'shift', NULL, NULL, '2025-09-23 09:12:14', '2025-09-23 09:12:14', 'G43'),
(38035, 298, 9, '2025-09-23', 2, -8.880000, 1, 'shift', NULL, NULL, '2025-09-23 09:12:14', '2025-09-23 09:12:14', 'G44'),
(38036, 299, 9, '2025-09-23', 2, 0.000000, 1, 'shift', NULL, NULL, '2025-09-23 09:12:14', '2025-09-23 09:12:14', 'G45'),
(38037, 300, 9, '2025-09-23', 2, 0.110000, 1, 'shift', NULL, NULL, '2025-09-23 09:12:14', '2025-09-23 09:12:14', 'G47'),
(38038, 301, 9, '2025-09-23', 2, 0.500000, 1, 'shift', NULL, NULL, '2025-09-23 09:12:14', '2025-09-23 09:12:14', 'G49'),
(38039, 26, 7, '2025-09-23', 3, 0.000000, 1, 'shift', NULL, NULL, '2025-09-23 09:12:14', '2025-09-23 09:12:14', 'E11'),
(38040, 27, 7, '2025-09-23', 3, 0.000000, 1, 'shift', NULL, NULL, '2025-09-23 09:12:14', '2025-09-23 09:12:14', 'E13'),
(38041, 28, 7, '2025-09-23', 3, 0.000000, 1, 'shift', NULL, NULL, '2025-09-23 09:12:14', '2025-09-23 09:12:14', 'E15'),
(38042, 29, 7, '2025-09-23', 3, 0.000000, 1, 'shift', NULL, NULL, '2025-09-23 09:12:14', '2025-09-23 09:12:14', 'E17'),
(38043, 30, 7, '2025-09-23', 3, 0.000000, 1, 'shift', NULL, NULL, '2025-09-23 09:12:14', '2025-09-23 09:12:14', 'E18'),
(38044, 37, 7, '2025-09-23', 3, 0.000000, 1, 'shift', NULL, NULL, '2025-09-23 09:12:14', '2025-09-23 09:12:14', 'E30'),
(38045, 31, 7, '2025-09-23', 3, 0.000000, 1, 'shift', NULL, NULL, '2025-09-23 09:12:14', '2025-09-23 09:12:14', 'E19'),
(38046, 32, 7, '2025-09-23', 3, 0.000000, 1, 'shift', NULL, NULL, '2025-09-23 09:12:14', '2025-09-23 09:12:14', 'E20'),
(38047, 33, 7, '2025-09-23', 3, 0.000000, 1, 'shift', NULL, NULL, '2025-09-23 09:12:14', '2025-09-23 09:12:14', 'E21'),
(38048, 34, 7, '2025-09-23', 3, 0.000000, 1, 'shift', NULL, NULL, '2025-09-23 09:12:14', '2025-09-23 09:12:14', 'E22'),
(38049, 35, 7, '2025-09-23', 3, 0.000000, 1, 'shift', NULL, NULL, '2025-09-23 09:12:14', '2025-09-23 09:12:14', 'E26'),
(38050, 36, 7, '2025-09-23', 3, 0.000000, 1, 'shift', NULL, NULL, '2025-09-23 09:12:14', '2025-09-23 09:12:14', 'E29'),
(38051, 38, 7, '2025-09-23', 3, 0.000000, 1, 'shift', NULL, NULL, '2025-09-23 09:12:14', '2025-09-23 09:12:14', 'E31'),
(38052, 39, 7, '2025-09-23', 3, 0.000000, 1, 'shift', NULL, NULL, '2025-09-23 09:12:14', '2025-09-23 09:12:14', 'E33'),
(38053, 40, 7, '2025-09-23', 3, 0.000000, 1, 'shift', NULL, NULL, '2025-09-23 09:12:14', '2025-09-23 09:12:14', 'E34'),
(38054, 41, 7, '2025-09-23', 3, 0.000000, 1, 'shift', NULL, NULL, '2025-09-23 09:12:14', '2025-09-23 09:12:14', 'E35'),
(38055, 42, 7, '2025-09-23', 3, 0.000000, 1, 'shift', NULL, NULL, '2025-09-23 09:12:14', '2025-09-23 09:12:14', 'E36'),
(38056, 43, 7, '2025-09-23', 3, 46.900000, 1, 'shift', NULL, NULL, '2025-09-23 09:12:14', '2025-09-23 09:12:14', 'E37'),
(38057, 44, 7, '2025-09-23', 3, 46.900000, 1, 'shift', NULL, NULL, '2025-09-23 09:12:14', '2025-09-23 09:12:14', 'E39'),
(38058, 45, 7, '2025-09-23', 3, 1.120000, 1, 'shift', NULL, NULL, '2025-09-23 09:12:14', '2025-09-23 09:12:14', 'E41'),
(38059, 46, 7, '2025-09-23', 3, 0.000000, 1, 'shift', NULL, NULL, '2025-09-23 09:12:14', '2025-09-23 09:12:14', 'E42'),
(38060, 47, 7, '2025-09-23', 3, 0.450000, 1, 'shift', NULL, NULL, '2025-09-23 09:12:14', '2025-09-23 09:12:14', 'E44'),
(38061, 48, 7, '2025-09-23', 3, 0.000000, 1, 'shift', NULL, NULL, '2025-09-23 09:12:14', '2025-09-23 09:12:14', 'E45'),
(38062, 49, 7, '2025-09-23', 3, 1.630000, 1, 'shift', NULL, NULL, '2025-09-23 09:12:14', '2025-09-23 09:12:14', 'E48'),
(38063, 50, 7, '2025-09-23', 3, 0.000000, 1, 'shift', NULL, NULL, '2025-09-23 09:12:14', '2025-09-23 09:12:14', 'E49'),
(38064, 51, 7, '2025-09-23', 3, 0.000000, 1, 'shift', NULL, NULL, '2025-09-23 09:12:14', '2025-09-23 09:12:14', 'E50'),
(38065, 52, 7, '2025-09-23', 3, 0.000000, 1, 'shift', NULL, NULL, '2025-09-23 09:12:14', '2025-09-23 09:12:14', 'E51'),
(38066, 53, 7, '2025-09-23', 3, 0.000000, 1, 'shift', NULL, NULL, '2025-09-23 09:12:14', '2025-09-23 09:12:14', 'E52'),
(38067, 278, 7, '2025-09-23', 3, 0.000000, 1, 'shift', NULL, NULL, '2025-09-23 09:12:14', '2025-09-23 09:12:14', 'E19'),
(38068, 26, 8, '2025-09-23', 3, 0.000000, 1, 'shift', NULL, NULL, '2025-09-23 09:12:14', '2025-09-23 09:12:14', 'F11'),
(38069, 27, 8, '2025-09-23', 3, 0.000000, 1, 'shift', NULL, NULL, '2025-09-23 09:12:14', '2025-09-23 09:12:14', 'F13'),
(38070, 28, 8, '2025-09-23', 3, 0.000000, 1, 'shift', NULL, NULL, '2025-09-23 09:12:14', '2025-09-23 09:12:14', 'F15'),
(38071, 29, 8, '2025-09-23', 3, 0.000000, 1, 'shift', NULL, NULL, '2025-09-23 09:12:14', '2025-09-23 09:12:14', 'F17'),
(38072, 30, 8, '2025-09-23', 3, 0.000000, 1, 'shift', NULL, NULL, '2025-09-23 09:12:14', '2025-09-23 09:12:14', 'F18'),
(38073, 37, 8, '2025-09-23', 3, 0.000000, 1, 'shift', NULL, NULL, '2025-09-23 09:12:14', '2025-09-23 09:12:14', 'F30'),
(38074, 31, 8, '2025-09-23', 3, 0.000000, 1, 'shift', NULL, NULL, '2025-09-23 09:12:14', '2025-09-23 09:12:14', 'F19'),
(38075, 32, 8, '2025-09-23', 3, 0.000000, 1, 'shift', NULL, NULL, '2025-09-23 09:12:14', '2025-09-23 09:12:14', 'F20'),
(38076, 33, 8, '2025-09-23', 3, 0.000000, 1, 'shift', NULL, NULL, '2025-09-23 09:12:14', '2025-09-23 09:12:14', 'F21'),
(38077, 34, 8, '2025-09-23', 3, 0.000000, 1, 'shift', NULL, NULL, '2025-09-23 09:12:14', '2025-09-23 09:12:14', 'F22'),
(38078, 35, 8, '2025-09-23', 3, 0.000000, 1, 'shift', NULL, NULL, '2025-09-23 09:12:14', '2025-09-23 09:12:14', 'F26'),
(38079, 36, 8, '2025-09-23', 3, 0.000000, 1, 'shift', NULL, NULL, '2025-09-23 09:12:14', '2025-09-23 09:12:14', 'F29'),
(38080, 38, 8, '2025-09-23', 3, 0.000000, 1, 'shift', NULL, NULL, '2025-09-23 09:12:14', '2025-09-23 09:12:14', 'F31'),
(38081, 39, 8, '2025-09-23', 3, 0.000000, 1, 'shift', NULL, NULL, '2025-09-23 09:12:14', '2025-09-23 09:12:14', 'F33'),
(38082, 40, 8, '2025-09-23', 3, 0.000000, 1, 'shift', NULL, NULL, '2025-09-23 09:12:14', '2025-09-23 09:12:14', 'F34'),
(38083, 41, 8, '2025-09-23', 3, 0.000000, 1, 'shift', NULL, NULL, '2025-09-23 09:12:14', '2025-09-23 09:12:14', 'F35'),
(38084, 42, 8, '2025-09-23', 3, 0.000000, 1, 'shift', NULL, NULL, '2025-09-23 09:12:14', '2025-09-23 09:12:14', 'F36'),
(38085, 43, 8, '2025-09-23', 3, 46.900000, 1, 'shift', NULL, NULL, '2025-09-23 09:12:14', '2025-09-23 09:12:14', 'F37'),
(38086, 44, 8, '2025-09-23', 3, 46.900000, 1, 'shift', NULL, NULL, '2025-09-23 09:12:14', '2025-09-23 09:12:14', 'F39'),
(38087, 45, 8, '2025-09-23', 3, 1.120000, 1, 'shift', NULL, NULL, '2025-09-23 09:12:14', '2025-09-23 09:12:14', 'F41'),
(38088, 46, 8, '2025-09-23', 3, 0.000000, 1, 'shift', NULL, NULL, '2025-09-23 09:12:14', '2025-09-23 09:12:14', 'F42'),
(38089, 47, 8, '2025-09-23', 3, 0.450000, 1, 'shift', NULL, NULL, '2025-09-23 09:12:14', '2025-09-23 09:12:14', 'F44'),
(38090, 48, 8, '2025-09-23', 3, 0.000000, 1, 'shift', NULL, NULL, '2025-09-23 09:12:14', '2025-09-23 09:12:14', 'F45'),
(38091, 49, 8, '2025-09-23', 3, 1.630000, 1, 'shift', NULL, NULL, '2025-09-23 09:12:14', '2025-09-23 09:12:14', 'F48'),
(38092, 50, 8, '2025-09-23', 3, 0.000000, 1, 'shift', NULL, NULL, '2025-09-23 09:12:14', '2025-09-23 09:12:14', 'F49'),
(38093, 51, 8, '2025-09-23', 3, 0.000000, 1, 'shift', NULL, NULL, '2025-09-23 09:12:14', '2025-09-23 09:12:14', 'F50'),
(38094, 52, 8, '2025-09-23', 3, 0.000000, 1, 'shift', NULL, NULL, '2025-09-23 09:12:14', '2025-09-23 09:12:14', 'F51'),
(38095, 53, 8, '2025-09-23', 3, 0.000000, 1, 'shift', NULL, NULL, '2025-09-23 09:12:14', '2025-09-23 09:12:14', 'F52'),
(38096, 278, 8, '2025-09-23', 3, 0.000000, 1, 'shift', NULL, NULL, '2025-09-23 09:12:14', '2025-09-23 09:12:14', 'F19'),
(38097, 26, 9, '2025-09-23', 3, 0.000000, 1, 'shift', NULL, NULL, '2025-09-23 09:12:14', '2025-09-23 09:12:14', 'G11'),
(38098, 27, 9, '2025-09-23', 3, 0.000000, 1, 'shift', NULL, NULL, '2025-09-23 09:12:14', '2025-09-23 09:12:14', 'G13'),
(38099, 28, 9, '2025-09-23', 3, 0.000000, 1, 'shift', NULL, NULL, '2025-09-23 09:12:14', '2025-09-23 09:12:14', 'G15'),
(38100, 29, 9, '2025-09-23', 3, 0.000000, 1, 'shift', NULL, NULL, '2025-09-23 09:12:14', '2025-09-23 09:12:14', 'G17'),
(38101, 30, 9, '2025-09-23', 3, 0.000000, 1, 'shift', NULL, NULL, '2025-09-23 09:12:14', '2025-09-23 09:12:14', 'G18'),
(38102, 37, 9, '2025-09-23', 3, 0.000000, 1, 'shift', NULL, NULL, '2025-09-23 09:12:14', '2025-09-23 09:12:14', 'G30'),
(38103, 31, 9, '2025-09-23', 3, 0.000000, 1, 'shift', NULL, NULL, '2025-09-23 09:12:14', '2025-09-23 09:12:14', 'G19'),
(38104, 32, 9, '2025-09-23', 3, 0.000000, 1, 'shift', NULL, NULL, '2025-09-23 09:12:14', '2025-09-23 09:12:14', 'G20'),
(38105, 33, 9, '2025-09-23', 3, 0.000000, 1, 'shift', NULL, NULL, '2025-09-23 09:12:14', '2025-09-23 09:12:14', 'G21'),
(38106, 34, 9, '2025-09-23', 3, 0.000000, 1, 'shift', NULL, NULL, '2025-09-23 09:12:14', '2025-09-23 09:12:14', 'G22'),
(38107, 35, 9, '2025-09-23', 3, 0.000000, 1, 'shift', NULL, NULL, '2025-09-23 09:12:14', '2025-09-23 09:12:14', 'G26'),
(38108, 36, 9, '2025-09-23', 3, 0.000000, 1, 'shift', NULL, NULL, '2025-09-23 09:12:14', '2025-09-23 09:12:14', 'G29'),
(38109, 38, 9, '2025-09-23', 3, 0.000000, 1, 'shift', NULL, NULL, '2025-09-23 09:12:14', '2025-09-23 09:12:14', 'G31'),
(38110, 39, 9, '2025-09-23', 3, 0.000000, 1, 'shift', NULL, NULL, '2025-09-23 09:12:14', '2025-09-23 09:12:14', 'G33'),
(38111, 40, 9, '2025-09-23', 3, 0.000000, 1, 'shift', NULL, NULL, '2025-09-23 09:12:14', '2025-09-23 09:12:14', 'G34'),
(38112, 41, 9, '2025-09-23', 3, 0.000000, 1, 'shift', NULL, NULL, '2025-09-23 09:12:14', '2025-09-23 09:12:14', 'G35'),
(38113, 42, 9, '2025-09-23', 3, 0.000000, 1, 'shift', NULL, NULL, '2025-09-23 09:12:14', '2025-09-23 09:12:14', 'G36'),
(38114, 43, 9, '2025-09-23', 3, 0.000000, 1, 'shift', NULL, NULL, '2025-09-23 09:12:14', '2025-09-23 09:12:14', 'G37'),
(38115, 44, 9, '2025-09-23', 3, 0.000000, 1, 'shift', NULL, NULL, '2025-09-23 09:12:14', '2025-09-23 09:12:14', 'G39'),
(38116, 45, 9, '2025-09-23', 3, 2.230000, 1, 'shift', NULL, NULL, '2025-09-23 09:12:14', '2025-09-23 09:12:14', 'G41'),
(38117, 46, 9, '2025-09-23', 3, 0.000000, 1, 'shift', NULL, NULL, '2025-09-23 09:12:14', '2025-09-23 09:12:14', 'G42'),
(38118, 47, 9, '2025-09-23', 3, 0.000000, 1, 'shift', NULL, NULL, '2025-09-23 09:12:14', '2025-09-23 09:12:14', 'G44'),
(38119, 48, 9, '2025-09-23', 3, 0.000000, 1, 'shift', NULL, NULL, '2025-09-23 09:12:14', '2025-09-23 09:12:14', 'G45'),
(38120, 49, 9, '2025-09-23', 3, 3.260000, 1, 'shift', NULL, NULL, '2025-09-23 09:12:14', '2025-09-23 09:12:14', 'G48'),
(38121, 50, 9, '2025-09-23', 3, 0.000000, 1, 'shift', NULL, NULL, '2025-09-23 09:12:14', '2025-09-23 09:12:14', 'G49'),
(38122, 51, 9, '2025-09-23', 3, 0.000000, 1, 'shift', NULL, NULL, '2025-09-23 09:12:14', '2025-09-23 09:12:14', 'G50'),
(38123, 52, 9, '2025-09-23', 3, 0.000000, 1, 'shift', NULL, NULL, '2025-09-23 09:12:14', '2025-09-23 09:12:14', 'G51'),
(38124, 53, 9, '2025-09-23', 3, 0.000000, 1, 'shift', NULL, NULL, '2025-09-23 09:12:14', '2025-09-23 09:12:14', 'G52'),
(38125, 271, 9, '2025-09-23', 3, 0.000000, 1, 'shift', NULL, NULL, '2025-09-23 09:12:14', '2025-09-23 09:12:14', 'G12'),
(38126, 272, 9, '2025-09-23', 3, 0.000000, 1, 'shift', NULL, NULL, '2025-09-23 09:12:14', '2025-09-23 09:12:14', 'G13'),
(38127, 278, 9, '2025-09-23', 3, 21.130000, 1, 'shift', NULL, NULL, '2025-09-23 09:12:14', '2025-09-23 09:12:14', 'G19'),
(38128, 275, 7, '2025-09-23', 3, 0.000000, 1, 'shift', NULL, NULL, '2025-09-23 09:12:14', '2025-09-23 09:12:14', 'E16'),
(38129, 277, 7, '2025-09-23', 3, 0.000000, 1, 'shift', NULL, NULL, '2025-09-23 09:12:14', '2025-09-23 09:12:14', 'E18'),
(38130, 279, 7, '2025-09-23', 3, 0.000000, 1, 'shift', NULL, NULL, '2025-09-23 09:12:14', '2025-09-23 09:12:14', 'E21'),
(38131, 280, 7, '2025-09-23', 3, 0.000000, 1, 'shift', NULL, NULL, '2025-09-23 09:12:14', '2025-09-23 09:12:14', 'E22'),
(38132, 281, 7, '2025-09-23', 3, 0.000000, 1, 'shift', NULL, NULL, '2025-09-23 09:12:14', '2025-09-23 09:12:14', 'E23'),
(38133, 282, 7, '2025-09-23', 3, 0.000000, 1, 'shift', NULL, NULL, '2025-09-23 09:12:14', '2025-09-23 09:12:14', 'E24'),
(38134, 283, 7, '2025-09-23', 3, 0.000000, 1, 'shift', NULL, NULL, '2025-09-23 09:12:14', '2025-09-23 09:12:14', 'E25'),
(38135, 284, 7, '2025-09-23', 3, 0.000000, 1, 'shift', NULL, NULL, '2025-09-23 09:12:14', '2025-09-23 09:12:14', 'E26'),
(38136, 285, 7, '2025-09-23', 3, 0.000000, 1, 'shift', NULL, NULL, '2025-09-23 09:12:14', '2025-09-23 09:12:14', 'E27'),
(38137, 286, 7, '2025-09-23', 3, 0.000000, 1, 'shift', NULL, NULL, '2025-09-23 09:12:14', '2025-09-23 09:12:14', 'E28'),
(38138, 288, 7, '2025-09-23', 3, 128.560000, 1, 'shift', NULL, NULL, '2025-09-23 09:12:14', '2025-09-23 09:12:14', 'E32'),
(38139, 289, 7, '2025-09-23', 3, 0.000000, 1, 'shift', NULL, NULL, '2025-09-23 09:12:14', '2025-09-23 09:12:14', 'E34'),
(38140, 290, 7, '2025-09-23', 3, 0.000000, 1, 'shift', NULL, NULL, '2025-09-23 09:12:14', '2025-09-23 09:12:14', 'E35'),
(38141, 291, 7, '2025-09-23', 3, 0.000000, 1, 'shift', NULL, NULL, '2025-09-23 09:12:14', '2025-09-23 09:12:14', 'E36'),
(38142, 292, 7, '2025-09-23', 3, 0.000000, 1, 'shift', NULL, NULL, '2025-09-23 09:12:14', '2025-09-23 09:12:14', 'E37'),
(38143, 293, 7, '2025-09-23', 3, 0.000000, 1, 'shift', NULL, NULL, '2025-09-23 09:12:14', '2025-09-23 09:12:14', 'E38'),
(38144, 294, 7, '2025-09-23', 3, 0.000000, 1, 'shift', NULL, NULL, '2025-09-23 09:12:14', '2025-09-23 09:12:14', 'E39'),
(38145, 295, 7, '2025-09-23', 3, 0.000000, 1, 'shift', NULL, NULL, '2025-09-23 09:12:14', '2025-09-23 09:12:14', 'E40'),
(38146, 296, 7, '2025-09-23', 3, 1.200000, 1, 'shift', NULL, NULL, '2025-09-23 09:12:14', '2025-09-23 09:12:14', 'E41'),
(38147, 297, 7, '2025-09-23', 3, 0.000000, 1, 'shift', NULL, NULL, '2025-09-23 09:12:14', '2025-09-23 09:12:14', 'E43'),
(38148, 298, 7, '2025-09-23', 3, 0.000000, 1, 'shift', NULL, NULL, '2025-09-23 09:12:14', '2025-09-23 09:12:14', 'E44'),
(38149, 299, 7, '2025-09-23', 3, 0.000000, 1, 'shift', NULL, NULL, '2025-09-23 09:12:14', '2025-09-23 09:12:14', 'E45'),
(38150, 300, 7, '2025-09-23', 3, 0.000000, 1, 'shift', NULL, NULL, '2025-09-23 09:12:14', '2025-09-23 09:12:14', 'E47'),
(38151, 301, 7, '2025-09-23', 3, 0.000000, 1, 'shift', NULL, NULL, '2025-09-23 09:12:14', '2025-09-23 09:12:14', 'E49'),
(38152, 275, 8, '2025-09-23', 3, 0.000000, 1, 'shift', NULL, NULL, '2025-09-23 09:12:14', '2025-09-23 09:12:14', 'F16'),
(38153, 277, 8, '2025-09-23', 3, 0.000000, 1, 'shift', NULL, NULL, '2025-09-23 09:12:14', '2025-09-23 09:12:14', 'F18'),
(38154, 279, 8, '2025-09-23', 3, 0.000000, 1, 'shift', NULL, NULL, '2025-09-23 09:12:14', '2025-09-23 09:12:14', 'F21'),
(38155, 280, 8, '2025-09-23', 3, 0.000000, 1, 'shift', NULL, NULL, '2025-09-23 09:12:14', '2025-09-23 09:12:14', 'F22'),
(38156, 281, 8, '2025-09-23', 3, 0.000000, 1, 'shift', NULL, NULL, '2025-09-23 09:12:14', '2025-09-23 09:12:14', 'F23'),
(38157, 282, 8, '2025-09-23', 3, 0.000000, 1, 'shift', NULL, NULL, '2025-09-23 09:12:14', '2025-09-23 09:12:14', 'F24'),
(38158, 283, 8, '2025-09-23', 3, 0.000000, 1, 'shift', NULL, NULL, '2025-09-23 09:12:14', '2025-09-23 09:12:14', 'F25'),
(38159, 284, 8, '2025-09-23', 3, 0.000000, 1, 'shift', NULL, NULL, '2025-09-23 09:12:14', '2025-09-23 09:12:14', 'F26'),
(38160, 285, 8, '2025-09-23', 3, 0.000000, 1, 'shift', NULL, NULL, '2025-09-23 09:12:14', '2025-09-23 09:12:14', 'F27'),
(38161, 286, 8, '2025-09-23', 3, 0.000000, 1, 'shift', NULL, NULL, '2025-09-23 09:12:14', '2025-09-23 09:12:14', 'F28'),
(38162, 288, 8, '2025-09-23', 3, 128.560000, 1, 'shift', NULL, NULL, '2025-09-23 09:12:14', '2025-09-23 09:12:14', 'F32'),
(38163, 289, 8, '2025-09-23', 3, 0.000000, 1, 'shift', NULL, NULL, '2025-09-23 09:12:14', '2025-09-23 09:12:14', 'F34'),
(38164, 290, 8, '2025-09-23', 3, 0.000000, 1, 'shift', NULL, NULL, '2025-09-23 09:12:14', '2025-09-23 09:12:14', 'F35'),
(38165, 291, 8, '2025-09-23', 3, 0.000000, 1, 'shift', NULL, NULL, '2025-09-23 09:12:14', '2025-09-23 09:12:14', 'F36'),
(38166, 292, 8, '2025-09-23', 3, 0.000000, 1, 'shift', NULL, NULL, '2025-09-23 09:12:14', '2025-09-23 09:12:14', 'F37'),
(38167, 293, 8, '2025-09-23', 3, 0.000000, 1, 'shift', NULL, NULL, '2025-09-23 09:12:14', '2025-09-23 09:12:14', 'F38'),
(38168, 294, 8, '2025-09-23', 3, 0.000000, 1, 'shift', NULL, NULL, '2025-09-23 09:12:14', '2025-09-23 09:12:14', 'F39'),
(38169, 295, 8, '2025-09-23', 3, 0.000000, 1, 'shift', NULL, NULL, '2025-09-23 09:12:14', '2025-09-23 09:12:14', 'F40'),
(38170, 296, 8, '2025-09-23', 3, 1.200000, 1, 'shift', NULL, NULL, '2025-09-23 09:12:14', '2025-09-23 09:12:14', 'F41'),
(38171, 297, 8, '2025-09-23', 3, 0.000000, 1, 'shift', NULL, NULL, '2025-09-23 09:12:14', '2025-09-23 09:12:14', 'F43'),
(38172, 298, 8, '2025-09-23', 3, 0.000000, 1, 'shift', NULL, NULL, '2025-09-23 09:12:14', '2025-09-23 09:12:14', 'F44'),
(38173, 299, 8, '2025-09-23', 3, 0.000000, 1, 'shift', NULL, NULL, '2025-09-23 09:12:14', '2025-09-23 09:12:14', 'F45'),
(38174, 300, 8, '2025-09-23', 3, 0.000000, 1, 'shift', NULL, NULL, '2025-09-23 09:12:14', '2025-09-23 09:12:14', 'F47'),
(38175, 301, 8, '2025-09-23', 3, 0.000000, 1, 'shift', NULL, NULL, '2025-09-23 09:12:14', '2025-09-23 09:12:14', 'F49'),
(38176, 275, 9, '2025-09-23', 3, 0.000000, 1, 'shift', NULL, NULL, '2025-09-23 09:12:14', '2025-09-23 09:12:14', 'G16'),
(38177, 277, 9, '2025-09-23', 3, 0.000000, 1, 'shift', NULL, NULL, '2025-09-23 09:12:14', '2025-09-23 09:12:14', 'G18'),
(38178, 279, 9, '2025-09-23', 3, 1.320000, 1, 'shift', NULL, NULL, '2025-09-23 09:12:14', '2025-09-23 09:12:14', 'G21'),
(38179, 280, 9, '2025-09-23', 3, 0.000000, 1, 'shift', NULL, NULL, '2025-09-23 09:12:14', '2025-09-23 09:12:14', 'G22'),
(38180, 281, 9, '2025-09-23', 3, 0.000000, 1, 'shift', NULL, NULL, '2025-09-23 09:12:14', '2025-09-23 09:12:14', 'G23'),
(38181, 282, 9, '2025-09-23', 3, 0.000000, 1, 'shift', NULL, NULL, '2025-09-23 09:12:14', '2025-09-23 09:12:14', 'G24'),
(38182, 283, 9, '2025-09-23', 3, 0.000000, 1, 'shift', NULL, NULL, '2025-09-23 09:12:14', '2025-09-23 09:12:14', 'G25'),
(38183, 284, 9, '2025-09-23', 3, 0.000000, 1, 'shift', NULL, NULL, '2025-09-23 09:12:14', '2025-09-23 09:12:14', 'G26'),
(38184, 285, 9, '2025-09-23', 3, 0.000000, 1, 'shift', NULL, NULL, '2025-09-23 09:12:14', '2025-09-23 09:12:14', 'G27'),
(38185, 286, 9, '2025-09-23', 3, 0.000000, 1, 'shift', NULL, NULL, '2025-09-23 09:12:14', '2025-09-23 09:12:14', 'G28'),
(38186, 288, 9, '2025-09-23', 3, 128.560000, 1, 'shift', NULL, NULL, '2025-09-23 09:12:14', '2025-09-23 09:12:14', 'G32'),
(38187, 289, 9, '2025-09-23', 3, 0.000000, 1, 'shift', NULL, NULL, '2025-09-23 09:12:14', '2025-09-23 09:12:14', 'G34'),
(38188, 290, 9, '2025-09-23', 3, 0.000000, 1, 'shift', NULL, NULL, '2025-09-23 09:12:14', '2025-09-23 09:12:14', 'G35'),
(38189, 291, 9, '2025-09-23', 3, 0.010000, 1, 'shift', NULL, NULL, '2025-09-23 09:12:14', '2025-09-23 09:12:14', 'G36'),
(38190, 292, 9, '2025-09-23', 3, 0.600000, 1, 'shift', NULL, NULL, '2025-09-23 09:12:14', '2025-09-23 09:12:14', 'G37'),
(38191, 293, 9, '2025-09-23', 3, 127.960000, 1, 'shift', NULL, NULL, '2025-09-23 09:12:14', '2025-09-23 09:12:14', 'G38'),
(38192, 294, 9, '2025-09-23', 3, -9.720000, 1, 'shift', NULL, NULL, '2025-09-23 09:12:14', '2025-09-23 09:12:14', 'G39');
INSERT INTO `tg_result_values` (`id`, `param_id`, `tg_id`, `date`, `shift_id`, `value`, `user_id`, `period_type`, `period_start`, `period_end`, `created_at`, `updated_at`, `cell`) VALUES
(38193, 295, 9, '2025-09-23', 3, 25.300000, 1, 'shift', NULL, NULL, '2025-09-23 09:12:14', '2025-09-23 09:12:14', 'G40'),
(38194, 296, 9, '2025-09-23', 3, 1.200000, 1, 'shift', NULL, NULL, '2025-09-23 09:12:14', '2025-09-23 09:12:14', 'G41'),
(38195, 297, 9, '2025-09-23', 3, -0.190000, 1, 'shift', NULL, NULL, '2025-09-23 09:12:14', '2025-09-23 09:12:14', 'G43'),
(38196, 298, 9, '2025-09-23', 3, -8.880000, 1, 'shift', NULL, NULL, '2025-09-23 09:12:14', '2025-09-23 09:12:14', 'G44'),
(38197, 299, 9, '2025-09-23', 3, 0.000000, 1, 'shift', NULL, NULL, '2025-09-23 09:12:14', '2025-09-23 09:12:14', 'G45'),
(38198, 300, 9, '2025-09-23', 3, 0.110000, 1, 'shift', NULL, NULL, '2025-09-23 09:12:14', '2025-09-23 09:12:14', 'G47'),
(38199, 301, 9, '2025-09-23', 3, 0.500000, 1, 'shift', NULL, NULL, '2025-09-23 09:12:14', '2025-09-23 09:12:14', 'G49'),
(38200, 26, 7, '2025-09-19', 1, 3150.000000, 1, 'shift', NULL, NULL, '2025-09-23 09:21:23', '2025-09-23 09:21:23', 'E11'),
(38201, 27, 7, '2025-09-19', 1, 3150.000000, 1, 'shift', NULL, NULL, '2025-09-23 09:21:23', '2025-09-23 09:21:23', 'E13'),
(38202, 28, 7, '2025-09-19', 1, 8.000000, 1, 'shift', NULL, NULL, '2025-09-23 09:21:23', '2025-09-23 09:21:23', 'E15'),
(38203, 29, 7, '2025-09-19', 1, 0.000000, 1, 'shift', NULL, NULL, '2025-09-23 09:21:23', '2025-09-23 09:21:23', 'E17'),
(38204, 30, 7, '2025-09-19', 1, 0.000000, 1, 'shift', NULL, NULL, '2025-09-23 09:21:23', '2025-09-23 09:21:23', 'E18'),
(38205, 37, 7, '2025-09-19', 1, 869.310000, 1, 'shift', NULL, NULL, '2025-09-23 09:21:23', '2025-09-23 09:21:23', 'E30'),
(38206, 31, 7, '2025-09-19', 1, 0.000000, 1, 'shift', NULL, NULL, '2025-09-23 09:21:23', '2025-09-23 09:21:23', 'E19'),
(38207, 32, 7, '2025-09-19', 1, 0.000000, 1, 'shift', NULL, NULL, '2025-09-23 09:21:23', '2025-09-23 09:21:23', 'E20'),
(38208, 33, 7, '2025-09-19', 1, 0.000000, 1, 'shift', NULL, NULL, '2025-09-23 09:21:23', '2025-09-23 09:21:23', 'E21'),
(38209, 34, 7, '2025-09-19', 1, 82407.000000, 1, 'shift', NULL, NULL, '2025-09-23 09:21:23', '2025-09-23 09:21:23', 'E22'),
(38210, 35, 7, '2025-09-19', 1, 393.750000, 1, 'shift', NULL, NULL, '2025-09-23 09:21:23', '2025-09-23 09:21:23', 'E26'),
(38211, 36, 7, '2025-09-19', 1, 1273.970000, 1, 'shift', NULL, NULL, '2025-09-23 09:21:23', '2025-09-23 09:21:23', 'E29'),
(38212, 38, 7, '2025-09-19', 1, 2178.920000, 1, 'shift', NULL, NULL, '2025-09-23 09:21:23', '2025-09-23 09:21:23', 'E31'),
(38213, 39, 7, '2025-09-19', 1, 0.000000, 1, 'shift', NULL, NULL, '2025-09-23 09:21:23', '2025-09-23 09:21:23', 'E33'),
(38214, 40, 7, '2025-09-19', 1, 41.940000, 1, 'shift', NULL, NULL, '2025-09-23 09:21:23', '2025-09-23 09:21:23', 'E34'),
(38215, 41, 7, '2025-09-19', 1, 15.260000, 1, 'shift', NULL, NULL, '2025-09-23 09:21:23', '2025-09-23 09:21:23', 'E35'),
(38216, 42, 7, '2025-09-19', 1, 245.000000, 1, 'shift', NULL, NULL, '2025-09-23 09:21:23', '2025-09-23 09:21:23', 'E36'),
(38217, 43, 7, '2025-09-19', 1, 46.900000, 1, 'shift', NULL, NULL, '2025-09-23 09:21:23', '2025-09-23 09:21:23', 'E37'),
(38218, 44, 7, '2025-09-19', 1, 2528.030000, 1, 'shift', NULL, NULL, '2025-09-23 09:21:23', '2025-09-23 09:21:23', 'E39'),
(38219, 45, 7, '2025-09-19', 1, 2.020000, 1, 'shift', NULL, NULL, '2025-09-23 09:21:23', '2025-09-23 09:21:23', 'E41'),
(38220, 46, 7, '2025-09-19', 1, 0.510000, 1, 'shift', NULL, NULL, '2025-09-23 09:21:23', '2025-09-23 09:21:23', 'E42'),
(38221, 47, 7, '2025-09-19', 1, 0.450000, 1, 'shift', NULL, NULL, '2025-09-23 09:21:23', '2025-09-23 09:21:23', 'E44'),
(38222, 48, 7, '2025-09-19', 1, 0.110000, 1, 'shift', NULL, NULL, '2025-09-23 09:21:23', '2025-09-23 09:21:23', 'E45'),
(38223, 49, 7, '2025-09-19', 1, 2.580000, 1, 'shift', NULL, NULL, '2025-09-23 09:21:23', '2025-09-23 09:21:23', 'E48'),
(38224, 50, 7, '2025-09-19', 1, 0.650000, 1, 'shift', NULL, NULL, '2025-09-23 09:21:23', '2025-09-23 09:21:23', 'E49'),
(38225, 51, 7, '2025-09-19', 1, 995.410000, 1, 'shift', NULL, NULL, '2025-09-23 09:21:23', '2025-09-23 09:21:23', 'E50'),
(38226, 52, 7, '2025-09-19', 1, 0.120000, 1, 'shift', NULL, NULL, '2025-09-23 09:21:23', '2025-09-23 09:21:23', 'E51'),
(38227, 53, 7, '2025-09-19', 1, 2547.850000, 1, 'shift', NULL, NULL, '2025-09-23 09:21:23', '2025-09-23 09:21:23', 'E52'),
(38228, 278, 7, '2025-09-19', 1, 0.000000, 1, 'shift', NULL, NULL, '2025-09-23 09:21:23', '2025-09-23 09:21:23', 'E19'),
(38229, 26, 8, '2025-09-19', 1, 2835.000000, 1, 'shift', NULL, NULL, '2025-09-23 09:21:23', '2025-09-23 09:21:23', 'F11'),
(38230, 27, 8, '2025-09-19', 1, 2835.000000, 1, 'shift', NULL, NULL, '2025-09-23 09:21:23', '2025-09-23 09:21:23', 'F13'),
(38231, 28, 8, '2025-09-19', 1, 8.000000, 1, 'shift', NULL, NULL, '2025-09-23 09:21:23', '2025-09-23 09:21:23', 'F15'),
(38232, 29, 8, '2025-09-19', 1, 71945.000000, 1, 'shift', NULL, NULL, '2025-09-23 09:21:23', '2025-09-23 09:21:23', 'F17'),
(38233, 30, 8, '2025-09-19', 1, 0.000000, 1, 'shift', NULL, NULL, '2025-09-23 09:21:23', '2025-09-23 09:21:23', 'F18'),
(38234, 37, 8, '2025-09-19', 1, 788.120000, 1, 'shift', NULL, NULL, '2025-09-23 09:21:23', '2025-09-23 09:21:23', 'F30'),
(38235, 31, 8, '2025-09-19', 1, 35465.400000, 1, 'shift', NULL, NULL, '2025-09-23 09:21:23', '2025-09-23 09:21:23', 'F19'),
(38236, 32, 8, '2025-09-19', 1, 29.000000, 1, 'shift', NULL, NULL, '2025-09-23 09:21:23', '2025-09-23 09:21:23', 'F20'),
(38237, 33, 8, '2025-09-19', 1, 41.000000, 1, 'shift', NULL, NULL, '2025-09-23 09:21:23', '2025-09-23 09:21:23', 'F21'),
(38238, 34, 8, '2025-09-19', 1, 75730.000000, 1, 'shift', NULL, NULL, '2025-09-23 09:21:23', '2025-09-23 09:21:23', 'F22'),
(38239, 35, 8, '2025-09-19', 1, 354.380000, 1, 'shift', NULL, NULL, '2025-09-23 09:21:23', '2025-09-23 09:21:23', 'F26'),
(38240, 36, 8, '2025-09-19', 1, 1152.180000, 1, 'shift', NULL, NULL, '2025-09-23 09:21:23', '2025-09-23 09:21:23', 'F29'),
(38241, 38, 8, '2025-09-19', 1, 2184.480000, 1, 'shift', NULL, NULL, '2025-09-23 09:21:23', '2025-09-23 09:21:23', 'F31'),
(38242, 39, 8, '2025-09-19', 1, 0.000000, 1, 'shift', NULL, NULL, '2025-09-23 09:21:23', '2025-09-23 09:21:23', 'F33'),
(38243, 40, 8, '2025-09-19', 1, 0.000000, 1, 'shift', NULL, NULL, '2025-09-23 09:21:23', '2025-09-23 09:21:23', 'F34'),
(38244, 41, 8, '2025-09-19', 1, 14.060000, 1, 'shift', NULL, NULL, '2025-09-23 09:21:23', '2025-09-23 09:21:23', 'F35'),
(38245, 42, 8, '2025-09-19', 1, 0.000000, 1, 'shift', NULL, NULL, '2025-09-23 09:21:23', '2025-09-23 09:21:23', 'F36'),
(38246, 43, 8, '2025-09-19', 1, 46.900000, 1, 'shift', NULL, NULL, '2025-09-23 09:21:23', '2025-09-23 09:21:23', 'F37'),
(38247, 44, 8, '2025-09-19', 1, 2245.440000, 1, 'shift', NULL, NULL, '2025-09-23 09:21:23', '2025-09-23 09:21:23', 'F39'),
(38248, 45, 8, '2025-09-19', 1, 1.930000, 1, 'shift', NULL, NULL, '2025-09-23 09:21:23', '2025-09-23 09:21:23', 'F41'),
(38249, 46, 8, '2025-09-19', 1, 0.540000, 1, 'shift', NULL, NULL, '2025-09-23 09:21:23', '2025-09-23 09:21:23', 'F42'),
(38250, 47, 8, '2025-09-19', 1, 0.450000, 1, 'shift', NULL, NULL, '2025-09-23 09:21:23', '2025-09-23 09:21:23', 'F44'),
(38251, 48, 8, '2025-09-19', 1, 0.130000, 1, 'shift', NULL, NULL, '2025-09-23 09:21:23', '2025-09-23 09:21:23', 'F45'),
(38252, 49, 8, '2025-09-19', 1, 2.480000, 1, 'shift', NULL, NULL, '2025-09-23 09:21:23', '2025-09-23 09:21:23', 'F48'),
(38253, 50, 8, '2025-09-19', 1, 0.700000, 1, 'shift', NULL, NULL, '2025-09-23 09:21:23', '2025-09-23 09:21:23', 'F49'),
(38254, 51, 8, '2025-09-19', 1, 795.730000, 1, 'shift', NULL, NULL, '2025-09-23 09:21:23', '2025-09-23 09:21:23', 'F50'),
(38255, 52, 8, '2025-09-19', 1, 0.160000, 1, 'shift', NULL, NULL, '2025-09-23 09:21:23', '2025-09-23 09:21:23', 'F51'),
(38256, 53, 8, '2025-09-19', 1, 2264.800000, 1, 'shift', NULL, NULL, '2025-09-23 09:21:23', '2025-09-23 09:21:23', 'F52'),
(38257, 271, 8, '2025-09-19', 1, 7981.510000, 1, 'shift', NULL, NULL, '2025-09-23 09:21:23', '2025-09-23 09:21:23', 'F12'),
(38258, 278, 8, '2025-09-19', 1, 8198.240000, 1, 'shift', NULL, NULL, '2025-09-23 09:21:23', '2025-09-23 09:21:23', 'F19'),
(38259, 26, 9, '2025-09-19', 1, 5985.000000, 1, 'shift', NULL, NULL, '2025-09-23 09:21:23', '2025-09-23 09:21:23', 'G11'),
(38260, 27, 9, '2025-09-19', 1, 5985.000000, 1, 'shift', NULL, NULL, '2025-09-23 09:21:23', '2025-09-23 09:21:23', 'G13'),
(38261, 28, 9, '2025-09-19', 1, 16.000000, 1, 'shift', NULL, NULL, '2025-09-23 09:21:23', '2025-09-23 09:21:23', 'G15'),
(38262, 29, 9, '2025-09-19', 1, 71945.000000, 1, 'shift', NULL, NULL, '2025-09-23 09:21:23', '2025-09-23 09:21:23', 'G17'),
(38263, 30, 9, '2025-09-19', 1, 0.000000, 1, 'shift', NULL, NULL, '2025-09-23 09:21:23', '2025-09-23 09:21:23', 'G18'),
(38264, 37, 9, '2025-09-19', 1, 828.720000, 1, 'shift', NULL, NULL, '2025-09-23 09:21:23', '2025-09-23 09:21:23', 'G30'),
(38265, 31, 9, '2025-09-19', 1, 40682.620000, 1, 'shift', NULL, NULL, '2025-09-23 09:21:23', '2025-09-23 09:21:23', 'G19'),
(38266, 32, 9, '2025-09-19', 1, 0.000000, 1, 'shift', NULL, NULL, '2025-09-23 09:21:23', '2025-09-23 09:21:23', 'G20'),
(38267, 33, 9, '2025-09-19', 1, 0.000000, 1, 'shift', NULL, NULL, '2025-09-23 09:21:23', '2025-09-23 09:21:23', 'G21'),
(38268, 34, 9, '2025-09-19', 1, 0.000000, 1, 'shift', NULL, NULL, '2025-09-23 09:21:23', '2025-09-23 09:21:23', 'G22'),
(38269, 35, 9, '2025-09-19', 1, 374.060000, 1, 'shift', NULL, NULL, '2025-09-23 09:21:23', '2025-09-23 09:21:23', 'G26'),
(38270, 36, 9, '2025-09-19', 1, 1213.080000, 1, 'shift', NULL, NULL, '2025-09-23 09:21:23', '2025-09-23 09:21:23', 'G29'),
(38271, 38, 9, '2025-09-19', 1, 0.000000, 1, 'shift', NULL, NULL, '2025-09-23 09:21:23', '2025-09-23 09:21:23', 'G31'),
(38272, 39, 9, '2025-09-19', 1, 0.000000, 1, 'shift', NULL, NULL, '2025-09-23 09:21:23', '2025-09-23 09:21:23', 'G33'),
(38273, 40, 9, '2025-09-19', 1, 0.000000, 1, 'shift', NULL, NULL, '2025-09-23 09:21:23', '2025-09-23 09:21:23', 'G34'),
(38274, 41, 9, '2025-09-19', 1, 0.000000, 1, 'shift', NULL, NULL, '2025-09-23 09:21:23', '2025-09-23 09:21:23', 'G35'),
(38275, 42, 9, '2025-09-19', 1, 0.000000, 1, 'shift', NULL, NULL, '2025-09-23 09:21:23', '2025-09-23 09:21:23', 'G36'),
(38276, 43, 9, '2025-09-19', 1, 0.000000, 1, 'shift', NULL, NULL, '2025-09-23 09:21:23', '2025-09-23 09:21:23', 'G37'),
(38277, 44, 9, '2025-09-19', 1, 2394.170000, 1, 'shift', NULL, NULL, '2025-09-23 09:21:23', '2025-09-23 09:21:23', 'G39'),
(38278, 45, 9, '2025-09-19', 1, 3.950000, 1, 'shift', NULL, NULL, '2025-09-23 09:21:23', '2025-09-23 09:21:23', 'G41'),
(38279, 46, 9, '2025-09-19', 1, 0.000000, 1, 'shift', NULL, NULL, '2025-09-23 09:21:23', '2025-09-23 09:21:23', 'G42'),
(38280, 47, 9, '2025-09-19', 1, 0.000000, 1, 'shift', NULL, NULL, '2025-09-23 09:21:23', '2025-09-23 09:21:23', 'G44'),
(38281, 48, 9, '2025-09-19', 1, 0.000000, 1, 'shift', NULL, NULL, '2025-09-23 09:21:23', '2025-09-23 09:21:23', 'G45'),
(38282, 49, 9, '2025-09-19', 1, 5.060000, 1, 'shift', NULL, NULL, '2025-09-23 09:21:23', '2025-09-23 09:21:23', 'G48'),
(38283, 50, 9, '2025-09-19', 1, 0.680000, 1, 'shift', NULL, NULL, '2025-09-23 09:21:23', '2025-09-23 09:21:23', 'G49'),
(38284, 51, 9, '2025-09-19', 1, 895.570000, 1, 'shift', NULL, NULL, '2025-09-23 09:21:23', '2025-09-23 09:21:23', 'G50'),
(38285, 52, 9, '2025-09-19', 1, 0.140000, 1, 'shift', NULL, NULL, '2025-09-23 09:21:23', '2025-09-23 09:21:23', 'G51'),
(38286, 53, 9, '2025-09-19', 1, 2413.810000, 1, 'shift', NULL, NULL, '2025-09-23 09:21:23', '2025-09-23 09:21:23', 'G52'),
(38287, 269, 9, '2025-09-19', 1, 8125.000000, 1, 'shift', NULL, NULL, '2025-09-23 09:21:23', '2025-09-23 09:21:23', 'G10'),
(38288, 270, 9, '2025-09-19', 1, 9500.000000, 1, 'shift', NULL, NULL, '2025-09-23 09:21:23', '2025-09-23 09:21:23', 'G11'),
(38289, 271, 9, '2025-09-19', 1, 7981.510000, 1, 'shift', NULL, NULL, '2025-09-23 09:21:23', '2025-09-23 09:21:23', 'G12'),
(38290, 272, 9, '2025-09-19', 1, 0.000000, 1, 'shift', NULL, NULL, '2025-09-23 09:21:23', '2025-09-23 09:21:23', 'G13'),
(38291, 278, 9, '2025-09-19', 1, 4109.680000, 1, 'shift', NULL, NULL, '2025-09-23 09:21:23', '2025-09-23 09:21:23', 'G19'),
(38292, 275, 7, '2025-09-19', 1, 0.000000, 1, 'shift', NULL, NULL, '2025-09-23 09:21:23', '2025-09-23 09:21:23', 'E16'),
(38293, 277, 7, '2025-09-19', 1, 8.000000, 1, 'shift', NULL, NULL, '2025-09-23 09:21:23', '2025-09-23 09:21:23', 'E18'),
(38294, 279, 7, '2025-09-19', 1, 0.000000, 1, 'shift', NULL, NULL, '2025-09-23 09:21:23', '2025-09-23 09:21:23', 'E21'),
(38295, 280, 7, '2025-09-19', 1, 393.750000, 1, 'shift', NULL, NULL, '2025-09-23 09:21:23', '2025-09-23 09:21:23', 'E22'),
(38296, 281, 7, '2025-09-19', 1, 0.000000, 1, 'shift', NULL, NULL, '2025-09-23 09:21:23', '2025-09-23 09:21:23', 'E23'),
(38297, 282, 7, '2025-09-19', 1, 0.000000, 1, 'shift', NULL, NULL, '2025-09-23 09:21:23', '2025-09-23 09:21:23', 'E24'),
(38298, 283, 7, '2025-09-19', 1, 0.000000, 1, 'shift', NULL, NULL, '2025-09-23 09:21:23', '2025-09-23 09:21:23', 'E25'),
(38299, 284, 7, '2025-09-19', 1, 23.000000, 1, 'shift', NULL, NULL, '2025-09-23 09:21:23', '2025-09-23 09:21:23', 'E26'),
(38300, 285, 7, '2025-09-19', 1, 30.000000, 1, 'shift', NULL, NULL, '2025-09-23 09:21:23', '2025-09-23 09:21:23', 'E27'),
(38301, 286, 7, '2025-09-19', 1, 82407.000000, 1, 'shift', NULL, NULL, '2025-09-23 09:21:23', '2025-09-23 09:21:23', 'E28'),
(38302, 288, 7, '2025-09-19', 1, 52.600000, 1, 'shift', NULL, NULL, '2025-09-23 09:21:23', '2025-09-23 09:21:23', 'E32'),
(38303, 289, 7, '2025-09-19', 1, 0.000000, 1, 'shift', NULL, NULL, '2025-09-23 09:21:23', '2025-09-23 09:21:23', 'E34'),
(38304, 290, 7, '2025-09-19', 1, 0.000000, 1, 'shift', NULL, NULL, '2025-09-23 09:21:23', '2025-09-23 09:21:23', 'E35'),
(38305, 291, 7, '2025-09-19', 1, 0.000000, 1, 'shift', NULL, NULL, '2025-09-23 09:21:23', '2025-09-23 09:21:23', 'E36'),
(38306, 292, 7, '2025-09-19', 1, 0.000000, 1, 'shift', NULL, NULL, '2025-09-23 09:21:23', '2025-09-23 09:21:23', 'E37'),
(38307, 293, 7, '2025-09-19', 1, 0.000000, 1, 'shift', NULL, NULL, '2025-09-23 09:21:23', '2025-09-23 09:21:23', 'E38'),
(38308, 294, 7, '2025-09-19', 1, 0.000000, 1, 'shift', NULL, NULL, '2025-09-23 09:21:23', '2025-09-23 09:21:23', 'E39'),
(38309, 295, 7, '2025-09-19', 1, 0.000000, 1, 'shift', NULL, NULL, '2025-09-23 09:21:23', '2025-09-23 09:21:23', 'E40'),
(38310, 296, 7, '2025-09-19', 1, 1.200000, 1, 'shift', NULL, NULL, '2025-09-23 09:21:23', '2025-09-23 09:21:23', 'E41'),
(38311, 297, 7, '2025-09-19', 1, 0.000000, 1, 'shift', NULL, NULL, '2025-09-23 09:21:23', '2025-09-23 09:21:23', 'E43'),
(38312, 298, 7, '2025-09-19', 1, 0.000000, 1, 'shift', NULL, NULL, '2025-09-23 09:21:23', '2025-09-23 09:21:23', 'E44'),
(38313, 299, 7, '2025-09-19', 1, 0.000000, 1, 'shift', NULL, NULL, '2025-09-23 09:21:23', '2025-09-23 09:21:23', 'E45'),
(38314, 300, 7, '2025-09-19', 1, 0.000000, 1, 'shift', NULL, NULL, '2025-09-23 09:21:23', '2025-09-23 09:21:23', 'E47'),
(38315, 301, 7, '2025-09-19', 1, 0.000000, 1, 'shift', NULL, NULL, '2025-09-23 09:21:23', '2025-09-23 09:21:23', 'E49'),
(38316, 302, 7, '2025-09-19', 1, 0.000000, 1, 'shift', NULL, NULL, '2025-09-23 09:21:23', '2025-09-23 09:21:23', 'E50'),
(38317, 303, 7, '2025-09-19', 1, 393.750000, 1, 'shift', NULL, NULL, '2025-09-23 09:21:23', '2025-09-23 09:21:23', 'E51'),
(38318, 273, 8, '2025-09-19', 1, 9264.250000, 1, 'shift', NULL, NULL, '2025-09-23 09:21:23', '2025-09-23 09:21:23', 'F14'),
(38319, 275, 8, '2025-09-19', 1, 9264.250000, 1, 'shift', NULL, NULL, '2025-09-23 09:21:23', '2025-09-23 09:21:23', 'F16'),
(38320, 276, 8, '2025-09-19', 1, 1.000000, 1, 'shift', NULL, NULL, '2025-09-23 09:21:23', '2025-09-23 09:21:23', 'F17'),
(38321, 277, 8, '2025-09-19', 1, 8.000000, 1, 'shift', NULL, NULL, '2025-09-23 09:21:23', '2025-09-23 09:21:23', 'F18'),
(38322, 279, 8, '2025-09-19', 1, 1024.780000, 1, 'shift', NULL, NULL, '2025-09-23 09:21:23', '2025-09-23 09:21:23', 'F21'),
(38323, 280, 8, '2025-09-19', 1, 354.380000, 1, 'shift', NULL, NULL, '2025-09-23 09:21:23', '2025-09-23 09:21:23', 'F22'),
(38324, 281, 8, '2025-09-19', 1, 71945.000000, 1, 'shift', NULL, NULL, '2025-09-23 09:21:23', '2025-09-23 09:21:23', 'F23'),
(38325, 282, 8, '2025-09-19', 1, 8993.130000, 1, 'shift', NULL, NULL, '2025-09-23 09:21:23', '2025-09-23 09:21:23', 'F24'),
(38326, 283, 8, '2025-09-19', 1, 0.000000, 1, 'shift', NULL, NULL, '2025-09-23 09:21:23', '2025-09-23 09:21:23', 'F25'),
(38327, 284, 8, '2025-09-19', 1, 49.000000, 1, 'shift', NULL, NULL, '2025-09-23 09:21:23', '2025-09-23 09:21:23', 'F26'),
(38328, 285, 8, '2025-09-19', 1, 210.000000, 1, 'shift', NULL, NULL, '2025-09-23 09:21:23', '2025-09-23 09:21:23', 'F27'),
(38329, 286, 8, '2025-09-19', 1, 75730.000000, 1, 'shift', NULL, NULL, '2025-09-23 09:21:23', '2025-09-23 09:21:23', 'F28'),
(38330, 288, 8, '2025-09-19', 1, 76.560000, 1, 'shift', NULL, NULL, '2025-09-23 09:21:23', '2025-09-23 09:21:23', 'F32'),
(38331, 289, 8, '2025-09-19', 1, 0.840000, 1, 'shift', NULL, NULL, '2025-09-23 09:21:23', '2025-09-23 09:21:23', 'F34'),
(38332, 290, 8, '2025-09-19', 1, -0.110000, 1, 'shift', NULL, NULL, '2025-09-23 09:21:23', '2025-09-23 09:21:23', 'F35'),
(38333, 291, 8, '2025-09-19', 1, 6.150000, 1, 'shift', NULL, NULL, '2025-09-23 09:21:23', '2025-09-23 09:21:23', 'F36'),
(38334, 292, 8, '2025-09-19', 1, 0.600000, 1, 'shift', NULL, NULL, '2025-09-23 09:21:23', '2025-09-23 09:21:23', 'F37'),
(38335, 293, 8, '2025-09-19', 1, 76.680000, 1, 'shift', NULL, NULL, '2025-09-23 09:21:23', '2025-09-23 09:21:23', 'F38'),
(38336, 294, 8, '2025-09-19', 1, 36223.420000, 1, 'shift', NULL, NULL, '2025-09-23 09:21:23', '2025-09-23 09:21:23', 'F39'),
(38337, 295, 8, '2025-09-19', 1, 8.780000, 1, 'shift', NULL, NULL, '2025-09-23 09:21:23', '2025-09-23 09:21:23', 'F40'),
(38338, 296, 8, '2025-09-19', 1, 1.200000, 1, 'shift', NULL, NULL, '2025-09-23 09:21:23', '2025-09-23 09:21:23', 'F41'),
(38339, 297, 8, '2025-09-19', 1, 310407.000000, 1, 'shift', NULL, NULL, '2025-09-23 09:21:23', '2025-09-23 09:21:23', 'F43'),
(38340, 298, 8, '2025-09-19', 1, 37862.640000, 1, 'shift', NULL, NULL, '2025-09-23 09:21:23', '2025-09-23 09:21:23', 'F44'),
(38341, 299, 8, '2025-09-19', 1, 87592.800000, 1, 'shift', NULL, NULL, '2025-09-23 09:21:23', '2025-09-23 09:21:23', 'F45'),
(38342, 300, 8, '2025-09-19', 1, 40.990000, 1, 'shift', NULL, NULL, '2025-09-23 09:21:23', '2025-09-23 09:21:23', 'F47'),
(38343, 301, 8, '2025-09-19', 1, 0.500000, 1, 'shift', NULL, NULL, '2025-09-23 09:21:23', '2025-09-23 09:21:23', 'F49'),
(38344, 302, 8, '2025-09-19', 1, 0.000000, 1, 'shift', NULL, NULL, '2025-09-23 09:21:23', '2025-09-23 09:21:23', 'F50'),
(38345, 303, 8, '2025-09-19', 1, 87947.180000, 1, 'shift', NULL, NULL, '2025-09-23 09:21:23', '2025-09-23 09:21:23', 'F51'),
(38346, 273, 9, '2025-09-19', 1, 9264.250000, 1, 'shift', NULL, NULL, '2025-09-23 09:21:23', '2025-09-23 09:21:23', 'G14'),
(38347, 275, 9, '2025-09-19', 1, 9264.250000, 1, 'shift', NULL, NULL, '2025-09-23 09:21:23', '2025-09-23 09:21:23', 'G16'),
(38348, 276, 9, '2025-09-19', 1, 1.000000, 1, 'shift', NULL, NULL, '2025-09-23 09:21:23', '2025-09-23 09:21:23', 'G17'),
(38349, 277, 9, '2025-09-19', 1, 16.000000, 1, 'shift', NULL, NULL, '2025-09-23 09:21:23', '2025-09-23 09:21:23', 'G18'),
(38350, 279, 9, '2025-09-19', 1, 256.860000, 1, 'shift', NULL, NULL, '2025-09-23 09:21:23', '2025-09-23 09:21:23', 'G21'),
(38351, 280, 9, '2025-09-19', 1, 374.060000, 1, 'shift', NULL, NULL, '2025-09-23 09:21:23', '2025-09-23 09:21:23', 'G22'),
(38352, 281, 9, '2025-09-19', 1, 71945.000000, 1, 'shift', NULL, NULL, '2025-09-23 09:21:23', '2025-09-23 09:21:23', 'G23'),
(38353, 282, 9, '2025-09-19', 1, 4496.560000, 1, 'shift', NULL, NULL, '2025-09-23 09:21:23', '2025-09-23 09:21:23', 'G24'),
(38354, 283, 9, '2025-09-19', 1, 0.000000, 1, 'shift', NULL, NULL, '2025-09-23 09:21:23', '2025-09-23 09:21:23', 'G25'),
(38355, 284, 9, '2025-09-19', 1, 0.000000, 1, 'shift', NULL, NULL, '2025-09-23 09:21:23', '2025-09-23 09:21:23', 'G26'),
(38356, 285, 9, '2025-09-19', 1, 0.000000, 1, 'shift', NULL, NULL, '2025-09-23 09:21:23', '2025-09-23 09:21:23', 'G27'),
(38357, 286, 9, '2025-09-19', 1, 0.000000, 1, 'shift', NULL, NULL, '2025-09-23 09:21:23', '2025-09-23 09:21:23', 'G28'),
(38358, 288, 9, '2025-09-19', 1, 64.580000, 1, 'shift', NULL, NULL, '2025-09-23 09:21:23', '2025-09-23 09:21:23', 'G32'),
(38359, 289, 9, '2025-09-19', 1, 0.840000, 1, 'shift', NULL, NULL, '2025-09-23 09:21:23', '2025-09-23 09:21:23', 'G34'),
(38360, 290, 9, '2025-09-19', 1, 0.000000, 1, 'shift', NULL, NULL, '2025-09-23 09:21:23', '2025-09-23 09:21:23', 'G35'),
(38361, 291, 9, '2025-09-19', 1, 1.540000, 1, 'shift', NULL, NULL, '2025-09-23 09:21:23', '2025-09-23 09:21:23', 'G36'),
(38362, 292, 9, '2025-09-19', 1, 0.600000, 1, 'shift', NULL, NULL, '2025-09-23 09:21:23', '2025-09-23 09:21:23', 'G37'),
(38363, 293, 9, '2025-09-19', 1, 64.810000, 1, 'shift', NULL, NULL, '2025-09-23 09:21:23', '2025-09-23 09:21:23', 'G38'),
(38364, 294, 9, '2025-09-19', 1, 14855.440000, 1, 'shift', NULL, NULL, '2025-09-23 09:21:23', '2025-09-23 09:21:23', 'G39'),
(38365, 295, 9, '2025-09-19', 1, 10.030000, 1, 'shift', NULL, NULL, '2025-09-23 09:21:23', '2025-09-23 09:21:23', 'G40'),
(38366, 296, 9, '2025-09-19', 1, 1.200000, 1, 'shift', NULL, NULL, '2025-09-23 09:21:23', '2025-09-23 09:21:23', 'G41'),
(38367, 297, 9, '2025-09-19', 1, 64434.380000, 1, 'shift', NULL, NULL, '2025-09-23 09:21:23', '2025-09-23 09:21:23', 'G43'),
(38368, 298, 9, '2025-09-19', 1, 15678.670000, 1, 'shift', NULL, NULL, '2025-09-23 09:21:23', '2025-09-23 09:21:23', 'G44'),
(38369, 299, 9, '2025-09-19', 1, 17225.560000, 1, 'shift', NULL, NULL, '2025-09-23 09:21:23', '2025-09-23 09:21:23', 'G45'),
(38370, 300, 9, '2025-09-19', 1, 20.550000, 1, 'shift', NULL, NULL, '2025-09-23 09:21:23', '2025-09-23 09:21:23', 'G47'),
(38371, 301, 9, '2025-09-19', 1, 0.500000, 1, 'shift', NULL, NULL, '2025-09-23 09:21:23', '2025-09-23 09:21:23', 'G49'),
(38372, 302, 9, '2025-09-19', 1, 0.000000, 1, 'shift', NULL, NULL, '2025-09-23 09:21:23', '2025-09-23 09:21:23', 'G50'),
(38373, 303, 9, '2025-09-19', 1, 44170.460000, 1, 'shift', NULL, NULL, '2025-09-23 09:21:23', '2025-09-23 09:21:23', 'G51'),
(38374, 26, 7, '2025-09-19', 2, 3150.000000, 1, 'shift', NULL, NULL, '2025-09-23 09:21:23', '2025-09-23 09:21:23', 'E11'),
(38375, 27, 7, '2025-09-19', 2, 3150.000000, 1, 'shift', NULL, NULL, '2025-09-23 09:21:23', '2025-09-23 09:21:23', 'E13'),
(38376, 28, 7, '2025-09-19', 2, 7.750000, 1, 'shift', NULL, NULL, '2025-09-23 09:21:23', '2025-09-23 09:21:23', 'E15'),
(38377, 29, 7, '2025-09-19', 2, 0.000000, 1, 'shift', NULL, NULL, '2025-09-23 09:21:23', '2025-09-23 09:21:23', 'E17'),
(38378, 30, 7, '2025-09-19', 2, 0.000000, 1, 'shift', NULL, NULL, '2025-09-23 09:21:23', '2025-09-23 09:21:23', 'E18'),
(38379, 37, 7, '2025-09-19', 2, 895.510000, 1, 'shift', NULL, NULL, '2025-09-23 09:21:23', '2025-09-23 09:21:23', 'E30'),
(38380, 31, 7, '2025-09-19', 2, 0.000000, 1, 'shift', NULL, NULL, '2025-09-23 09:21:23', '2025-09-23 09:21:23', 'E19'),
(38381, 32, 7, '2025-09-19', 2, 0.000000, 1, 'shift', NULL, NULL, '2025-09-23 09:21:23', '2025-09-23 09:21:23', 'E20'),
(38382, 33, 7, '2025-09-19', 2, 0.000000, 1, 'shift', NULL, NULL, '2025-09-23 09:21:23', '2025-09-23 09:21:23', 'E21'),
(38383, 34, 7, '2025-09-19', 2, 0.000000, 1, 'shift', NULL, NULL, '2025-09-23 09:21:23', '2025-09-23 09:21:23', 'E22'),
(38384, 35, 7, '2025-09-19', 2, 406.450000, 1, 'shift', NULL, NULL, '2025-09-23 09:21:23', '2025-09-23 09:21:23', 'E26'),
(38385, 36, 7, '2025-09-19', 2, 1313.260000, 1, 'shift', NULL, NULL, '2025-09-23 09:21:23', '2025-09-23 09:21:23', 'E29'),
(38386, 38, 7, '2025-09-19', 2, 2177.360000, 1, 'shift', NULL, NULL, '2025-09-23 09:21:23', '2025-09-23 09:21:23', 'E31'),
(38387, 39, 7, '2025-09-19', 2, 0.000000, 1, 'shift', NULL, NULL, '2025-09-23 09:21:24', '2025-09-23 09:21:24', 'E33'),
(38388, 40, 7, '2025-09-19', 2, 41.910000, 1, 'shift', NULL, NULL, '2025-09-23 09:21:24', '2025-09-23 09:21:24', 'E34'),
(38389, 41, 7, '2025-09-19', 2, 0.000000, 1, 'shift', NULL, NULL, '2025-09-23 09:21:24', '2025-09-23 09:21:24', 'E35'),
(38390, 42, 7, '2025-09-19', 2, 245.000000, 1, 'shift', NULL, NULL, '2025-09-23 09:21:24', '2025-09-23 09:21:24', 'E36'),
(38391, 43, 7, '2025-09-19', 2, 46.900000, 1, 'shift', NULL, NULL, '2025-09-23 09:21:24', '2025-09-23 09:21:24', 'E37'),
(38392, 44, 7, '2025-09-19', 2, 2511.170000, 1, 'shift', NULL, NULL, '2025-09-23 09:21:24', '2025-09-23 09:21:24', 'E39'),
(38393, 45, 7, '2025-09-19', 2, 2.050000, 1, 'shift', NULL, NULL, '2025-09-23 09:21:24', '2025-09-23 09:21:24', 'E41'),
(38394, 46, 7, '2025-09-19', 2, 0.500000, 1, 'shift', NULL, NULL, '2025-09-23 09:21:24', '2025-09-23 09:21:24', 'E42'),
(38395, 47, 7, '2025-09-19', 2, 0.450000, 1, 'shift', NULL, NULL, '2025-09-23 09:21:24', '2025-09-23 09:21:24', 'E44'),
(38396, 48, 7, '2025-09-19', 2, 0.110000, 1, 'shift', NULL, NULL, '2025-09-23 09:21:24', '2025-09-23 09:21:24', 'E45'),
(38397, 49, 7, '2025-09-19', 2, 2.610000, 1, 'shift', NULL, NULL, '2025-09-23 09:21:24', '2025-09-23 09:21:24', 'E48'),
(38398, 50, 7, '2025-09-19', 2, 0.640000, 1, 'shift', NULL, NULL, '2025-09-23 09:21:24', '2025-09-23 09:21:24', 'E49'),
(38399, 51, 7, '2025-09-19', 2, 1020.670000, 1, 'shift', NULL, NULL, '2025-09-23 09:21:24', '2025-09-23 09:21:24', 'E50'),
(38400, 52, 7, '2025-09-19', 2, 0.120000, 1, 'shift', NULL, NULL, '2025-09-23 09:21:24', '2025-09-23 09:21:24', 'E51'),
(38401, 53, 7, '2025-09-19', 2, 2530.450000, 1, 'shift', NULL, NULL, '2025-09-23 09:21:24', '2025-09-23 09:21:24', 'E52'),
(38402, 278, 7, '2025-09-19', 2, 0.000000, 1, 'shift', NULL, NULL, '2025-09-23 09:21:24', '2025-09-23 09:21:24', 'E19'),
(38403, 26, 8, '2025-09-19', 2, 2205.000000, 1, 'shift', NULL, NULL, '2025-09-23 09:21:24', '2025-09-23 09:21:24', 'F11'),
(38404, 27, 8, '2025-09-19', 2, 2205.000000, 1, 'shift', NULL, NULL, '2025-09-23 09:21:24', '2025-09-23 09:21:24', 'F13'),
(38405, 28, 8, '2025-09-19', 2, 8.000000, 1, 'shift', NULL, NULL, '2025-09-23 09:21:24', '2025-09-23 09:21:24', 'F15'),
(38406, 29, 8, '2025-09-19', 2, 0.000000, 1, 'shift', NULL, NULL, '2025-09-23 09:21:24', '2025-09-23 09:21:24', 'F17'),
(38407, 30, 8, '2025-09-19', 2, 0.000000, 1, 'shift', NULL, NULL, '2025-09-23 09:21:24', '2025-09-23 09:21:24', 'F18'),
(38408, 37, 8, '2025-09-19', 2, 625.730000, 1, 'shift', NULL, NULL, '2025-09-23 09:21:24', '2025-09-23 09:21:24', 'F30'),
(38409, 31, 8, '2025-09-19', 2, 0.000000, 1, 'shift', NULL, NULL, '2025-09-23 09:21:24', '2025-09-23 09:21:24', 'F19'),
(38410, 32, 8, '2025-09-19', 2, 0.000000, 1, 'shift', NULL, NULL, '2025-09-23 09:21:24', '2025-09-23 09:21:24', 'F20'),
(38411, 33, 8, '2025-09-19', 2, 0.000000, 1, 'shift', NULL, NULL, '2025-09-23 09:21:24', '2025-09-23 09:21:24', 'F21'),
(38412, 34, 8, '2025-09-19', 2, 0.000000, 1, 'shift', NULL, NULL, '2025-09-23 09:21:24', '2025-09-23 09:21:24', 'F22'),
(38413, 35, 8, '2025-09-19', 2, 275.630000, 1, 'shift', NULL, NULL, '2025-09-23 09:21:24', '2025-09-23 09:21:24', 'F26'),
(38414, 36, 8, '2025-09-19', 2, 908.590000, 1, 'shift', NULL, NULL, '2025-09-23 09:21:24', '2025-09-23 09:21:24', 'F29'),
(38415, 38, 8, '2025-09-19', 2, 2200.360000, 1, 'shift', NULL, NULL, '2025-09-23 09:21:24', '2025-09-23 09:21:24', 'F31'),
(38416, 39, 8, '2025-09-19', 2, 0.000000, 1, 'shift', NULL, NULL, '2025-09-23 09:21:24', '2025-09-23 09:21:24', 'F33'),
(38417, 40, 8, '2025-09-19', 2, 42.360000, 1, 'shift', NULL, NULL, '2025-09-23 09:21:24', '2025-09-23 09:21:24', 'F34'),
(38418, 41, 8, '2025-09-19', 2, 0.000000, 1, 'shift', NULL, NULL, '2025-09-23 09:21:24', '2025-09-23 09:21:24', 'F35'),
(38419, 42, 8, '2025-09-19', 2, 0.000000, 1, 'shift', NULL, NULL, '2025-09-23 09:21:24', '2025-09-23 09:21:24', 'F36'),
(38420, 43, 8, '2025-09-19', 2, 46.900000, 1, 'shift', NULL, NULL, '2025-09-23 09:21:24', '2025-09-23 09:21:24', 'F37'),
(38421, 44, 8, '2025-09-19', 2, 2289.610000, 1, 'shift', NULL, NULL, '2025-09-23 09:21:24', '2025-09-23 09:21:24', 'F39'),
(38422, 45, 8, '2025-09-19', 2, 1.750000, 1, 'shift', NULL, NULL, '2025-09-23 09:21:24', '2025-09-23 09:21:24', 'F41'),
(38423, 46, 8, '2025-09-19', 2, 0.630000, 1, 'shift', NULL, NULL, '2025-09-23 09:21:24', '2025-09-23 09:21:24', 'F42'),
(38424, 47, 8, '2025-09-19', 2, 0.450000, 1, 'shift', NULL, NULL, '2025-09-23 09:21:24', '2025-09-23 09:21:24', 'F44'),
(38425, 48, 8, '2025-09-19', 2, 0.160000, 1, 'shift', NULL, NULL, '2025-09-23 09:21:24', '2025-09-23 09:21:24', 'F45'),
(38426, 49, 8, '2025-09-19', 2, 2.290000, 1, 'shift', NULL, NULL, '2025-09-23 09:21:24', '2025-09-23 09:21:24', 'F48'),
(38427, 50, 8, '2025-09-19', 2, 0.830000, 1, 'shift', NULL, NULL, '2025-09-23 09:21:24', '2025-09-23 09:21:24', 'F49'),
(38428, 51, 8, '2025-09-19', 2, 631.070000, 1, 'shift', NULL, NULL, '2025-09-23 09:21:24', '2025-09-23 09:21:24', 'F50'),
(38429, 52, 8, '2025-09-19', 2, 0.200000, 1, 'shift', NULL, NULL, '2025-09-23 09:21:24', '2025-09-23 09:21:24', 'F51'),
(38430, 53, 8, '2025-09-19', 2, 2313.360000, 1, 'shift', NULL, NULL, '2025-09-23 09:21:24', '2025-09-23 09:21:24', 'F52'),
(38431, 278, 8, '2025-09-19', 2, 0.000000, 1, 'shift', NULL, NULL, '2025-09-23 09:21:24', '2025-09-23 09:21:24', 'F19'),
(38432, 26, 9, '2025-09-19', 2, 5355.000000, 1, 'shift', NULL, NULL, '2025-09-23 09:21:24', '2025-09-23 09:21:24', 'G11'),
(38433, 27, 9, '2025-09-19', 2, 5355.000000, 1, 'shift', NULL, NULL, '2025-09-23 09:21:24', '2025-09-23 09:21:24', 'G13'),
(38434, 28, 9, '2025-09-19', 2, 15.750000, 1, 'shift', NULL, NULL, '2025-09-23 09:21:24', '2025-09-23 09:21:24', 'G15'),
(38435, 29, 9, '2025-09-19', 2, 0.000000, 1, 'shift', NULL, NULL, '2025-09-23 09:21:24', '2025-09-23 09:21:24', 'G17'),
(38436, 30, 9, '2025-09-19', 2, 0.000000, 1, 'shift', NULL, NULL, '2025-09-23 09:21:24', '2025-09-23 09:21:24', 'G18'),
(38437, 37, 9, '2025-09-19', 2, 758.480000, 1, 'shift', NULL, NULL, '2025-09-23 09:21:24', '2025-09-23 09:21:24', 'G30'),
(38438, 31, 9, '2025-09-19', 2, 0.000000, 1, 'shift', NULL, NULL, '2025-09-23 09:21:24', '2025-09-23 09:21:24', 'G19'),
(38439, 32, 9, '2025-09-19', 2, 0.000000, 1, 'shift', NULL, NULL, '2025-09-23 09:21:24', '2025-09-23 09:21:24', 'G20'),
(38440, 33, 9, '2025-09-19', 2, 0.000000, 1, 'shift', NULL, NULL, '2025-09-23 09:21:24', '2025-09-23 09:21:24', 'G21'),
(38441, 34, 9, '2025-09-19', 2, 0.000000, 1, 'shift', NULL, NULL, '2025-09-23 09:21:24', '2025-09-23 09:21:24', 'G22'),
(38442, 35, 9, '2025-09-19', 2, 340.000000, 1, 'shift', NULL, NULL, '2025-09-23 09:21:24', '2025-09-23 09:21:24', 'G26'),
(38443, 36, 9, '2025-09-19', 2, 1107.720000, 1, 'shift', NULL, NULL, '2025-09-23 09:21:24', '2025-09-23 09:21:24', 'G29'),
(38444, 38, 9, '2025-09-19', 2, 0.000000, 1, 'shift', NULL, NULL, '2025-09-23 09:21:24', '2025-09-23 09:21:24', 'G31'),
(38445, 39, 9, '2025-09-19', 2, 0.000000, 1, 'shift', NULL, NULL, '2025-09-23 09:21:24', '2025-09-23 09:21:24', 'G33'),
(38446, 40, 9, '2025-09-19', 2, 0.000000, 1, 'shift', NULL, NULL, '2025-09-23 09:21:24', '2025-09-23 09:21:24', 'G34'),
(38447, 41, 9, '2025-09-19', 2, 0.000000, 1, 'shift', NULL, NULL, '2025-09-23 09:21:24', '2025-09-23 09:21:24', 'G35'),
(38448, 42, 9, '2025-09-19', 2, 0.000000, 1, 'shift', NULL, NULL, '2025-09-23 09:21:24', '2025-09-23 09:21:24', 'G36'),
(38449, 43, 9, '2025-09-19', 2, 0.000000, 1, 'shift', NULL, NULL, '2025-09-23 09:21:24', '2025-09-23 09:21:24', 'G37'),
(38450, 44, 9, '2025-09-19', 2, 2419.940000, 1, 'shift', NULL, NULL, '2025-09-23 09:21:24', '2025-09-23 09:21:24', 'G39'),
(38451, 45, 9, '2025-09-19', 2, 3.800000, 1, 'shift', NULL, NULL, '2025-09-23 09:21:24', '2025-09-23 09:21:24', 'G41'),
(38452, 46, 9, '2025-09-19', 2, 0.000000, 1, 'shift', NULL, NULL, '2025-09-23 09:21:24', '2025-09-23 09:21:24', 'G42'),
(38453, 47, 9, '2025-09-19', 2, 0.000000, 1, 'shift', NULL, NULL, '2025-09-23 09:21:24', '2025-09-23 09:21:24', 'G44'),
(38454, 48, 9, '2025-09-19', 2, 0.000000, 1, 'shift', NULL, NULL, '2025-09-23 09:21:24', '2025-09-23 09:21:24', 'G45'),
(38455, 49, 9, '2025-09-19', 2, 4.900000, 1, 'shift', NULL, NULL, '2025-09-23 09:21:24', '2025-09-23 09:21:24', 'G48'),
(38456, 50, 9, '2025-09-19', 2, 0.720000, 1, 'shift', NULL, NULL, '2025-09-23 09:21:24', '2025-09-23 09:21:24', 'G49'),
(38457, 51, 9, '2025-09-19', 2, 822.780000, 1, 'shift', NULL, NULL, '2025-09-23 09:21:24', '2025-09-23 09:21:24', 'G50'),
(38458, 52, 9, '2025-09-19', 2, 0.150000, 1, 'shift', NULL, NULL, '2025-09-23 09:21:24', '2025-09-23 09:21:24', 'G51'),
(38459, 53, 9, '2025-09-19', 2, 2441.160000, 1, 'shift', NULL, NULL, '2025-09-23 09:21:24', '2025-09-23 09:21:24', 'G52'),
(38460, 271, 9, '2025-09-19', 2, 0.000000, 1, 'shift', NULL, NULL, '2025-09-23 09:21:24', '2025-09-23 09:21:24', 'G12'),
(38461, 272, 9, '2025-09-19', 2, 0.000000, 1, 'shift', NULL, NULL, '2025-09-23 09:21:24', '2025-09-23 09:21:24', 'G13'),
(38462, 278, 9, '2025-09-19', 2, 21.130000, 1, 'shift', NULL, NULL, '2025-09-23 09:21:24', '2025-09-23 09:21:24', 'G19'),
(38463, 275, 7, '2025-09-19', 2, 0.000000, 1, 'shift', NULL, NULL, '2025-09-23 09:21:24', '2025-09-23 09:21:24', 'E16'),
(38464, 277, 7, '2025-09-19', 2, 7.750000, 1, 'shift', NULL, NULL, '2025-09-23 09:21:24', '2025-09-23 09:21:24', 'E18'),
(38465, 279, 7, '2025-09-19', 2, 0.000000, 1, 'shift', NULL, NULL, '2025-09-23 09:21:24', '2025-09-23 09:21:24', 'E21'),
(38466, 280, 7, '2025-09-19', 2, 393.750000, 1, 'shift', NULL, NULL, '2025-09-23 09:21:24', '2025-09-23 09:21:24', 'E22'),
(38467, 281, 7, '2025-09-19', 2, 0.000000, 1, 'shift', NULL, NULL, '2025-09-23 09:21:24', '2025-09-23 09:21:24', 'E23'),
(38468, 282, 7, '2025-09-19', 2, 0.000000, 1, 'shift', NULL, NULL, '2025-09-23 09:21:24', '2025-09-23 09:21:24', 'E24'),
(38469, 283, 7, '2025-09-19', 2, 0.000000, 1, 'shift', NULL, NULL, '2025-09-23 09:21:24', '2025-09-23 09:21:24', 'E25'),
(38470, 284, 7, '2025-09-19', 2, 0.000000, 1, 'shift', NULL, NULL, '2025-09-23 09:21:24', '2025-09-23 09:21:24', 'E26'),
(38471, 285, 7, '2025-09-19', 2, 0.000000, 1, 'shift', NULL, NULL, '2025-09-23 09:21:24', '2025-09-23 09:21:24', 'E27'),
(38472, 286, 7, '2025-09-19', 2, 0.000000, 1, 'shift', NULL, NULL, '2025-09-23 09:21:24', '2025-09-23 09:21:24', 'E28'),
(38473, 288, 7, '2025-09-19', 2, 52.600000, 1, 'shift', NULL, NULL, '2025-09-23 09:21:24', '2025-09-23 09:21:24', 'E32'),
(38474, 289, 7, '2025-09-19', 2, 0.000000, 1, 'shift', NULL, NULL, '2025-09-23 09:21:24', '2025-09-23 09:21:24', 'E34'),
(38475, 290, 7, '2025-09-19', 2, 0.000000, 1, 'shift', NULL, NULL, '2025-09-23 09:21:24', '2025-09-23 09:21:24', 'E35'),
(38476, 291, 7, '2025-09-19', 2, 0.000000, 1, 'shift', NULL, NULL, '2025-09-23 09:21:24', '2025-09-23 09:21:24', 'E36'),
(38477, 292, 7, '2025-09-19', 2, 0.000000, 1, 'shift', NULL, NULL, '2025-09-23 09:21:24', '2025-09-23 09:21:24', 'E37'),
(38478, 293, 7, '2025-09-19', 2, 0.000000, 1, 'shift', NULL, NULL, '2025-09-23 09:21:24', '2025-09-23 09:21:24', 'E38'),
(38479, 294, 7, '2025-09-19', 2, 0.000000, 1, 'shift', NULL, NULL, '2025-09-23 09:21:24', '2025-09-23 09:21:24', 'E39'),
(38480, 295, 7, '2025-09-19', 2, 0.000000, 1, 'shift', NULL, NULL, '2025-09-23 09:21:24', '2025-09-23 09:21:24', 'E40'),
(38481, 296, 7, '2025-09-19', 2, 1.200000, 1, 'shift', NULL, NULL, '2025-09-23 09:21:24', '2025-09-23 09:21:24', 'E41'),
(38482, 297, 7, '2025-09-19', 2, 0.000000, 1, 'shift', NULL, NULL, '2025-09-23 09:21:24', '2025-09-23 09:21:24', 'E43'),
(38483, 298, 7, '2025-09-19', 2, 0.000000, 1, 'shift', NULL, NULL, '2025-09-23 09:21:24', '2025-09-23 09:21:24', 'E44'),
(38484, 299, 7, '2025-09-19', 2, 0.000000, 1, 'shift', NULL, NULL, '2025-09-23 09:21:24', '2025-09-23 09:21:24', 'E45'),
(38485, 300, 7, '2025-09-19', 2, 0.000000, 1, 'shift', NULL, NULL, '2025-09-23 09:21:24', '2025-09-23 09:21:24', 'E47'),
(38486, 301, 7, '2025-09-19', 2, 0.000000, 1, 'shift', NULL, NULL, '2025-09-23 09:21:24', '2025-09-23 09:21:24', 'E49'),
(38487, 302, 7, '2025-09-19', 2, 0.000000, 1, 'shift', NULL, NULL, '2025-09-23 09:21:24', '2025-09-23 09:21:24', 'E50'),
(38488, 303, 7, '2025-09-19', 2, 393.750000, 1, 'shift', NULL, NULL, '2025-09-23 09:21:24', '2025-09-23 09:21:24', 'E51'),
(38489, 275, 8, '2025-09-19', 2, 0.000000, 1, 'shift', NULL, NULL, '2025-09-23 09:21:24', '2025-09-23 09:21:24', 'F16'),
(38490, 277, 8, '2025-09-19', 2, 8.000000, 1, 'shift', NULL, NULL, '2025-09-23 09:21:24', '2025-09-23 09:21:24', 'F18'),
(38491, 279, 8, '2025-09-19', 2, 1024.780000, 1, 'shift', NULL, NULL, '2025-09-23 09:21:24', '2025-09-23 09:21:24', 'F21'),
(38492, 280, 8, '2025-09-19', 2, 354.380000, 1, 'shift', NULL, NULL, '2025-09-23 09:21:24', '2025-09-23 09:21:24', 'F22'),
(38493, 281, 8, '2025-09-19', 2, 0.000000, 1, 'shift', NULL, NULL, '2025-09-23 09:21:24', '2025-09-23 09:21:24', 'F23'),
(38494, 282, 8, '2025-09-19', 2, 8993.130000, 1, 'shift', NULL, NULL, '2025-09-23 09:21:24', '2025-09-23 09:21:24', 'F24'),
(38495, 283, 8, '2025-09-19', 2, 0.000000, 1, 'shift', NULL, NULL, '2025-09-23 09:21:24', '2025-09-23 09:21:24', 'F25'),
(38496, 284, 8, '2025-09-19', 2, 0.000000, 1, 'shift', NULL, NULL, '2025-09-23 09:21:24', '2025-09-23 09:21:24', 'F26'),
(38497, 285, 8, '2025-09-19', 2, 0.000000, 1, 'shift', NULL, NULL, '2025-09-23 09:21:24', '2025-09-23 09:21:24', 'F27'),
(38498, 286, 8, '2025-09-19', 2, 0.000000, 1, 'shift', NULL, NULL, '2025-09-23 09:21:24', '2025-09-23 09:21:24', 'F28'),
(38499, 288, 8, '2025-09-19', 2, 76.560000, 1, 'shift', NULL, NULL, '2025-09-23 09:21:24', '2025-09-23 09:21:24', 'F32'),
(38500, 289, 8, '2025-09-19', 2, 0.840000, 1, 'shift', NULL, NULL, '2025-09-23 09:21:24', '2025-09-23 09:21:24', 'F34'),
(38501, 290, 8, '2025-09-19', 2, -0.110000, 1, 'shift', NULL, NULL, '2025-09-23 09:21:24', '2025-09-23 09:21:24', 'F35'),
(38502, 291, 8, '2025-09-19', 2, 6.150000, 1, 'shift', NULL, NULL, '2025-09-23 09:21:24', '2025-09-23 09:21:24', 'F36'),
(38503, 292, 8, '2025-09-19', 2, 0.600000, 1, 'shift', NULL, NULL, '2025-09-23 09:21:24', '2025-09-23 09:21:24', 'F37'),
(38504, 293, 8, '2025-09-19', 2, 76.680000, 1, 'shift', NULL, NULL, '2025-09-23 09:21:24', '2025-09-23 09:21:24', 'F38'),
(38505, 294, 8, '2025-09-19', 2, 36223.420000, 1, 'shift', NULL, NULL, '2025-09-23 09:21:24', '2025-09-23 09:21:24', 'F39'),
(38506, 295, 8, '2025-09-19', 2, 8.780000, 1, 'shift', NULL, NULL, '2025-09-23 09:21:24', '2025-09-23 09:21:24', 'F40'),
(38507, 296, 8, '2025-09-19', 2, 1.200000, 1, 'shift', NULL, NULL, '2025-09-23 09:21:24', '2025-09-23 09:21:24', 'F41'),
(38508, 297, 8, '2025-09-19', 2, 310407.000000, 1, 'shift', NULL, NULL, '2025-09-23 09:21:24', '2025-09-23 09:21:24', 'F43'),
(38509, 298, 8, '2025-09-19', 2, 37862.640000, 1, 'shift', NULL, NULL, '2025-09-23 09:21:24', '2025-09-23 09:21:24', 'F44'),
(38510, 299, 8, '2025-09-19', 2, 87592.800000, 1, 'shift', NULL, NULL, '2025-09-23 09:21:24', '2025-09-23 09:21:24', 'F45'),
(38511, 300, 8, '2025-09-19', 2, 40.990000, 1, 'shift', NULL, NULL, '2025-09-23 09:21:24', '2025-09-23 09:21:24', 'F47'),
(38512, 301, 8, '2025-09-19', 2, 0.500000, 1, 'shift', NULL, NULL, '2025-09-23 09:21:24', '2025-09-23 09:21:24', 'F49'),
(38513, 302, 8, '2025-09-19', 2, -67363.270000, 1, 'shift', NULL, NULL, '2025-09-23 09:21:24', '2025-09-23 09:21:24', 'F50'),
(38514, 303, 8, '2025-09-19', 2, 87947.180000, 1, 'shift', NULL, NULL, '2025-09-23 09:21:24', '2025-09-23 09:21:24', 'F51'),
(38515, 275, 9, '2025-09-19', 2, 0.000000, 1, 'shift', NULL, NULL, '2025-09-23 09:21:24', '2025-09-23 09:21:24', 'G16'),
(38516, 277, 9, '2025-09-19', 2, 15.750000, 1, 'shift', NULL, NULL, '2025-09-23 09:21:24', '2025-09-23 09:21:24', 'G18'),
(38517, 279, 9, '2025-09-19', 2, 256.860000, 1, 'shift', NULL, NULL, '2025-09-23 09:21:24', '2025-09-23 09:21:24', 'G21'),
(38518, 280, 9, '2025-09-19', 2, 374.060000, 1, 'shift', NULL, NULL, '2025-09-23 09:21:24', '2025-09-23 09:21:24', 'G22'),
(38519, 281, 9, '2025-09-19', 2, 0.000000, 1, 'shift', NULL, NULL, '2025-09-23 09:21:24', '2025-09-23 09:21:24', 'G23'),
(38520, 282, 9, '2025-09-19', 2, 4496.560000, 1, 'shift', NULL, NULL, '2025-09-23 09:21:24', '2025-09-23 09:21:24', 'G24'),
(38521, 283, 9, '2025-09-19', 2, 0.000000, 1, 'shift', NULL, NULL, '2025-09-23 09:21:24', '2025-09-23 09:21:24', 'G25'),
(38522, 284, 9, '2025-09-19', 2, 0.000000, 1, 'shift', NULL, NULL, '2025-09-23 09:21:24', '2025-09-23 09:21:24', 'G26'),
(38523, 285, 9, '2025-09-19', 2, 0.000000, 1, 'shift', NULL, NULL, '2025-09-23 09:21:24', '2025-09-23 09:21:24', 'G27'),
(38524, 286, 9, '2025-09-19', 2, 0.000000, 1, 'shift', NULL, NULL, '2025-09-23 09:21:24', '2025-09-23 09:21:24', 'G28'),
(38525, 288, 9, '2025-09-19', 2, 64.580000, 1, 'shift', NULL, NULL, '2025-09-23 09:21:24', '2025-09-23 09:21:24', 'G32'),
(38526, 289, 9, '2025-09-19', 2, 0.000000, 1, 'shift', NULL, NULL, '2025-09-23 09:21:24', '2025-09-23 09:21:24', 'G34'),
(38527, 290, 9, '2025-09-19', 2, 0.000000, 1, 'shift', NULL, NULL, '2025-09-23 09:21:24', '2025-09-23 09:21:24', 'G35'),
(38528, 291, 9, '2025-09-19', 2, 1.540000, 1, 'shift', NULL, NULL, '2025-09-23 09:21:24', '2025-09-23 09:21:24', 'G36'),
(38529, 292, 9, '2025-09-19', 2, 0.600000, 1, 'shift', NULL, NULL, '2025-09-23 09:21:24', '2025-09-23 09:21:24', 'G37'),
(38530, 293, 9, '2025-09-19', 2, 64.810000, 1, 'shift', NULL, NULL, '2025-09-23 09:21:24', '2025-09-23 09:21:24', 'G38'),
(38531, 294, 9, '2025-09-19', 2, 14855.440000, 1, 'shift', NULL, NULL, '2025-09-23 09:21:24', '2025-09-23 09:21:24', 'G39'),
(38532, 295, 9, '2025-09-19', 2, 10.030000, 1, 'shift', NULL, NULL, '2025-09-23 09:21:24', '2025-09-23 09:21:24', 'G40'),
(38533, 296, 9, '2025-09-19', 2, 1.200000, 1, 'shift', NULL, NULL, '2025-09-23 09:21:24', '2025-09-23 09:21:24', 'G41'),
(38534, 297, 9, '2025-09-19', 2, 64434.380000, 1, 'shift', NULL, NULL, '2025-09-23 09:21:24', '2025-09-23 09:21:24', 'G43'),
(38535, 298, 9, '2025-09-19', 2, 15678.670000, 1, 'shift', NULL, NULL, '2025-09-23 09:21:24', '2025-09-23 09:21:24', 'G44'),
(38536, 299, 9, '2025-09-19', 2, 17225.560000, 1, 'shift', NULL, NULL, '2025-09-23 09:21:24', '2025-09-23 09:21:24', 'G45'),
(38537, 300, 9, '2025-09-19', 2, 20.550000, 1, 'shift', NULL, NULL, '2025-09-23 09:21:24', '2025-09-23 09:21:24', 'G47'),
(38538, 301, 9, '2025-09-19', 2, 0.500000, 1, 'shift', NULL, NULL, '2025-09-23 09:21:24', '2025-09-23 09:21:24', 'G49'),
(38539, 302, 9, '2025-09-19', 2, -67363.270000, 1, 'shift', NULL, NULL, '2025-09-23 09:21:24', '2025-09-23 09:21:24', 'G50'),
(38540, 303, 9, '2025-09-19', 2, 44865.330000, 1, 'shift', NULL, NULL, '2025-09-23 09:21:24', '2025-09-23 09:21:24', 'G51'),
(38541, 26, 7, '2025-09-19', 3, 3150.000000, 1, 'shift', NULL, NULL, '2025-09-23 09:21:24', '2025-09-23 09:21:24', 'E11'),
(38542, 27, 7, '2025-09-19', 3, 3150.000000, 1, 'shift', NULL, NULL, '2025-09-23 09:21:24', '2025-09-23 09:21:24', 'E13'),
(38543, 28, 7, '2025-09-19', 3, 8.000000, 1, 'shift', NULL, NULL, '2025-09-23 09:21:24', '2025-09-23 09:21:24', 'E15'),
(38544, 29, 7, '2025-09-19', 3, 0.000000, 1, 'shift', NULL, NULL, '2025-09-23 09:21:24', '2025-09-23 09:21:24', 'E17'),
(38545, 30, 7, '2025-09-19', 3, 0.000000, 1, 'shift', NULL, NULL, '2025-09-23 09:21:24', '2025-09-23 09:21:24', 'E18'),
(38546, 37, 7, '2025-09-19', 3, 6552.970000, 1, 'shift', NULL, NULL, '2025-09-23 09:21:24', '2025-09-23 09:21:24', 'E30'),
(38547, 31, 7, '2025-09-19', 3, 0.000000, 1, 'shift', NULL, NULL, '2025-09-23 09:21:24', '2025-09-23 09:21:24', 'E19'),
(38548, 32, 7, '2025-09-19', 3, 0.000000, 1, 'shift', NULL, NULL, '2025-09-23 09:21:24', '2025-09-23 09:21:24', 'E20'),
(38549, 33, 7, '2025-09-19', 3, 0.000000, 1, 'shift', NULL, NULL, '2025-09-23 09:21:24', '2025-09-23 09:21:24', 'E21'),
(38550, 34, 7, '2025-09-19', 3, 0.000000, 1, 'shift', NULL, NULL, '2025-09-23 09:21:24', '2025-09-23 09:21:24', 'E22'),
(38551, 35, 7, '2025-09-19', 3, 393.750000, 1, 'shift', NULL, NULL, '2025-09-23 09:21:24', '2025-09-23 09:21:24', 'E26'),
(38552, 36, 7, '2025-09-19', 3, 1273.970000, 1, 'shift', NULL, NULL, '2025-09-23 09:21:24', '2025-09-23 09:21:24', 'E29'),
(38553, 38, 7, '2025-09-19', 3, 2178.920000, 1, 'shift', NULL, NULL, '2025-09-23 09:21:24', '2025-09-23 09:21:24', 'E31'),
(38554, 39, 7, '2025-09-19', 3, 0.000000, 1, 'shift', NULL, NULL, '2025-09-23 09:21:24', '2025-09-23 09:21:24', 'E33'),
(38555, 40, 7, '2025-09-19', 3, 41.940000, 1, 'shift', NULL, NULL, '2025-09-23 09:21:24', '2025-09-23 09:21:24', 'E34'),
(38556, 41, 7, '2025-09-19', 3, 0.000000, 1, 'shift', NULL, NULL, '2025-09-23 09:21:24', '2025-09-23 09:21:24', 'E35'),
(38557, 42, 7, '2025-09-19', 3, 245.000000, 1, 'shift', NULL, NULL, '2025-09-23 09:21:24', '2025-09-23 09:21:24', 'E36'),
(38558, 43, 7, '2025-09-19', 3, 46.900000, 1, 'shift', NULL, NULL, '2025-09-23 09:21:24', '2025-09-23 09:21:24', 'E37'),
(38559, 44, 7, '2025-09-19', 3, 2512.760000, 1, 'shift', NULL, NULL, '2025-09-23 09:21:24', '2025-09-23 09:21:24', 'E39'),
(38560, 45, 7, '2025-09-19', 3, 2.020000, 1, 'shift', NULL, NULL, '2025-09-23 09:21:24', '2025-09-23 09:21:24', 'E41'),
(38561, 46, 7, '2025-09-19', 3, 0.510000, 1, 'shift', NULL, NULL, '2025-09-23 09:21:24', '2025-09-23 09:21:24', 'E42'),
(38562, 47, 7, '2025-09-19', 3, 0.450000, 1, 'shift', NULL, NULL, '2025-09-23 09:21:24', '2025-09-23 09:21:24', 'E44'),
(38563, 48, 7, '2025-09-19', 3, 0.110000, 1, 'shift', NULL, NULL, '2025-09-23 09:21:24', '2025-09-23 09:21:24', 'E45'),
(38564, 49, 7, '2025-09-19', 3, 2.580000, 1, 'shift', NULL, NULL, '2025-09-23 09:21:24', '2025-09-23 09:21:24', 'E48'),
(38565, 50, 7, '2025-09-19', 3, 0.650000, 1, 'shift', NULL, NULL, '2025-09-23 09:21:24', '2025-09-23 09:21:24', 'E49'),
(38566, 51, 7, '2025-09-19', 3, 989.400000, 1, 'shift', NULL, NULL, '2025-09-23 09:21:24', '2025-09-23 09:21:24', 'E50'),
(38567, 52, 7, '2025-09-19', 3, 0.130000, 1, 'shift', NULL, NULL, '2025-09-23 09:21:24', '2025-09-23 09:21:24', 'E51'),
(38568, 53, 7, '2025-09-19', 3, 2532.480000, 1, 'shift', NULL, NULL, '2025-09-23 09:21:24', '2025-09-23 09:21:24', 'E52'),
(38569, 278, 7, '2025-09-19', 3, 0.000000, 1, 'shift', NULL, NULL, '2025-09-23 09:21:24', '2025-09-23 09:21:24', 'E19'),
(38570, 26, 8, '2025-09-19', 3, 4095.000000, 1, 'shift', NULL, NULL, '2025-09-23 09:21:24', '2025-09-23 09:21:24', 'F11'),
(38571, 27, 8, '2025-09-19', 3, 4095.000000, 1, 'shift', NULL, NULL, '2025-09-23 09:21:24', '2025-09-23 09:21:24', 'F13'),
(38572, 28, 8, '2025-09-19', 3, 8.000000, 1, 'shift', NULL, NULL, '2025-09-23 09:21:24', '2025-09-23 09:21:24', 'F15'),
(38573, 29, 8, '2025-09-19', 3, 0.000000, 1, 'shift', NULL, NULL, '2025-09-23 09:21:24', '2025-09-23 09:21:24', 'F17'),
(38574, 30, 8, '2025-09-19', 3, 0.000000, 1, 'shift', NULL, NULL, '2025-09-23 09:21:24', '2025-09-23 09:21:24', 'F18'),
(38575, 37, 8, '2025-09-19', 3, 8501.660000, 1, 'shift', NULL, NULL, '2025-09-23 09:21:24', '2025-09-23 09:21:24', 'F30'),
(38576, 31, 8, '2025-09-19', 3, 0.000000, 1, 'shift', NULL, NULL, '2025-09-23 09:21:24', '2025-09-23 09:21:24', 'F19'),
(38577, 32, 8, '2025-09-19', 3, 0.000000, 1, 'shift', NULL, NULL, '2025-09-23 09:21:24', '2025-09-23 09:21:24', 'F20'),
(38578, 33, 8, '2025-09-19', 3, 0.000000, 1, 'shift', NULL, NULL, '2025-09-23 09:21:24', '2025-09-23 09:21:24', 'F21'),
(38579, 34, 8, '2025-09-19', 3, 0.000000, 1, 'shift', NULL, NULL, '2025-09-23 09:21:24', '2025-09-23 09:21:24', 'F22'),
(38580, 35, 8, '2025-09-19', 3, 511.880000, 1, 'shift', NULL, NULL, '2025-09-23 09:21:24', '2025-09-23 09:21:24', 'F26'),
(38581, 36, 8, '2025-09-19', 3, 1639.350000, 1, 'shift', NULL, NULL, '2025-09-23 09:21:24', '2025-09-23 09:21:24', 'F29'),
(38582, 38, 8, '2025-09-19', 3, 2167.370000, 1, 'shift', NULL, NULL, '2025-09-23 09:21:24', '2025-09-23 09:21:24', 'F31'),
(38583, 39, 8, '2025-09-19', 3, 0.000000, 1, 'shift', NULL, NULL, '2025-09-23 09:21:24', '2025-09-23 09:21:24', 'F33'),
(38584, 40, 8, '2025-09-19', 3, 41.720000, 1, 'shift', NULL, NULL, '2025-09-23 09:21:24', '2025-09-23 09:21:24', 'F34'),
(38585, 41, 8, '2025-09-19', 3, 0.000000, 1, 'shift', NULL, NULL, '2025-09-23 09:21:24', '2025-09-23 09:21:24', 'F35'),
(38586, 42, 8, '2025-09-19', 3, 0.000000, 1, 'shift', NULL, NULL, '2025-09-23 09:21:24', '2025-09-23 09:21:24', 'F36'),
(38587, 43, 8, '2025-09-19', 3, 46.900000, 1, 'shift', NULL, NULL, '2025-09-23 09:21:24', '2025-09-23 09:21:24', 'F37'),
(38588, 44, 8, '2025-09-19', 3, 2256.000000, 1, 'shift', NULL, NULL, '2025-09-23 09:21:24', '2025-09-23 09:21:24', 'F39'),
(38589, 45, 8, '2025-09-19', 3, 2.290000, 1, 'shift', NULL, NULL, '2025-09-23 09:21:24', '2025-09-23 09:21:24', 'F41'),
(38590, 46, 8, '2025-09-19', 3, 0.450000, 1, 'shift', NULL, NULL, '2025-09-23 09:21:24', '2025-09-23 09:21:24', 'F42'),
(38591, 47, 8, '2025-09-19', 3, 0.450000, 1, 'shift', NULL, NULL, '2025-09-23 09:21:24', '2025-09-23 09:21:24', 'F44'),
(38592, 48, 8, '2025-09-19', 3, 0.090000, 1, 'shift', NULL, NULL, '2025-09-23 09:21:24', '2025-09-23 09:21:24', 'F45'),
(38593, 49, 8, '2025-09-19', 3, 2.860000, 1, 'shift', NULL, NULL, '2025-09-23 09:21:24', '2025-09-23 09:21:24', 'F48'),
(38594, 50, 8, '2025-09-19', 3, 0.560000, 1, 'shift', NULL, NULL, '2025-09-23 09:21:24', '2025-09-23 09:21:24', 'F49'),
(38595, 51, 8, '2025-09-19', 3, 1154.790000, 1, 'shift', NULL, NULL, '2025-09-23 09:21:24', '2025-09-23 09:21:24', 'F50'),
(38596, 52, 8, '2025-09-19', 3, 0.110000, 1, 'shift', NULL, NULL, '2025-09-23 09:21:24', '2025-09-23 09:21:24', 'F51'),
(38597, 53, 8, '2025-09-19', 3, 2271.110000, 1, 'shift', NULL, NULL, '2025-09-23 09:21:24', '2025-09-23 09:21:24', 'F52'),
(38598, 278, 8, '2025-09-19', 3, 0.000000, 1, 'shift', NULL, NULL, '2025-09-23 09:21:24', '2025-09-23 09:21:24', 'F19'),
(38599, 26, 9, '2025-09-19', 3, 7245.000000, 1, 'shift', NULL, NULL, '2025-09-23 09:21:24', '2025-09-23 09:21:24', 'G11'),
(38600, 27, 9, '2025-09-19', 3, 7245.000000, 1, 'shift', NULL, NULL, '2025-09-23 09:21:24', '2025-09-23 09:21:24', 'G13'),
(38601, 28, 9, '2025-09-19', 3, 16.000000, 1, 'shift', NULL, NULL, '2025-09-23 09:21:24', '2025-09-23 09:21:24', 'G15'),
(38602, 29, 9, '2025-09-19', 3, 0.000000, 1, 'shift', NULL, NULL, '2025-09-23 09:21:24', '2025-09-23 09:21:24', 'G17'),
(38603, 30, 9, '2025-09-19', 3, 0.000000, 1, 'shift', NULL, NULL, '2025-09-23 09:21:24', '2025-09-23 09:21:24', 'G18'),
(38604, 37, 9, '2025-09-19', 3, 7527.320000, 1, 'shift', NULL, NULL, '2025-09-23 09:21:24', '2025-09-23 09:21:24', 'G30'),
(38605, 31, 9, '2025-09-19', 3, 0.000000, 1, 'shift', NULL, NULL, '2025-09-23 09:21:24', '2025-09-23 09:21:24', 'G19'),
(38606, 32, 9, '2025-09-19', 3, 0.000000, 1, 'shift', NULL, NULL, '2025-09-23 09:21:24', '2025-09-23 09:21:24', 'G20'),
(38607, 33, 9, '2025-09-19', 3, 0.000000, 1, 'shift', NULL, NULL, '2025-09-23 09:21:24', '2025-09-23 09:21:24', 'G21'),
(38608, 34, 9, '2025-09-19', 3, 0.000000, 1, 'shift', NULL, NULL, '2025-09-23 09:21:24', '2025-09-23 09:21:24', 'G22');
INSERT INTO `tg_result_values` (`id`, `param_id`, `tg_id`, `date`, `shift_id`, `value`, `user_id`, `period_type`, `period_start`, `period_end`, `created_at`, `updated_at`, `cell`) VALUES
(38609, 35, 9, '2025-09-19', 3, 452.810000, 1, 'shift', NULL, NULL, '2025-09-23 09:21:24', '2025-09-23 09:21:24', 'G26'),
(38610, 36, 9, '2025-09-19', 3, 1456.660000, 1, 'shift', NULL, NULL, '2025-09-23 09:21:24', '2025-09-23 09:21:24', 'G29'),
(38611, 38, 9, '2025-09-19', 3, 0.000000, 1, 'shift', NULL, NULL, '2025-09-23 09:21:24', '2025-09-23 09:21:24', 'G31'),
(38612, 39, 9, '2025-09-19', 3, 0.000000, 1, 'shift', NULL, NULL, '2025-09-23 09:21:24', '2025-09-23 09:21:24', 'G33'),
(38613, 40, 9, '2025-09-19', 3, 0.000000, 1, 'shift', NULL, NULL, '2025-09-23 09:21:24', '2025-09-23 09:21:24', 'G34'),
(38614, 41, 9, '2025-09-19', 3, 0.000000, 1, 'shift', NULL, NULL, '2025-09-23 09:21:24', '2025-09-23 09:21:24', 'G35'),
(38615, 42, 9, '2025-09-19', 3, 0.000000, 1, 'shift', NULL, NULL, '2025-09-23 09:21:24', '2025-09-23 09:21:24', 'G36'),
(38616, 43, 9, '2025-09-19', 3, 0.000000, 1, 'shift', NULL, NULL, '2025-09-23 09:21:24', '2025-09-23 09:21:24', 'G37'),
(38617, 44, 9, '2025-09-19', 3, 2367.630000, 1, 'shift', NULL, NULL, '2025-09-23 09:21:24', '2025-09-23 09:21:24', 'G39'),
(38618, 45, 9, '2025-09-19', 3, 4.310000, 1, 'shift', NULL, NULL, '2025-09-23 09:21:24', '2025-09-23 09:21:24', 'G41'),
(38619, 46, 9, '2025-09-19', 3, 0.000000, 1, 'shift', NULL, NULL, '2025-09-23 09:21:24', '2025-09-23 09:21:24', 'G42'),
(38620, 47, 9, '2025-09-19', 3, 0.000000, 1, 'shift', NULL, NULL, '2025-09-23 09:21:24', '2025-09-23 09:21:24', 'G44'),
(38621, 48, 9, '2025-09-19', 3, 0.000000, 1, 'shift', NULL, NULL, '2025-09-23 09:21:24', '2025-09-23 09:21:24', 'G45'),
(38622, 49, 9, '2025-09-19', 3, 5.440000, 1, 'shift', NULL, NULL, '2025-09-23 09:21:24', '2025-09-23 09:21:24', 'G48'),
(38623, 50, 9, '2025-09-19', 3, 0.600000, 1, 'shift', NULL, NULL, '2025-09-23 09:21:24', '2025-09-23 09:21:24', 'G49'),
(38624, 51, 9, '2025-09-19', 3, 1072.090000, 1, 'shift', NULL, NULL, '2025-09-23 09:21:24', '2025-09-23 09:21:24', 'G50'),
(38625, 52, 9, '2025-09-19', 3, 0.120000, 1, 'shift', NULL, NULL, '2025-09-23 09:21:24', '2025-09-23 09:21:24', 'G51'),
(38626, 53, 9, '2025-09-19', 3, 2384.690000, 1, 'shift', NULL, NULL, '2025-09-23 09:21:24', '2025-09-23 09:21:24', 'G52'),
(38627, 271, 9, '2025-09-19', 3, 0.000000, 1, 'shift', NULL, NULL, '2025-09-23 09:21:24', '2025-09-23 09:21:24', 'G12'),
(38628, 272, 9, '2025-09-19', 3, 0.000000, 1, 'shift', NULL, NULL, '2025-09-23 09:21:24', '2025-09-23 09:21:24', 'G13'),
(38629, 278, 9, '2025-09-19', 3, 21.130000, 1, 'shift', NULL, NULL, '2025-09-23 09:21:24', '2025-09-23 09:21:24', 'G19'),
(38630, 275, 7, '2025-09-19', 3, 0.000000, 1, 'shift', NULL, NULL, '2025-09-23 09:21:24', '2025-09-23 09:21:24', 'E16'),
(38631, 277, 7, '2025-09-19', 3, 8.000000, 1, 'shift', NULL, NULL, '2025-09-23 09:21:24', '2025-09-23 09:21:24', 'E18'),
(38632, 279, 7, '2025-09-19', 3, 0.000000, 1, 'shift', NULL, NULL, '2025-09-23 09:21:24', '2025-09-23 09:21:24', 'E21'),
(38633, 280, 7, '2025-09-19', 3, 393.750000, 1, 'shift', NULL, NULL, '2025-09-23 09:21:24', '2025-09-23 09:21:24', 'E22'),
(38634, 281, 7, '2025-09-19', 3, 0.000000, 1, 'shift', NULL, NULL, '2025-09-23 09:21:24', '2025-09-23 09:21:24', 'E23'),
(38635, 282, 7, '2025-09-19', 3, 0.000000, 1, 'shift', NULL, NULL, '2025-09-23 09:21:24', '2025-09-23 09:21:24', 'E24'),
(38636, 283, 7, '2025-09-19', 3, 0.000000, 1, 'shift', NULL, NULL, '2025-09-23 09:21:24', '2025-09-23 09:21:24', 'E25'),
(38637, 284, 7, '2025-09-19', 3, 0.000000, 1, 'shift', NULL, NULL, '2025-09-23 09:21:24', '2025-09-23 09:21:24', 'E26'),
(38638, 285, 7, '2025-09-19', 3, 0.000000, 1, 'shift', NULL, NULL, '2025-09-23 09:21:24', '2025-09-23 09:21:24', 'E27'),
(38639, 286, 7, '2025-09-19', 3, 0.000000, 1, 'shift', NULL, NULL, '2025-09-23 09:21:24', '2025-09-23 09:21:24', 'E28'),
(38640, 288, 7, '2025-09-19', 3, 52.600000, 1, 'shift', NULL, NULL, '2025-09-23 09:21:24', '2025-09-23 09:21:24', 'E32'),
(38641, 289, 7, '2025-09-19', 3, 0.000000, 1, 'shift', NULL, NULL, '2025-09-23 09:21:24', '2025-09-23 09:21:24', 'E34'),
(38642, 290, 7, '2025-09-19', 3, 0.000000, 1, 'shift', NULL, NULL, '2025-09-23 09:21:24', '2025-09-23 09:21:24', 'E35'),
(38643, 291, 7, '2025-09-19', 3, 0.000000, 1, 'shift', NULL, NULL, '2025-09-23 09:21:24', '2025-09-23 09:21:24', 'E36'),
(38644, 292, 7, '2025-09-19', 3, 0.000000, 1, 'shift', NULL, NULL, '2025-09-23 09:21:24', '2025-09-23 09:21:24', 'E37'),
(38645, 293, 7, '2025-09-19', 3, 0.000000, 1, 'shift', NULL, NULL, '2025-09-23 09:21:24', '2025-09-23 09:21:24', 'E38'),
(38646, 294, 7, '2025-09-19', 3, 0.000000, 1, 'shift', NULL, NULL, '2025-09-23 09:21:24', '2025-09-23 09:21:24', 'E39'),
(38647, 295, 7, '2025-09-19', 3, 0.000000, 1, 'shift', NULL, NULL, '2025-09-23 09:21:24', '2025-09-23 09:21:24', 'E40'),
(38648, 296, 7, '2025-09-19', 3, 1.200000, 1, 'shift', NULL, NULL, '2025-09-23 09:21:24', '2025-09-23 09:21:24', 'E41'),
(38649, 297, 7, '2025-09-19', 3, 0.000000, 1, 'shift', NULL, NULL, '2025-09-23 09:21:24', '2025-09-23 09:21:24', 'E43'),
(38650, 298, 7, '2025-09-19', 3, 0.000000, 1, 'shift', NULL, NULL, '2025-09-23 09:21:24', '2025-09-23 09:21:24', 'E44'),
(38651, 299, 7, '2025-09-19', 3, 0.000000, 1, 'shift', NULL, NULL, '2025-09-23 09:21:24', '2025-09-23 09:21:24', 'E45'),
(38652, 300, 7, '2025-09-19', 3, 0.000000, 1, 'shift', NULL, NULL, '2025-09-23 09:21:24', '2025-09-23 09:21:24', 'E47'),
(38653, 301, 7, '2025-09-19', 3, 0.000000, 1, 'shift', NULL, NULL, '2025-09-23 09:21:24', '2025-09-23 09:21:24', 'E49'),
(38654, 302, 7, '2025-09-19', 3, 0.000000, 1, 'shift', NULL, NULL, '2025-09-23 09:21:24', '2025-09-23 09:21:24', 'E50'),
(38655, 303, 7, '2025-09-19', 3, 393.750000, 1, 'shift', NULL, NULL, '2025-09-23 09:21:24', '2025-09-23 09:21:24', 'E51'),
(38656, 275, 8, '2025-09-19', 3, 0.000000, 1, 'shift', NULL, NULL, '2025-09-23 09:21:24', '2025-09-23 09:21:24', 'F16'),
(38657, 277, 8, '2025-09-19', 3, 8.000000, 1, 'shift', NULL, NULL, '2025-09-23 09:21:24', '2025-09-23 09:21:24', 'F18'),
(38658, 279, 8, '2025-09-19', 3, 1024.780000, 1, 'shift', NULL, NULL, '2025-09-23 09:21:24', '2025-09-23 09:21:24', 'F21'),
(38659, 280, 8, '2025-09-19', 3, 354.380000, 1, 'shift', NULL, NULL, '2025-09-23 09:21:24', '2025-09-23 09:21:24', 'F22'),
(38660, 281, 8, '2025-09-19', 3, 0.000000, 1, 'shift', NULL, NULL, '2025-09-23 09:21:24', '2025-09-23 09:21:24', 'F23'),
(38661, 282, 8, '2025-09-19', 3, 8993.130000, 1, 'shift', NULL, NULL, '2025-09-23 09:21:24', '2025-09-23 09:21:24', 'F24'),
(38662, 283, 8, '2025-09-19', 3, 0.000000, 1, 'shift', NULL, NULL, '2025-09-23 09:21:24', '2025-09-23 09:21:24', 'F25'),
(38663, 284, 8, '2025-09-19', 3, 0.000000, 1, 'shift', NULL, NULL, '2025-09-23 09:21:24', '2025-09-23 09:21:24', 'F26'),
(38664, 285, 8, '2025-09-19', 3, 0.000000, 1, 'shift', NULL, NULL, '2025-09-23 09:21:24', '2025-09-23 09:21:24', 'F27'),
(38665, 286, 8, '2025-09-19', 3, 0.000000, 1, 'shift', NULL, NULL, '2025-09-23 09:21:24', '2025-09-23 09:21:24', 'F28'),
(38666, 288, 8, '2025-09-19', 3, 76.560000, 1, 'shift', NULL, NULL, '2025-09-23 09:21:24', '2025-09-23 09:21:24', 'F32'),
(38667, 289, 8, '2025-09-19', 3, 0.840000, 1, 'shift', NULL, NULL, '2025-09-23 09:21:24', '2025-09-23 09:21:24', 'F34'),
(38668, 290, 8, '2025-09-19', 3, -0.110000, 1, 'shift', NULL, NULL, '2025-09-23 09:21:24', '2025-09-23 09:21:24', 'F35'),
(38669, 291, 8, '2025-09-19', 3, 6.150000, 1, 'shift', NULL, NULL, '2025-09-23 09:21:24', '2025-09-23 09:21:24', 'F36'),
(38670, 292, 8, '2025-09-19', 3, 0.600000, 1, 'shift', NULL, NULL, '2025-09-23 09:21:24', '2025-09-23 09:21:24', 'F37'),
(38671, 293, 8, '2025-09-19', 3, 76.680000, 1, 'shift', NULL, NULL, '2025-09-23 09:21:24', '2025-09-23 09:21:24', 'F38'),
(38672, 294, 8, '2025-09-19', 3, 36223.420000, 1, 'shift', NULL, NULL, '2025-09-23 09:21:24', '2025-09-23 09:21:24', 'F39'),
(38673, 295, 8, '2025-09-19', 3, 8.780000, 1, 'shift', NULL, NULL, '2025-09-23 09:21:24', '2025-09-23 09:21:24', 'F40'),
(38674, 296, 8, '2025-09-19', 3, 1.200000, 1, 'shift', NULL, NULL, '2025-09-23 09:21:24', '2025-09-23 09:21:24', 'F41'),
(38675, 297, 8, '2025-09-19', 3, 310407.000000, 1, 'shift', NULL, NULL, '2025-09-23 09:21:24', '2025-09-23 09:21:24', 'F43'),
(38676, 298, 8, '2025-09-19', 3, 37862.640000, 1, 'shift', NULL, NULL, '2025-09-23 09:21:24', '2025-09-23 09:21:24', 'F44'),
(38677, 299, 8, '2025-09-19', 3, 87592.800000, 1, 'shift', NULL, NULL, '2025-09-23 09:21:24', '2025-09-23 09:21:24', 'F45'),
(38678, 300, 8, '2025-09-19', 3, 40.990000, 1, 'shift', NULL, NULL, '2025-09-23 09:21:24', '2025-09-23 09:21:24', 'F47'),
(38679, 301, 8, '2025-09-19', 3, 0.500000, 1, 'shift', NULL, NULL, '2025-09-23 09:21:24', '2025-09-23 09:21:24', 'F49'),
(38680, 302, 8, '2025-09-19', 3, -67363.270000, 1, 'shift', NULL, NULL, '2025-09-23 09:21:24', '2025-09-23 09:21:24', 'F50'),
(38681, 303, 8, '2025-09-19', 3, 87947.180000, 1, 'shift', NULL, NULL, '2025-09-23 09:21:24', '2025-09-23 09:21:24', 'F51'),
(38682, 275, 9, '2025-09-19', 3, 0.000000, 1, 'shift', NULL, NULL, '2025-09-23 09:21:24', '2025-09-23 09:21:24', 'G16'),
(38683, 277, 9, '2025-09-19', 3, 16.000000, 1, 'shift', NULL, NULL, '2025-09-23 09:21:24', '2025-09-23 09:21:24', 'G18'),
(38684, 279, 9, '2025-09-19', 3, 256.860000, 1, 'shift', NULL, NULL, '2025-09-23 09:21:24', '2025-09-23 09:21:24', 'G21'),
(38685, 280, 9, '2025-09-19', 3, 374.060000, 1, 'shift', NULL, NULL, '2025-09-23 09:21:24', '2025-09-23 09:21:24', 'G22'),
(38686, 281, 9, '2025-09-19', 3, 0.000000, 1, 'shift', NULL, NULL, '2025-09-23 09:21:24', '2025-09-23 09:21:24', 'G23'),
(38687, 282, 9, '2025-09-19', 3, 4496.560000, 1, 'shift', NULL, NULL, '2025-09-23 09:21:24', '2025-09-23 09:21:24', 'G24'),
(38688, 283, 9, '2025-09-19', 3, 0.000000, 1, 'shift', NULL, NULL, '2025-09-23 09:21:24', '2025-09-23 09:21:24', 'G25'),
(38689, 284, 9, '2025-09-19', 3, 0.000000, 1, 'shift', NULL, NULL, '2025-09-23 09:21:24', '2025-09-23 09:21:24', 'G26'),
(38690, 285, 9, '2025-09-19', 3, 0.000000, 1, 'shift', NULL, NULL, '2025-09-23 09:21:24', '2025-09-23 09:21:24', 'G27'),
(38691, 286, 9, '2025-09-19', 3, 0.000000, 1, 'shift', NULL, NULL, '2025-09-23 09:21:24', '2025-09-23 09:21:24', 'G28'),
(38692, 288, 9, '2025-09-19', 3, 64.580000, 1, 'shift', NULL, NULL, '2025-09-23 09:21:24', '2025-09-23 09:21:24', 'G32'),
(38693, 289, 9, '2025-09-19', 3, 0.000000, 1, 'shift', NULL, NULL, '2025-09-23 09:21:24', '2025-09-23 09:21:24', 'G34'),
(38694, 290, 9, '2025-09-19', 3, 0.000000, 1, 'shift', NULL, NULL, '2025-09-23 09:21:24', '2025-09-23 09:21:24', 'G35'),
(38695, 291, 9, '2025-09-19', 3, 1.540000, 1, 'shift', NULL, NULL, '2025-09-23 09:21:24', '2025-09-23 09:21:24', 'G36'),
(38696, 292, 9, '2025-09-19', 3, 0.600000, 1, 'shift', NULL, NULL, '2025-09-23 09:21:24', '2025-09-23 09:21:24', 'G37'),
(38697, 293, 9, '2025-09-19', 3, 64.810000, 1, 'shift', NULL, NULL, '2025-09-23 09:21:24', '2025-09-23 09:21:24', 'G38'),
(38698, 294, 9, '2025-09-19', 3, 14855.440000, 1, 'shift', NULL, NULL, '2025-09-23 09:21:24', '2025-09-23 09:21:24', 'G39'),
(38699, 295, 9, '2025-09-19', 3, 10.030000, 1, 'shift', NULL, NULL, '2025-09-23 09:21:24', '2025-09-23 09:21:24', 'G40'),
(38700, 296, 9, '2025-09-19', 3, 1.200000, 1, 'shift', NULL, NULL, '2025-09-23 09:21:24', '2025-09-23 09:21:24', 'G41'),
(38701, 297, 9, '2025-09-19', 3, 64434.380000, 1, 'shift', NULL, NULL, '2025-09-23 09:21:24', '2025-09-23 09:21:24', 'G43'),
(38702, 298, 9, '2025-09-19', 3, 15678.670000, 1, 'shift', NULL, NULL, '2025-09-23 09:21:24', '2025-09-23 09:21:24', 'G44'),
(38703, 299, 9, '2025-09-19', 3, 17225.560000, 1, 'shift', NULL, NULL, '2025-09-23 09:21:24', '2025-09-23 09:21:24', 'G45'),
(38704, 300, 9, '2025-09-19', 3, 20.550000, 1, 'shift', NULL, NULL, '2025-09-23 09:21:24', '2025-09-23 09:21:24', 'G47'),
(38705, 301, 9, '2025-09-19', 3, 0.500000, 1, 'shift', NULL, NULL, '2025-09-23 09:21:24', '2025-09-23 09:21:24', 'G49'),
(38706, 302, 9, '2025-09-19', 3, -67363.270000, 1, 'shift', NULL, NULL, '2025-09-23 09:21:24', '2025-09-23 09:21:24', 'G50'),
(38707, 303, 9, '2025-09-19', 3, 44170.460000, 1, 'shift', NULL, NULL, '2025-09-23 09:21:24', '2025-09-23 09:21:24', 'G51');

-- --------------------------------------------------------

--
-- Table structure for table `users`
--

CREATE TABLE `users` (
  `id` int NOT NULL,
  `username` varchar(50) CHARACTER SET utf8mb4 COLLATE utf8mb4_unicode_ci NOT NULL,
  `password` varchar(255) CHARACTER SET utf8mb4 COLLATE utf8mb4_unicode_ci NOT NULL,
  `role` enum('рядовой','инженер','менеджер') CHARACTER SET utf8mb4 COLLATE utf8mb4_unicode_ci NOT NULL DEFAULT 'рядовой',
  `created_at` timestamp NULL DEFAULT CURRENT_TIMESTAMP,
  `updated_at` timestamp NULL DEFAULT CURRENT_TIMESTAMP ON UPDATE CURRENT_TIMESTAMP
) ENGINE=InnoDB DEFAULT CHARSET=utf8mb4 COLLATE=utf8mb4_unicode_ci;

--
-- Dumping data for table `users`
--

INSERT INTO `users` (`id`, `username`, `password`, `role`, `created_at`, `updated_at`) VALUES
(1, 'admin', '$2y$10$50xU1GGHHTQaXHez3cbu6evqKxXjTOyN234Hp.7F5nam1Fu/MBtSe', 'менеджер', '2025-05-08 21:58:52', '2025-07-23 20:10:52'),
(2, 'user', '$2y$10$T0hBIF2eFbet4w0XWUeAFOBuLNUjhzHn1jtWUD1.aLmJxIIBh6i8W', 'рядовой', '2025-08-25 10:31:36', '2025-08-25 10:31:36');

--
-- Indexes for dumped tables
--

--
-- Indexes for table `common_meter_block_usage`
--
ALTER TABLE `common_meter_block_usage`
  ADD PRIMARY KEY (`id`),
  ADD KEY `idx_meter_date` (`meter_id`,`date`),
  ADD KEY `idx_equipment_date` (`equipment_id`,`date`),
  ADD KEY `fk_common_meter_block_usage_meter` (`meter_id`),
  ADD KEY `fk_common_meter_block_usage_equipment` (`equipment_id`),
  ADD KEY `fk_common_meter_block_usage_user` (`user_id`);

--
-- Indexes for table `equipment`
--
ALTER TABLE `equipment`
  ADD PRIMARY KEY (`id`),
  ADD KEY `type_id` (`type_id`);

--
-- Indexes for table `equipment_events`
--
ALTER TABLE `equipment_events`
  ADD PRIMARY KEY (`id`),
  ADD KEY `shift_id` (`shift_id`),
  ADD KEY `user_id` (`user_id`),
  ADD KEY `reason_id` (`reason_id`),
  ADD KEY `idx_eq_time` (`equipment_id`,`event_time`);

--
-- Indexes for table `equipment_tool_events`
--
ALTER TABLE `equipment_tool_events`
  ADD PRIMARY KEY (`id`),
  ADD KEY `idx_equipment_tool` (`equipment_id`,`tool_type`),
  ADD KEY `idx_equipment_time` (`equipment_id`,`event_time`),
  ADD KEY `shift_id` (`shift_id`),
  ADD KEY `user_id` (`user_id`);

--
-- Indexes for table `equipment_types`
--
ALTER TABLE `equipment_types`
  ADD PRIMARY KEY (`id`),
  ADD UNIQUE KEY `name` (`name`);

--
-- Indexes for table `functions`
--
ALTER TABLE `functions`
  ADD PRIMARY KEY (`id`);

--
-- Indexes for table `function_coefficients`
--
ALTER TABLE `function_coefficients`
  ADD PRIMARY KEY (`id`),
  ADD UNIQUE KEY `ux_set_index` (`coeff_set_id`,`coeff_index`),
  ADD KEY `idx_set` (`coeff_set_id`);

--
-- Indexes for table `function_coeff_sets`
--
ALTER TABLE `function_coeff_sets`
  ADD PRIMARY KEY (`id`),
  ADD UNIQUE KEY `ux_func_x` (`function_id`,`x_value`),
  ADD KEY `idx_func` (`function_id`);

--
-- Indexes for table `meters`
--
ALTER TABLE `meters`
  ADD PRIMARY KEY (`id`),
  ADD KEY `meter_type_id` (`meter_type_id`),
  ADD KEY `equipment_id` (`equipment_id`);

--
-- Indexes for table `meter_readings`
--
ALTER TABLE `meter_readings`
  ADD PRIMARY KEY (`id`),
  ADD UNIQUE KEY `ux_reading_meter_date` (`meter_id`,`date`),
  ADD KEY `meter_id` (`meter_id`);

--
-- Indexes for table `meter_reading_history`
--
ALTER TABLE `meter_reading_history`
  ADD PRIMARY KEY (`history_id`),
  ADD KEY `reading_id` (`reading_id`);

--
-- Indexes for table `meter_replacements`
--
ALTER TABLE `meter_replacements`
  ADD PRIMARY KEY (`id`),
  ADD KEY `meter_id` (`meter_id`);

--
-- Indexes for table `meter_replacement_cancellations`
--
ALTER TABLE `meter_replacement_cancellations`
  ADD PRIMARY KEY (`id`),
  ADD KEY `fk_cancellation_meter` (`meter_id`),
  ADD KEY `fk_cancellation_replacement` (`replacement_id`),
  ADD KEY `fk_cancellation_user` (`user_id`);

--
-- Indexes for table `meter_reserve_assignments`
--
ALTER TABLE `meter_reserve_assignments`
  ADD PRIMARY KEY (`id`),
  ADD KEY `idx_reserve_time` (`reserve_meter_id`,`start_time`),
  ADD KEY `idx_primary_time` (`primary_meter_id`,`start_time`);

--
-- Indexes for table `meter_types`
--
ALTER TABLE `meter_types`
  ADD PRIMARY KEY (`id`);

--
-- Indexes for table `parameters`
--
ALTER TABLE `parameters`
  ADD PRIMARY KEY (`id`),
  ADD KEY `equipment_type_id` (`equipment_type_id`);

--
-- Indexes for table `parameter_values`
--
ALTER TABLE `parameter_values`
  ADD PRIMARY KEY (`id`),
  ADD UNIQUE KEY `unique_parameter_value` (`parameter_id`,`equipment_id`,`date`,`shift_id`),
  ADD KEY `equipment_id` (`equipment_id`),
  ADD KEY `shift_id` (`shift_id`),
  ADD KEY `user_id` (`user_id`);

--
-- Indexes for table `pgu_fullparams`
--
ALTER TABLE `pgu_fullparams`
  ADD PRIMARY KEY (`id`);

--
-- Indexes for table `pgu_fullparam_values`
--
ALTER TABLE `pgu_fullparam_values`
  ADD PRIMARY KEY (`id`);

--
-- Indexes for table `pgu_result_params`
--
ALTER TABLE `pgu_result_params`
  ADD PRIMARY KEY (`id`),
  ADD UNIQUE KEY `name` (`name`);

--
-- Indexes for table `pgu_result_values`
--
ALTER TABLE `pgu_result_values`
  ADD PRIMARY KEY (`id`),
  ADD UNIQUE KEY `unique_pgu_result` (`param_id`,`pgu_id`,`date`,`shift_id`),
  ADD KEY `idx_pgu_pgu_date` (`pgu_id`,`date`),
  ADD KEY `idx_pgu_param_date` (`param_id`,`date`),
  ADD KEY `idx_pgu_period_type_date` (`period_type`,`date`),
  ADD KEY `idx_pgu_period_range` (`period_start`,`period_end`),
  ADD KEY `fk_pgu_result_shift` (`shift_id`),
  ADD KEY `fk_pgu_result_user` (`user_id`);

--
-- Indexes for table `shifts`
--
ALTER TABLE `shifts`
  ADD PRIMARY KEY (`id`),
  ADD UNIQUE KEY `name` (`name`);

--
-- Indexes for table `start_reasons`
--
ALTER TABLE `start_reasons`
  ADD PRIMARY KEY (`id`);

--
-- Indexes for table `stop_reasons`
--
ALTER TABLE `stop_reasons`
  ADD PRIMARY KEY (`id`),
  ADD UNIQUE KEY `name` (`name`);

--
-- Indexes for table `tg_result_params`
--
ALTER TABLE `tg_result_params`
  ADD PRIMARY KEY (`id`),
  ADD UNIQUE KEY `name` (`name`);

--
-- Indexes for table `tg_result_values`
--
ALTER TABLE `tg_result_values`
  ADD PRIMARY KEY (`id`),
  ADD KEY `idx_tg_result_values_date` (`date`),
  ADD KEY `idx_tg_result_values_param_tg` (`param_id`,`tg_id`),
  ADD KEY `idx_tg_result_values_shift` (`shift_id`),
  ADD KEY `idx_tg_result_values_period` (`period_type`),
  ADD KEY `idx_tg_result_values_cell` (`cell`);

--
-- Indexes for table `users`
--
ALTER TABLE `users`
  ADD PRIMARY KEY (`id`),
  ADD UNIQUE KEY `username` (`username`);

--
-- AUTO_INCREMENT for dumped tables
--

--
-- AUTO_INCREMENT for table `common_meter_block_usage`
--
ALTER TABLE `common_meter_block_usage`
  MODIFY `id` int NOT NULL AUTO_INCREMENT, AUTO_INCREMENT=33;

--
-- AUTO_INCREMENT for table `equipment`
--
ALTER TABLE `equipment`
  MODIFY `id` int NOT NULL AUTO_INCREMENT, AUTO_INCREMENT=8;

--
-- AUTO_INCREMENT for table `equipment_events`
--
ALTER TABLE `equipment_events`
  MODIFY `id` int NOT NULL AUTO_INCREMENT, AUTO_INCREMENT=371;

--
-- AUTO_INCREMENT for table `equipment_tool_events`
--
ALTER TABLE `equipment_tool_events`
  MODIFY `id` int NOT NULL AUTO_INCREMENT, AUTO_INCREMENT=134;

--
-- AUTO_INCREMENT for table `equipment_types`
--
ALTER TABLE `equipment_types`
  MODIFY `id` int NOT NULL AUTO_INCREMENT, AUTO_INCREMENT=3;

--
-- AUTO_INCREMENT for table `functions`
--
ALTER TABLE `functions`
  MODIFY `id` int NOT NULL AUTO_INCREMENT, AUTO_INCREMENT=18;

--
-- AUTO_INCREMENT for table `function_coefficients`
--
ALTER TABLE `function_coefficients`
  MODIFY `id` int NOT NULL AUTO_INCREMENT, AUTO_INCREMENT=202;

--
-- AUTO_INCREMENT for table `function_coeff_sets`
--
ALTER TABLE `function_coeff_sets`
  MODIFY `id` int NOT NULL AUTO_INCREMENT, AUTO_INCREMENT=47;

--
-- AUTO_INCREMENT for table `meters`
--
ALTER TABLE `meters`
  MODIFY `id` int NOT NULL AUTO_INCREMENT, AUTO_INCREMENT=60;

--
-- AUTO_INCREMENT for table `meter_readings`
--
ALTER TABLE `meter_readings`
  MODIFY `id` bigint NOT NULL AUTO_INCREMENT, AUTO_INCREMENT=171;

--
-- AUTO_INCREMENT for table `meter_reading_history`
--
ALTER TABLE `meter_reading_history`
  MODIFY `history_id` bigint NOT NULL AUTO_INCREMENT;

--
-- AUTO_INCREMENT for table `meter_replacements`
--
ALTER TABLE `meter_replacements`
  MODIFY `id` bigint NOT NULL AUTO_INCREMENT, AUTO_INCREMENT=44;

--
-- AUTO_INCREMENT for table `meter_replacement_cancellations`
--
ALTER TABLE `meter_replacement_cancellations`
  MODIFY `id` bigint NOT NULL AUTO_INCREMENT, AUTO_INCREMENT=6;

--
-- AUTO_INCREMENT for table `meter_reserve_assignments`
--
ALTER TABLE `meter_reserve_assignments`
  MODIFY `id` bigint NOT NULL AUTO_INCREMENT, AUTO_INCREMENT=20;

--
-- AUTO_INCREMENT for table `meter_types`
--
ALTER TABLE `meter_types`
  MODIFY `id` int NOT NULL AUTO_INCREMENT, AUTO_INCREMENT=5;

--
-- AUTO_INCREMENT for table `parameters`
--
ALTER TABLE `parameters`
  MODIFY `id` int NOT NULL AUTO_INCREMENT, AUTO_INCREMENT=58;

--
-- AUTO_INCREMENT for table `parameter_values`
--
ALTER TABLE `parameter_values`
  MODIFY `id` int NOT NULL AUTO_INCREMENT, AUTO_INCREMENT=362;

--
-- AUTO_INCREMENT for table `pgu_fullparams`
--
ALTER TABLE `pgu_fullparams`
  MODIFY `id` int NOT NULL AUTO_INCREMENT, AUTO_INCREMENT=35;

--
-- AUTO_INCREMENT for table `pgu_fullparam_values`
--
ALTER TABLE `pgu_fullparam_values`
  MODIFY `id` bigint NOT NULL AUTO_INCREMENT, AUTO_INCREMENT=1573;

--
-- AUTO_INCREMENT for table `pgu_result_params`
--
ALTER TABLE `pgu_result_params`
  MODIFY `id` int NOT NULL AUTO_INCREMENT, AUTO_INCREMENT=75;

--
-- AUTO_INCREMENT for table `pgu_result_values`
--
ALTER TABLE `pgu_result_values`
  MODIFY `id` bigint NOT NULL AUTO_INCREMENT, AUTO_INCREMENT=12355;

--
-- AUTO_INCREMENT for table `shifts`
--
ALTER TABLE `shifts`
  MODIFY `id` int NOT NULL AUTO_INCREMENT, AUTO_INCREMENT=4;

--
-- AUTO_INCREMENT for table `start_reasons`
--
ALTER TABLE `start_reasons`
  MODIFY `id` int NOT NULL AUTO_INCREMENT, AUTO_INCREMENT=4;

--
-- AUTO_INCREMENT for table `stop_reasons`
--
ALTER TABLE `stop_reasons`
  MODIFY `id` int NOT NULL AUTO_INCREMENT, AUTO_INCREMENT=4;

--
-- AUTO_INCREMENT for table `tg_result_params`
--
ALTER TABLE `tg_result_params`
  MODIFY `id` int NOT NULL AUTO_INCREMENT, AUTO_INCREMENT=312;

--
-- AUTO_INCREMENT for table `tg_result_values`
--
ALTER TABLE `tg_result_values`
  MODIFY `id` bigint NOT NULL AUTO_INCREMENT, AUTO_INCREMENT=38708;

--
-- AUTO_INCREMENT for table `users`
--
ALTER TABLE `users`
  MODIFY `id` int NOT NULL AUTO_INCREMENT, AUTO_INCREMENT=3;

--
-- Constraints for dumped tables
--

--
-- Constraints for table `common_meter_block_usage`
--
ALTER TABLE `common_meter_block_usage`
  ADD CONSTRAINT `fk_common_meter_block_usage_equipment` FOREIGN KEY (`equipment_id`) REFERENCES `equipment` (`id`) ON DELETE CASCADE,
  ADD CONSTRAINT `fk_common_meter_block_usage_meter` FOREIGN KEY (`meter_id`) REFERENCES `meters` (`id`) ON DELETE CASCADE,
  ADD CONSTRAINT `fk_common_meter_block_usage_user` FOREIGN KEY (`user_id`) REFERENCES `users` (`id`) ON DELETE SET NULL;

--
-- Constraints for table `equipment`
--
ALTER TABLE `equipment`
  ADD CONSTRAINT `equipment_ibfk_1` FOREIGN KEY (`type_id`) REFERENCES `equipment_types` (`id`);

--
-- Constraints for table `equipment_events`
--
ALTER TABLE `equipment_events`
  ADD CONSTRAINT `equipment_events_ibfk_1` FOREIGN KEY (`equipment_id`) REFERENCES `equipment` (`id`) ON DELETE CASCADE,
  ADD CONSTRAINT `equipment_events_ibfk_2` FOREIGN KEY (`shift_id`) REFERENCES `shifts` (`id`),
  ADD CONSTRAINT `equipment_events_ibfk_3` FOREIGN KEY (`user_id`) REFERENCES `users` (`id`),
  ADD CONSTRAINT `equipment_events_ibfk_4` FOREIGN KEY (`reason_id`) REFERENCES `stop_reasons` (`id`);

--
-- Constraints for table `equipment_tool_events`
--
ALTER TABLE `equipment_tool_events`
  ADD CONSTRAINT `equipment_tool_events_ibfk_1` FOREIGN KEY (`equipment_id`) REFERENCES `equipment` (`id`) ON DELETE CASCADE,
  ADD CONSTRAINT `equipment_tool_events_ibfk_2` FOREIGN KEY (`shift_id`) REFERENCES `shifts` (`id`),
  ADD CONSTRAINT `equipment_tool_events_ibfk_3` FOREIGN KEY (`user_id`) REFERENCES `users` (`id`);

--
-- Constraints for table `function_coefficients`
--
ALTER TABLE `function_coefficients`
  ADD CONSTRAINT `fk_coeffs_coeffset` FOREIGN KEY (`coeff_set_id`) REFERENCES `function_coeff_sets` (`id`) ON DELETE CASCADE;

--
-- Constraints for table `function_coeff_sets`
--
ALTER TABLE `function_coeff_sets`
  ADD CONSTRAINT `fk_coeffsets_function` FOREIGN KEY (`function_id`) REFERENCES `functions` (`id`) ON DELETE CASCADE;

--
-- Constraints for table `meters`
--
ALTER TABLE `meters`
  ADD CONSTRAINT `fk_meters_equipment` FOREIGN KEY (`equipment_id`) REFERENCES `equipment` (`id`) ON UPDATE CASCADE,
  ADD CONSTRAINT `fk_meters_type` FOREIGN KEY (`meter_type_id`) REFERENCES `meter_types` (`id`) ON UPDATE CASCADE;

--
-- Constraints for table `meter_readings`
--
ALTER TABLE `meter_readings`
  ADD CONSTRAINT `fk_readings_meter` FOREIGN KEY (`meter_id`) REFERENCES `meters` (`id`) ON DELETE CASCADE ON UPDATE CASCADE;

--
-- Constraints for table `meter_reading_history`
--
ALTER TABLE `meter_reading_history`
  ADD CONSTRAINT `fk_history_reading` FOREIGN KEY (`reading_id`) REFERENCES `meter_readings` (`id`) ON DELETE CASCADE ON UPDATE CASCADE;

--
-- Constraints for table `meter_replacements`
--
ALTER TABLE `meter_replacements`
  ADD CONSTRAINT `fk_repl_meter` FOREIGN KEY (`meter_id`) REFERENCES `meters` (`id`) ON DELETE CASCADE ON UPDATE CASCADE;

--
-- Constraints for table `meter_replacement_cancellations`
--
ALTER TABLE `meter_replacement_cancellations`
  ADD CONSTRAINT `fk_cancellation_meter` FOREIGN KEY (`meter_id`) REFERENCES `meters` (`id`) ON DELETE CASCADE ON UPDATE CASCADE,
  ADD CONSTRAINT `fk_cancellation_replacement` FOREIGN KEY (`replacement_id`) REFERENCES `meter_replacements` (`id`) ON DELETE CASCADE ON UPDATE CASCADE,
  ADD CONSTRAINT `fk_cancellation_user` FOREIGN KEY (`user_id`) REFERENCES `users` (`id`) ON DELETE SET NULL ON UPDATE CASCADE;

--
-- Constraints for table `parameters`
--
ALTER TABLE `parameters`
  ADD CONSTRAINT `parameters_ibfk_1` FOREIGN KEY (`equipment_type_id`) REFERENCES `equipment_types` (`id`);

--
-- Constraints for table `parameter_values`
--
ALTER TABLE `parameter_values`
  ADD CONSTRAINT `parameter_values_ibfk_1` FOREIGN KEY (`parameter_id`) REFERENCES `parameters` (`id`),
  ADD CONSTRAINT `parameter_values_ibfk_2` FOREIGN KEY (`equipment_id`) REFERENCES `equipment` (`id`),
  ADD CONSTRAINT `parameter_values_ibfk_3` FOREIGN KEY (`shift_id`) REFERENCES `shifts` (`id`),
  ADD CONSTRAINT `parameter_values_ibfk_4` FOREIGN KEY (`user_id`) REFERENCES `users` (`id`);

--
-- Constraints for table `pgu_result_values`
--
ALTER TABLE `pgu_result_values`
  ADD CONSTRAINT `fk_pgu_result_param` FOREIGN KEY (`param_id`) REFERENCES `pgu_result_params` (`id`) ON DELETE CASCADE,
  ADD CONSTRAINT `fk_pgu_result_shift` FOREIGN KEY (`shift_id`) REFERENCES `shifts` (`id`) ON DELETE SET NULL,
  ADD CONSTRAINT `fk_pgu_result_user` FOREIGN KEY (`user_id`) REFERENCES `users` (`id`) ON DELETE SET NULL;

-- --------------------------------------------------------

--
-- Table structure for table `urt_result_params`
--

CREATE TABLE `urt_result_params` (
  `id` int NOT NULL,
  `name` varchar(255) CHARACTER SET utf8mb4 COLLATE utf8mb4_unicode_ci NOT NULL,
  `unit` varchar(50) CHARACTER SET utf8mb4 COLLATE utf8mb4_unicode_ci DEFAULT NULL,
  `symbol` varchar(50) CHARACTER SET utf8mb4 COLLATE utf8mb4_unicode_ci DEFAULT NULL,
  `row_num` varchar(20) CHARACTER SET utf8mb4 COLLATE utf8mb4_unicode_ci DEFAULT NULL,
  `description` text CHARACTER SET utf8mb4 COLLATE utf8mb4_unicode_ci
) ENGINE=InnoDB DEFAULT CHARSET=utf8mb4 COLLATE=utf8mb4_unicode_ci;

--
-- Dumping data for table `urt_result_params`
--

INSERT INTO `urt_result_params` (`id`, `name`, `unit`, `symbol`, `row_num`, `description`) VALUES
(1, 'Выработка электроэнергии', 'тыс. кВт·ч', 'W_el', '5', ''),
(2, 'Расход электроэнергии на с.н.', 'тыс. кВт·ч', 'W_sn', '6', ''),
(3, 'Отпуск электроэнергии', 'тыс. кВт·ч', 'W_out', '7', ''),
(4, 'Отпуск тепла', 'Гкал/ч', 'Q_out', '8', ''),
(5, 'Число часов работы', 'ч', 't_work', '9', ''),
(6, 'Средняя электрическая нагрузка', 'МВт', 'P_avg', '10', ''),
(7, 'Температура охлаждающей воды (вход)', '°С', 'T_w_in', '11', ''),
(8, 'Температура охлаждающей воды (выход)', '°С', 'T_w_out', '12', ''),
(9, 'Расход электроэнергии на хоз. нужды', 'тыс. кВт·ч', 'W_hoz', '13', ''),
(10, 'Исходно-номинальный УРТ', 'г/кВт·ч', 'URT_nom_base', '14', ''),
(11, 'Расход электроэнергии на с.н. (норма)', '%', 'W_sn_norm', '15', ''),
(12, 'Расход электроэнергии на с.н. (факт)', '%', 'W_sn_fact', '16', ''),
(13, 'Температура острого пара', '°С', 'T_steam_hot', '17', ''),
(14, 'Давление острого пара', 'атм', 'P_steam_hot', '18', ''),
(15, 'Температура пара промперегрева', '°С', 'T_steam_reheat', '19', ''),
(16, 'Температура питательной воды', '°С', 'T_feedwater', '20', ''),
(17, 'Вакуум (по темпер. охлажд. воды)', '°С', 'Vac_T', '21', ''),
(18, 'Вакуум (по расходу охлажд. воды)', 'м³/ч', 'Vac_flow', '22', ''),
(19, 'Вакуум (присосы P2)', 'кг/см²', 'Vac_P2', '23', ''),
(20, 'Температура уходящих газов', '°С', 'T_flue', '24', ''),
(21, 'Избыток воздуха в уходящих газах', '-', 'Air_excess', '25', ''),
(22, 'Температура наружного воздуха', '°С', 'T_out', '26', ''),
(23, 'Потери пара и конденсата', '%', 'Loss_steam', '27', ''),
(24, 'Пуски', 'шт', 'Starts', '28', ''),
(25, 'Сумма поправок', 'г/кВт·ч', 'URT_corr', '29', ''),
(26, 'Сумма отклон. от номинала', 'г/кВт·ч', 'URT_dev', '30', ''),
(27, 'Расход газа', 'тыс. м³', 'Gas_flow', '31', ''),
(28, 'Расход мазута', 'тыс. т', 'Mazut_flow', '32', ''),
(29, 'Калорийность газа', 'ккал/м³', 'Gas_heat', '33', ''),
(30, 'Калорийность мазута', 'ккал/кг', 'Mazut_heat', '34', ''),
(31, 'Расход топлива на электроэнергию', 'тут', 'Fuel_el', '35', ''),
(32, 'Расход топлива на тепло', 'тут', 'Fuel_heat', '36', ''),
(33, 'Доля газа в балансе топлива', '%', 'Gas_share', '37', ''),
(34, 'Номинальный УРТ', 'г/кВт·ч', 'URT_nom', '38', ''),
(35, 'Нормативный УРТ', 'г/кВт·ч', 'URT_norm', '39', ''),
(36, 'Фактический УРТ', 'г/кВт·ч', 'URT_fact', '40', ''),
(37, 'Фактический УРТ с учётом ФЭС', 'г/кВт·ч', 'URT_fact_FES', '41', ''),
(38, 'Экономия топлива(-) / Пережог топлива(+)', 'г/кВт·ч', 'URT_saving', '42', '');

-- --------------------------------------------------------

--
-- Table structure for table `urt_result_values`
--

CREATE TABLE `urt_result_values` (
  `id` bigint NOT NULL,
  `param_id` int NOT NULL,
  `block_id` int NOT NULL,
  `date` date NOT NULL,
  `shift_id` int DEFAULT NULL,
  `value` decimal(20,4) DEFAULT NULL,
  `norm_value` decimal(20,4) DEFAULT NULL,
  `fact_value` decimal(20,4) DEFAULT NULL,
  `db3_value` decimal(20,4) DEFAULT NULL,
  `created_at` timestamp NULL DEFAULT CURRENT_TIMESTAMP
) ENGINE=InnoDB DEFAULT CHARSET=utf8mb4 COLLATE=utf8mb4_unicode_ci;

--
-- Indexes for table `urt_result_params`
--
ALTER TABLE `urt_result_params`
  ADD PRIMARY KEY (`id`);

--
-- Indexes for table `urt_result_values`
--
ALTER TABLE `urt_result_values`
  ADD PRIMARY KEY (`id`),
  ADD KEY `idx_urt_values_param` (`param_id`),
  ADD KEY `idx_urt_values_block` (`block_id`),
  ADD KEY `idx_urt_values_date` (`date`),
  ADD KEY `idx_urt_values_shift` (`shift_id`);

--
-- AUTO_INCREMENT for table `urt_result_params`
--
ALTER TABLE `urt_result_params`
  MODIFY `id` int NOT NULL AUTO_INCREMENT, AUTO_INCREMENT=39;

--
-- AUTO_INCREMENT for table `urt_result_values`
--
ALTER TABLE `urt_result_values`
  MODIFY `id` bigint NOT NULL AUTO_INCREMENT;

--
-- Constraints for table `urt_result_values`
--
ALTER TABLE `urt_result_values`
  ADD CONSTRAINT `fk_urt_result_param` FOREIGN KEY (`param_id`) REFERENCES `urt_result_params` (`id`) ON DELETE CASCADE,
  ADD CONSTRAINT `fk_urt_result_shift` FOREIGN KEY (`shift_id`) REFERENCES `shifts` (`id`) ON DELETE SET NULL;

COMMIT;

/*!40101 SET CHARACTER_SET_CLIENT=@OLD_CHARACTER_SET_CLIENT */;
/*!40101 SET CHARACTER_SET_RESULTS=@OLD_CHARACTER_SET_RESULTS */;
/*!40101 SET COLLATION_CONNECTION=@OLD_COLLATION_CONNECTION */;
