-- phpMyAdmin SQL Dump
-- version 5.2.0
-- https://www.phpmyadmin.net/
--
-- Host: 127.0.0.1:3306
-- Generation Time: Aug 25, 2025 at 12:46 PM
-- Server version: 8.0.30
-- PHP Version: 8.1.9

SET SQL_MODE = "NO_AUTO_VALUE_ON_ZERO";
START TRANSACTION;
SET time_zone = "+00:00";


/*!40101 SET @OLD_CHARACTER_SET_CLIENT=@@CHARACTER_SET_CLIENT */;
/*!40101 SET @OLD_CHARACTER_SET_RESULTS=@@CHARACTER_SET_RESULTS */;
/*!40101 SET @OLD_COLLATION_CONNECTION=@@COLLATION_CONNECTION */;
/*!40101 SET NAMES utf8mb4 */;

--
-- Database: `exepower`
--

-- --------------------------------------------------------

--
-- Table structure for table `equipment`
--

CREATE TABLE `equipment` (
  `id` int NOT NULL,
  `name` varchar(100) CHARACTER SET utf8mb4 COLLATE utf8mb4_unicode_ci NOT NULL,
  `type_id` int NOT NULL,
  `description` text CHARACTER SET utf8mb4 COLLATE utf8mb4_unicode_ci
) ENGINE=InnoDB DEFAULT CHARSET=utf8mb4 COLLATE=utf8mb4_unicode_ci;

--
-- Dumping data for table `equipment`
--

INSERT INTO `equipment` (`id`, `name`, `type_id`, `description`) VALUES
(1, 'Блок ТГ7', 1, 'Турбогенератор блок 7'),
(2, 'Блок ТГ8', 1, 'Турбогенератор блок 8'),
(3, 'ГТ 1', 2, 'Газовая установка 1'),
(4, 'ПТ 1', 2, 'Паровая установка 1'),
(5, 'ГТ 2', 2, 'Газовая установка 2'),
(6, 'ПТ 2', 2, 'Паровая установка 2'),
(130, 'ОЧ-130', 1, 'Общестанционная часть 130 ата');

-- --------------------------------------------------------

--
-- Table structure for table `equipment_events`
--

CREATE TABLE `equipment_events` (
  `id` int NOT NULL,
  `equipment_id` int NOT NULL,
  `event_type` enum('pusk','ostanov') CHARACTER SET utf8mb4 COLLATE utf8mb4_unicode_ci NOT NULL,
  `event_time` datetime NOT NULL,
  `shift_id` int DEFAULT NULL,
  `user_id` int DEFAULT NULL,
  `reason_id` int DEFAULT NULL,
  `comment` varchar(255) CHARACTER SET utf8mb4 COLLATE utf8mb4_unicode_ci DEFAULT NULL,
  `created_at` timestamp NULL DEFAULT CURRENT_TIMESTAMP
) ENGINE=InnoDB DEFAULT CHARSET=utf8mb4 COLLATE=utf8mb4_unicode_ci;

--
-- Dumping data for table `equipment_events`
--

INSERT INTO `equipment_events` (`id`, `equipment_id`, `event_type`, `event_time`, `shift_id`, `user_id`, `reason_id`, `comment`, `created_at`) VALUES
(323, 1, 'pusk', '2025-08-14 22:30:00', 3, 1, 1, '', '2025-08-22 17:49:14'),
(324, 2, 'pusk', '2025-08-14 22:49:00', 3, 1, 1, '', '2025-08-22 17:49:23'),
(325, 3, 'pusk', '2025-08-14 22:49:00', 3, 1, 1, '', '2025-08-22 17:49:28'),
(326, 5, 'pusk', '2025-08-14 22:49:00', 3, 1, 1, '', '2025-08-22 17:49:31'),
(327, 3, 'ostanov', '2025-08-22 01:00:00', 2, 1, 1, '', '2025-08-25 07:50:38'),
(328, 3, 'pusk', '2025-08-22 05:00:00', 2, 1, 1, '', '2025-08-25 07:50:57');

-- --------------------------------------------------------

--
-- Table structure for table `equipment_tool_events`
--

CREATE TABLE `equipment_tool_events` (
  `id` int NOT NULL,
  `equipment_id` int NOT NULL,
  `tool_type` enum('evaporator','aos') CHARACTER SET utf8mb4 COLLATE utf8mb4_unicode_ci NOT NULL,
  `event_type` enum('on','off') CHARACTER SET utf8mb4 COLLATE utf8mb4_unicode_ci NOT NULL,
  `event_time` datetime NOT NULL,
  `shift_id` int DEFAULT NULL,
  `user_id` int DEFAULT NULL,
  `comment` varchar(255) CHARACTER SET utf8mb4 COLLATE utf8mb4_unicode_ci DEFAULT NULL,
  `created_at` timestamp NULL DEFAULT CURRENT_TIMESTAMP
) ENGINE=InnoDB DEFAULT CHARSET=utf8mb4 COLLATE=utf8mb4_unicode_ci;

--
-- Dumping data for table `equipment_tool_events`
--

INSERT INTO `equipment_tool_events` (`id`, `equipment_id`, `tool_type`, `event_type`, `event_time`, `shift_id`, `user_id`, `comment`, `created_at`) VALUES
(118, 3, 'aos', 'on', '2025-08-14 22:52:00', 3, 1, NULL, '2025-08-22 17:52:35'),
(119, 3, 'evaporator', 'on', '2025-08-14 22:52:00', 3, 1, NULL, '2025-08-22 17:52:39'),
(122, 5, 'evaporator', 'on', '2025-08-14 22:55:00', 3, 1, NULL, '2025-08-22 17:55:13'),
(123, 5, 'aos', 'on', '2025-08-14 22:55:00', 3, 1, NULL, '2025-08-22 17:55:16'),
(124, 3, 'evaporator', 'off', '2025-08-25 10:50:38', 2, 1, NULL, '2025-08-25 07:50:38'),
(125, 3, 'aos', 'off', '2025-08-25 10:50:38', 2, 1, NULL, '2025-08-25 07:50:38'),
(126, 3, 'evaporator', 'on', '2025-08-25 13:50:00', 2, 1, NULL, '2025-08-25 08:50:50'),
(127, 3, 'evaporator', 'off', '2025-08-25 14:15:00', 2, 1, NULL, '2025-08-25 08:50:56');

-- --------------------------------------------------------

--
-- Table structure for table `equipment_types`
--

CREATE TABLE `equipment_types` (
  `id` int NOT NULL,
  `name` varchar(50) CHARACTER SET utf8mb4 COLLATE utf8mb4_unicode_ci NOT NULL,
  `description` text CHARACTER SET utf8mb4 COLLATE utf8mb4_unicode_ci
) ENGINE=InnoDB DEFAULT CHARSET=utf8mb4 COLLATE=utf8mb4_unicode_ci;

--
-- Dumping data for table `equipment_types`
--

INSERT INTO `equipment_types` (`id`, `name`, `description`) VALUES
(1, 'ТГ', 'Турбогенератор (Блок)'),
(2, 'ПГУ', 'Парогазовая установка');

-- --------------------------------------------------------

--
-- Table structure for table `functions`
--

CREATE TABLE `functions` (
  `id` int NOT NULL,
  `name` varchar(255) NOT NULL,
  `symbol` varchar(50) NOT NULL,
  `unit` varchar(50) NOT NULL
) ENGINE=InnoDB DEFAULT CHARSET=utf8mb4 COLLATE=utf8mb4_0900_ai_ci;

--
-- Dumping data for table `functions`
--

INSERT INTO `functions` (`id`, `name`, `symbol`, `unit`) VALUES
(1, 'На изменение cosφГТ', 'MW', 'ΔNcosφгт'),
(2, 'На изменение cosφПТ', 'MW', 'ΔNcosφпт'),
(5, 'На изменение температуры мокрого термометра в градирню', 'MW', 'ΔNбл'),
(6, 'На  давление топливного газа', 'MW', 'ΔNРт.газа'),
(7, 'На температуру топливного газа', 'MW', 'ΔNtт.газа'),
(8, 'На температуру окружающей среды и относительную влажность (применяется в Вкл условии испар. охл.)', '-', 'ktн.в'),
(9, 'На температуру на входе компрессора (применяется в Откл условии испар. охл.)', '-', 'ktвх.к'),
(10, 'На изменение барометрического давления и температуры на входе компрессора (применяется при условии Вкл и Откл испар. охл.)', '-', 'kРбар'),
(11, 'На относительную влажность и температуру на входе компрессора (применяется при условии Откл испар. охл.)', '-', 'kφвх.к'),
(12, 'На отклонение низшей теплоты сгорания топлива', '-', 'kQнр'),
(13, 'На изменение частоты ГТ (применяется при условии Вкл и Откл испар. охл.)', '-', 'kν'),
(14, 'Кривая деградации ГТУ', '-', 'kd'),
(15, 'Исходно-номинальный УРТ ПГУ, g/kWh', '', 'bэ(ином)пгу'),
(16, 'На занос КВОУ', '-', 'kΔNквоу'),
(17, 'На включение антиобледенительной системы (АОС)', '-', 'kΔNаос');

-- --------------------------------------------------------

--
-- Table structure for table `function_coefficients`
--

CREATE TABLE `function_coefficients` (
  `id` int NOT NULL,
  `coeff_set_id` int NOT NULL,
  `coeff_index` tinyint NOT NULL,
  `coeff_value` varchar(60) NOT NULL
) ENGINE=InnoDB DEFAULT CHARSET=utf8mb4 COLLATE=utf8mb4_0900_ai_ci;

--
-- Dumping data for table `function_coefficients`
--

INSERT INTO `function_coefficients` (`id`, `coeff_set_id`, `coeff_index`, `coeff_value`) VALUES
(1, 2, 0, '1755.2900390625'),
(2, 2, 1, '-3.205090045928955'),
(3, 2, 2, '0.05486280098557472'),
(4, 2, 3, '-0.00021166099759284407'),
(5, 2, 4, '0.0000003550269980223675'),
(6, 3, 0, '1657.9200439453125'),
(7, 3, 1, '1.1666500568389893'),
(8, 3, 2, '0.0057877302169799805'),
(9, 3, 3, '0.000034862001484725624'),
(10, 3, 4, '-0.000000054505498781054484'),
(11, 4, 0, '1604.8399658203125'),
(12, 4, 1, '2.3590800762176514'),
(13, 4, 2, '0.003359379945322871'),
(14, 4, 3, '0.000029723600164288655'),
(15, 4, 4, '-0.000000012745999811158981'),
(16, 5, 0, '1555.1800537109375'),
(17, 5, 1, '4.974629878997803'),
(18, 5, 2, '-0.029911700636148453'),
(19, 5, 3, '0.00021919200662523508'),
(20, 5, 4, '-0.00000034930599213112146'),
(21, 6, 0, '1143.06005859375'),
(22, 6, 1, '-26.166799545288086'),
(23, 6, 2, '0.8006089925765991'),
(24, 6, 3, '-0.009191659279167652'),
(25, 6, 4, '0.000038746598875150084'),
(26, 7, 0, '823.3779907226562'),
(27, 7, 1, '-0.5977259874343872'),
(28, 7, 2, '0.1083339974284172'),
(29, 7, 3, '-0.0011761400382965803'),
(30, 7, 4, '0.00000580712003284134'),
(31, 8, 0, '503.6910095214844'),
(32, 8, 1, '24.971399307250977'),
(33, 8, 2, '-0.5839400291442871'),
(34, 8, 3, '0.0068393899127841'),
(35, 8, 4, '-0.000027132400646223687'),
(36, 9, 0, '184.00399780273438'),
(37, 9, 1, '50.54050064086914'),
(38, 9, 2, '-1.2762099504470825'),
(39, 9, 3, '0.014854899607598782'),
(40, 9, 4, '-0.00006007189949741587'),
(41, 10, 0, '-2258.969970703125'),
(42, 10, 1, '181.37899780273438'),
(43, 10, 2, '-1.2210999727249146'),
(44, 10, 3, '0.7589390277862549'),
(45, 10, 4, '-0.027979999780654907'),
(46, 11, 0, '11709.099609375'),
(47, 11, 1, '-2784.800048828125'),
(48, 11, 2, '246.26100158691406'),
(49, 11, 3, '-9.73622989654541'),
(50, 11, 4, '0.14245499670505524'),
(51, 12, 0, '-45.964298248291016'),
(52, 12, 1, '4.827079772949219'),
(53, 12, 2, '-0.05074400082230568'),
(54, 12, 3, '0.0032291701063513756'),
(55, 12, 4, '-0.00004613100099959411'),
(56, 13, 0, '0.9689080119132996'),
(57, 13, 1, '0.0003156570019200444'),
(58, 13, 2, '0.00014696399739477783'),
(59, 13, 3, '-0.000005482860160554992'),
(60, 13, 4, '0.00000009937119926917148'),
(61, 14, 0, '0.9599990248680115'),
(62, 14, 1, '0.002653149887919426'),
(63, 14, 2, '-0.00003143159847240895'),
(64, 14, 3, '0.0000013571500403486425'),
(65, 14, 4, '-0.00000002131999998766787'),
(66, 15, 0, '0.9515349864959717'),
(67, 15, 1, '0.005012880079448223'),
(68, 15, 2, '-0.0002166699996450916'),
(69, 15, 3, '0.000009106630386668257'),
(70, 15, 4, '-0.0000001673389959933047'),
(71, 16, 0, '1.0010199546813965'),
(72, 16, 1, '-0.005077649839222431'),
(73, 16, 2, '0.0005469620227813721'),
(74, 16, 3, '-0.000015791099940543063'),
(75, 16, 4, '0.00000020399799893766613'),
(76, 17, 0, '0.9417200088500977'),
(77, 17, 1, '0.010191399604082108'),
(78, 17, 2, '-0.0007922369986772537'),
(79, 17, 3, '0.000040521499613532797'),
(80, 17, 4, '-0.0000009228569979313761'),
(81, 18, 0, '0.971930980682373'),
(82, 18, 1, '0.0037383600138127804'),
(83, 18, 2, '-0.00012977700680494308'),
(84, 18, 3, '0.00001051520030159736'),
(85, 18, 4, '-0.0000003104970005551877'),
(86, 19, 0, '0.9779049754142761'),
(87, 19, 1, '0.0008858800283633173'),
(88, 19, 2, '0.00013807200593873858'),
(89, 19, 3, '0.0000005849850026606873'),
(90, 19, 4, '-0.00000014898699873810983'),
(91, 20, 0, '5.1519598960876465'),
(92, 20, 1, '-0.010167700238525867'),
(93, 20, 2, '0.0000096167696028715'),
(94, 20, 3, '-0.000000004335249936815444'),
(95, 20, 4, '0.0000000000007381049981283749'),
(96, 21, 0, '11.614399909973145'),
(97, 21, 1, '-0.03615809977054596'),
(98, 21, 2, '0.00004875849845120683'),
(99, 21, 3, '-0.00000003050169894436294'),
(100, 21, 4, '0.000000000007290790367264766'),
(101, 22, 0, '12.050999641418457'),
(102, 22, 1, '-0.037794001400470734'),
(103, 22, 2, '0.00005103430157760158'),
(104, 22, 3, '-0.00000003189540009884695'),
(105, 22, 4, '0.000000000007607960268718461'),
(106, 23, 0, '10.117899894714355'),
(107, 23, 1, '-0.03013090044260025'),
(108, 23, 2, '0.00003964930147049017'),
(109, 23, 3, '-0.000000024381899166314724'),
(110, 23, 4, '0.0000000000057494898599019795'),
(111, 24, 0, '-0.4032599925994873'),
(112, 24, 1, '0.011545100249350071'),
(113, 24, 2, '-0.000022243999410420656'),
(114, 24, 3, '0.000000016455500073675466'),
(115, 24, 4, '-0.0000000000043493902056324085'),
(116, 25, 0, '3.6476099491119385'),
(117, 25, 1, '-0.004994669929146767'),
(118, 25, 2, '0.0000030867399800627027'),
(119, 25, 3, '-0.0000000007819629943561779'),
(120, 25, 4, '0.00000000000004619649931689174'),
(121, 26, 0, '1.001039981842041'),
(122, 26, 1, '-0.00001184859956993023'),
(123, 26, 2, '-0.000000008912640403480054'),
(124, 26, 3, '0.0000000011128300503315813'),
(125, 26, 4, '-0.0000000000185371006738988'),
(126, 27, 0, '1.0027600526809692'),
(127, 27, 1, '-0.00002991129986185115'),
(128, 27, 2, '-0.00000002004549948253498'),
(129, 27, 3, '0.0000000009597610484135544'),
(130, 27, 4, '-0.000000000014456599979617568'),
(131, 28, 0, '1.0059399604797363'),
(132, 28, 1, '-0.00006159880285849795'),
(133, 28, 2, '-0.00000023280199457076378'),
(134, 28, 3, '0.000000006190369994385492'),
(135, 28, 4, '-0.00000000006904200128277083'),
(136, 29, 0, '1.0061700344085693'),
(137, 29, 1, '-0.00006967419903958216'),
(138, 29, 2, '0.000000021887300860612413'),
(139, 29, 3, '0.000000000676119993325841'),
(140, 29, 4, '-0.000000000011072399941358668'),
(141, 30, 0, '1.018470048904419'),
(142, 30, 1, '-0.00023955899814609438'),
(143, 30, 2, '0.0000010818699820447364'),
(144, 30, 3, '-0.000000010547499762481038'),
(145, 30, 4, '0.0000000000292165007464984'),
(146, 31, 0, '1.0210800170898438'),
(147, 31, 1, '-0.0003951030084863305'),
(148, 31, 2, '0.000006046930138836615'),
(149, 31, 3, '-0.00000010144700013370311'),
(150, 31, 4, '0.0000000008339530177536858'),
(151, 32, 0, '0.9475730061531067'),
(152, 32, 1, '0.0000016474399444632581'),
(153, 32, 2, '-0.000000000011708399874632569'),
(154, 33, 0, '0.9499959945678711'),
(155, 33, 1, '0.000001576480030962557'),
(156, 33, 2, '-0.000000000010949199880094795'),
(157, 34, 0, '0.949386'),
(158, 34, 1, '0.00000163193'),
(159, 34, 2, '-0.00000000001152942'),
(160, 35, 0, '164.85800170898438'),
(161, 35, 1, '-489.6239929199219'),
(162, 35, 2, '487.01300048828125'),
(163, 35, 3, '-161.2480010986328'),
(164, 36, 0, '133.80099487304688'),
(165, 36, 1, '-392.1960144042969'),
(166, 36, 2, '385.5429992675781'),
(167, 36, 3, '-126.14800262451172'),
(168, 37, 0, '27.14929962158203'),
(169, 37, 1, '-68.68309783935547'),
(170, 37, 2, '58.860801696777344'),
(171, 37, 3, '-16.32699966430664'),
(172, 38, 0, '42.0625'),
(173, 38, 1, '-113.06600189208984'),
(174, 38, 2, '102.91899871826172'),
(175, 38, 3, '-3.0915699005126953'),
(176, 39, 0, '287.2489929199219'),
(177, 39, 1, '-836.5789794921875'),
(178, 39, 2, '815.3889770507812'),
(179, 39, 3, '-265.0589904785156'),
(180, 40, 0, '443.9630126953125'),
(181, 40, 1, '-1305.8199462890625'),
(182, 40, 2, '1284.52001953125'),
(183, 40, 3, '-421.6629943847656'),
(184, 41, 0, '0.00474285714'),
(185, 41, 1, '0.000547085714'),
(186, 41, 2, '-0.0000000498285714'),
(187, 41, 3, '0.000000000001792'),
(188, 42, 0, '1.614'),
(189, 42, 1, '0.0000786285714'),
(190, 42, 2, '-0.0000000010857143'),
(191, 43, 0, '0.99026'),
(192, 43, 1, '0.00000974'),
(193, 44, 0, '1.00003698'),
(194, 44, 1, '0.00502014479'),
(195, 44, 2, '-0.00001124809'),
(196, 45, 0, '448.5652770027'),
(197, 45, 1, '-2.1475024881'),
(198, 45, 2, '0.007231743'),
(199, 45, 3, '-0.0000082402'),
(200, 46, 0, '0.2109403744'),
(201, 46, 1, '742.3358617859');

-- --------------------------------------------------------

--
-- Table structure for table `function_coeff_sets`
--

CREATE TABLE `function_coeff_sets` (
  `id` int NOT NULL,
  `function_id` int NOT NULL,
  `x_value` double NOT NULL,
  `created_at` timestamp NOT NULL DEFAULT CURRENT_TIMESTAMP
) ENGINE=InnoDB DEFAULT CHARSET=utf8mb4 COLLATE=utf8mb4_0900_ai_ci;

--
-- Dumping data for table `function_coeff_sets`
--

INSERT INTO `function_coeff_sets` (`id`, `function_id`, `x_value`, `created_at`) VALUES
(2, 1, 1, '2025-05-09 03:55:58'),
(3, 1, 0.95, '2025-05-09 03:55:58'),
(4, 1, 0.9, '2025-05-09 03:55:58'),
(5, 1, 0.85, '2025-05-09 03:55:58'),
(6, 2, 1, '2025-05-09 03:55:58'),
(7, 2, 0.95, '2025-05-09 03:55:58'),
(8, 2, 0.9, '2025-05-09 03:55:58'),
(9, 2, 0.85, '2025-05-09 03:55:58'),
(10, 5, 0, '2025-05-09 03:55:58'),
(11, 6, 0, '2025-05-09 03:55:58'),
(12, 7, 0, '2025-05-09 03:55:58'),
(13, 8, 10, '2025-05-09 03:55:58'),
(14, 8, 20, '2025-05-09 03:55:58'),
(15, 8, 40, '2025-05-09 03:55:58'),
(16, 8, 58, '2025-05-09 03:55:58'),
(17, 8, 80, '2025-05-09 03:55:58'),
(18, 8, 100, '2025-05-09 03:55:58'),
(19, 9, 0, '2025-05-09 03:55:58'),
(20, 10, -15, '2025-05-09 03:55:58'),
(21, 10, -3, '2025-05-09 03:55:58'),
(22, 10, 9, '2025-05-09 03:55:58'),
(23, 10, 10, '2025-05-09 03:55:58'),
(24, 10, 33, '2025-05-09 03:55:58'),
(25, 10, 45, '2025-05-09 03:55:58'),
(26, 11, -15, '2025-05-09 03:55:58'),
(27, 11, -3, '2025-05-09 03:55:58'),
(28, 11, 9, '2025-05-09 03:55:58'),
(29, 11, 10, '2025-05-09 03:55:58'),
(30, 11, 33, '2025-05-09 03:55:58'),
(31, 11, 45, '2025-05-09 03:55:58'),
(32, 12, 4, '2025-05-09 03:55:58'),
(33, 12, 3.911, '2025-05-09 03:55:58'),
(34, 12, 3.829, '2025-05-09 03:55:58'),
(35, 13, -15, '2025-05-09 03:55:58'),
(36, 13, -3, '2025-05-09 03:55:58'),
(37, 13, 9, '2025-05-09 03:55:58'),
(38, 13, 10, '2025-05-09 03:55:58'),
(39, 13, 33, '2025-05-09 03:55:58'),
(40, 13, 45, '2025-05-09 03:55:58'),
(41, 14, 10000, '2025-05-09 03:55:58'),
(42, 14, 10001, '2025-05-09 03:55:58'),
(43, 16, 0, '2025-05-09 03:55:58'),
(44, 17, 0, '2025-05-09 03:55:58'),
(45, 15, 212.31, '2025-05-09 03:55:58'),
(46, 15, 212.3, '2025-05-09 03:55:58');

-- --------------------------------------------------------

--
-- Table structure for table `meters`
--

CREATE TABLE `meters` (
  `id` int NOT NULL,
  `meter_type_id` int NOT NULL,
  `equipment_id` int DEFAULT NULL,
  `serial_number` varchar(50) NOT NULL,
  `scale` decimal(12,3) NOT NULL,
  `coefficient_k` decimal(10,3) NOT NULL DEFAULT '1.000',
  `name` varchar(100) NOT NULL,
  `is_active` tinyint(1) NOT NULL DEFAULT '1',
  `created_at` timestamp NOT NULL DEFAULT CURRENT_TIMESTAMP,
  `updated_at` timestamp NOT NULL DEFAULT CURRENT_TIMESTAMP ON UPDATE CURRENT_TIMESTAMP
) ENGINE=InnoDB DEFAULT CHARSET=utf8mb4 COLLATE=utf8mb4_0900_ai_ci;

--
-- Dumping data for table `meters`
--

INSERT INTO `meters` (`id`, `meter_type_id`, `equipment_id`, `serial_number`, `scale`, `coefficient_k`, `name`, `is_active`, `created_at`, `updated_at`) VALUES
(36, 1, 1, 'TG7A12', '999999.999', '315000.000', 'ТГ-7', 1, '2025-08-20 15:15:10', '2025-08-20 15:15:10'),
(37, 1, 2, 'TG8B93', '999999.999', '315000.000', 'ТГ-8', 1, '2025-08-20 15:15:10', '2025-08-20 15:15:10'),
(38, 1, 3, 'GTG1Z8', '999999.999', '1620000.000', 'ГТГ-1', 1, '2025-08-20 15:15:10', '2025-08-20 15:15:10'),
(39, 1, 4, 'PTG1X7', '999999.999', '805000.000', 'ПТГ-1', 1, '2025-08-20 15:15:10', '2025-08-20 15:15:10'),
(40, 1, 5, 'GTG2L9', '999999.999', '1620000.000', 'ГТГ-2', 1, '2025-08-20 15:15:10', '2025-08-20 15:15:10'),
(41, 1, 6, 'PTG2K3', '999999.999', '805000.000', 'ПТГ-2', 1, '2025-08-20 15:15:10', '2025-08-20 15:15:10'),
(42, 2, NULL, '6AA743', '999999.999', '24000.000', 'ТСР-3-6а', 1, '2025-08-20 15:15:10', '2025-08-20 15:15:10'),
(43, 2, NULL, 'B1C02A', '999999.999', '24000.000', 'ТСР-3-6б', 1, '2025-08-20 15:15:10', '2025-08-20 15:15:10'),
(44, 2, 1, '95XAD2', '999999.999', '18000.000', 'ТСБ-7 ВСР-13', 1, '2025-08-20 15:15:10', '2025-08-20 15:15:10'),
(45, 2, 1, '7GH6WQ', '999999.999', '18000.000', 'ТСБ-7 ВСР-14', 1, '2025-08-20 15:15:10', '2025-08-20 15:15:10'),
(46, 2, 2, 'XLM812', '999999.999', '18000.000', 'ТСБ-8 ВСР-15', 1, '2025-08-20 15:15:10', '2025-08-20 15:15:10'),
(47, 2, 2, 'LPO9F1', '999999.999', '18000.000', 'ТСБ-8 ВСР-16', 1, '2025-08-20 15:15:10', '2025-08-20 15:15:10'),
(48, 2, NULL, 'UUE1Z0', '999999.999', '12000.000', 'Т-5 ВРП-1', 1, '2025-08-20 15:15:10', '2025-08-20 15:15:10'),
(49, 2, NULL, 'MKTQ6Z', '999999.999', '12000.000', 'Т-5 ВРП-2', 1, '2025-08-20 15:15:10', '2025-08-20 15:15:10'),
(50, 2, NULL, '3KVP03', '999999.999', '12000.000', 'Т-6 ВСР-1', 1, '2025-08-20 15:15:10', '2025-08-20 15:15:10'),
(51, 2, NULL, 'TXD6YY', '999999.999', '12000.000', 'Т-6 ВСР-2', 1, '2025-08-20 15:15:10', '2025-08-20 15:15:10'),
(52, 2, NULL, 'LA1BL5', '999999.999', '14000.000', 'Л-БН-1', 1, '2025-08-20 15:15:10', '2025-08-20 15:15:10'),
(53, 2, NULL, 'LB2GG4', '999999.999', '7000.000', 'Л-БН-2', 1, '2025-08-20 15:15:10', '2025-08-20 15:15:10'),
(54, 2, 3, 'TSN1PG', '999999.999', '234000.000', 'ТСН-1 (ПГУ)', 1, '2025-08-20 15:15:10', '2025-08-20 15:15:10'),
(55, 2, 5, 'TSN2PG', '999999.999', '234000.000', 'ТСН-2 (ПГУ)', 1, '2025-08-20 15:15:10', '2025-08-20 15:15:10'),
(56, 3, 1, 'TV7ABC', '999999.999', '6300.000', 'ТВ-7', 1, '2025-08-20 15:15:10', '2025-08-20 15:15:10'),
(57, 3, 2, 'TV8XYZ', '999999.999', '12600.000', 'ТВ-8', 1, '2025-08-20 15:15:10', '2025-08-20 15:15:10'),
(58, 3, NULL, 'RB3KL7', '999999.999', '3600.000', 'РВ-3', 1, '2025-08-20 15:15:10', '2025-08-20 15:15:10'),
(59, 4, NULL, 'OKRSL2', '999999.999', '1000.000', 'Хоз. нужды', 1, '2025-08-20 15:15:10', '2025-08-22 18:11:58');

-- --------------------------------------------------------

--
-- Table structure for table `meter_readings`
--

CREATE TABLE `meter_readings` (
  `id` bigint NOT NULL,
  `meter_id` int NOT NULL,
  `date` date NOT NULL,
  `r0` decimal(14,3) NOT NULL,
  `r8` decimal(14,3) DEFAULT NULL,
  `r16` decimal(14,3) DEFAULT NULL,
  `r24` decimal(14,3) DEFAULT NULL,
  `shift1` decimal(14,3) DEFAULT NULL,
  `shift2` decimal(14,3) DEFAULT NULL,
  `shift3` decimal(14,3) DEFAULT NULL,
  `total` decimal(14,3) DEFAULT NULL,
  `user_id` int DEFAULT NULL,
  `created_at` timestamp NOT NULL DEFAULT CURRENT_TIMESTAMP,
  `updated_at` timestamp NOT NULL DEFAULT CURRENT_TIMESTAMP ON UPDATE CURRENT_TIMESTAMP
) ENGINE=InnoDB DEFAULT CHARSET=utf8mb4 COLLATE=utf8mb4_0900_ai_ci;

--
-- Dumping data for table `meter_readings`
--

INSERT INTO `meter_readings` (`id`, `meter_id`, `date`, `r0`, `r8`, `r16`, `r24`, `shift1`, `shift2`, `shift3`, `total`, `user_id`, `created_at`, `updated_at`) VALUES
(130, 40, '2025-08-23', '1.000', '6.000', '11.000', '21.000', '8100.000', '8100.000', '16200.000', '32400.000', 1, '2025-08-22 23:45:30', '2025-08-22 23:45:44'),
(131, 41, '2025-08-23', '1.000', '6.000', '11.000', '21.000', '4025.000', '4025.000', '8050.000', '16100.000', 1, '2025-08-22 23:45:30', '2025-08-22 23:45:44'),
(132, 54, '2025-08-23', '1.000', '2.000', '3.000', '4.000', '234.000', '234.000', '234.000', '702.000', 1, '2025-08-22 23:45:44', '2025-08-22 23:45:44'),
(133, 55, '2025-08-23', '1.000', '2.000', '3.000', '4.000', '234.000', '234.000', '234.000', '702.000', 1, '2025-08-22 23:45:44', '2025-08-22 23:45:44'),
(134, 40, '2025-08-22', '1.200', '2.000', '2.900', '3.800', '1296.000', '1458.000', '1458.000', '4212.000', 1, '2025-08-22 23:47:04', '2025-08-23 00:00:59'),
(135, 41, '2025-08-22', '4.500', '5.500', '6.400', '7.500', '805.000', '724.500', '885.500', '2415.000', 1, '2025-08-22 23:47:04', '2025-08-23 00:00:59'),
(136, 44, '2025-08-22', '0.000', NULL, NULL, NULL, NULL, NULL, NULL, '0.000', 1, '2025-08-22 23:47:04', '2025-08-23 00:00:59'),
(137, 54, '2025-08-22', '1.000', '1.500', '1.900', '2.400', '117.000', '93.600', '117.000', '327.600', 1, '2025-08-22 23:47:16', '2025-08-23 00:00:59'),
(138, 55, '2025-08-22', '1.000', '1.600', '2.300', '2.900', '140.400', '163.800', '140.400', '444.600', 1, '2025-08-22 23:47:16', '2025-08-23 00:00:59'),
(139, 38, '2025-08-22', '0.900', '1.800', '2.500', '3.100', '1458.000', '1134.000', '972.000', '3564.000', 1, '2025-08-22 23:48:25', '2025-08-23 00:00:59'),
(140, 39, '2025-08-22', '1.500', '3.000', '4.500', '6.000', '1207.500', '1207.500', '1207.500', '3622.500', 1, '2025-08-22 23:48:25', '2025-08-23 00:00:59'),
(141, 44, '2025-08-25', '11.000', '20.000', NULL, NULL, '162.000', NULL, NULL, '162.000', 1, '2025-08-25 07:20:59', '2025-08-25 09:15:07'),
(142, 42, '2025-08-25', '10.000', '11.000', NULL, NULL, '24.000', NULL, NULL, '24.000', 1, '2025-08-25 07:27:42', '2025-08-25 09:15:07'),
(143, 38, '2025-08-25', '10.000', '20.000', NULL, NULL, '16200.000', NULL, NULL, '16200.000', 1, '2025-08-25 08:26:03', '2025-08-25 09:15:07'),
(144, 39, '2025-08-25', '10.000', '30.000', NULL, NULL, '16100.000', NULL, NULL, '16100.000', 1, '2025-08-25 08:26:08', '2025-08-25 09:15:07'),
(145, 54, '2025-08-25', '10.000', '20.000', NULL, NULL, '2340.000', NULL, NULL, '2340.000', 1, '2025-08-25 08:27:02', '2025-08-25 09:15:07');

-- --------------------------------------------------------

--
-- Table structure for table `meter_reading_history`
--

CREATE TABLE `meter_reading_history` (
  `history_id` bigint NOT NULL,
  `reading_id` bigint NOT NULL,
  `old_r0` decimal(14,3) DEFAULT NULL,
  `old_r8` decimal(14,3) DEFAULT NULL,
  `old_r16` decimal(14,3) DEFAULT NULL,
  `old_r24` decimal(14,3) DEFAULT NULL,
  `new_r0` decimal(14,3) DEFAULT NULL,
  `new_r8` decimal(14,3) DEFAULT NULL,
  `new_r16` decimal(14,3) DEFAULT NULL,
  `new_r24` decimal(14,3) DEFAULT NULL,
  `user_id` int DEFAULT NULL,
  `changed_at` timestamp NOT NULL DEFAULT CURRENT_TIMESTAMP,
  `comment` varchar(255) DEFAULT NULL
) ENGINE=InnoDB DEFAULT CHARSET=utf8mb4 COLLATE=utf8mb4_0900_ai_ci;

-- --------------------------------------------------------

--
-- Table structure for table `meter_replacements`
--

CREATE TABLE `meter_replacements` (
  `id` bigint NOT NULL,
  `meter_id` int NOT NULL,
  `replacement_date` date NOT NULL,
  `replacement_time` time NOT NULL,
  `old_serial` varchar(50) NOT NULL,
  `old_coefficient` decimal(10,4) NOT NULL,
  `old_scale` decimal(12,3) NOT NULL,
  `old_reading` decimal(14,3) NOT NULL,
  `new_serial` varchar(50) NOT NULL,
  `new_coefficient` decimal(10,4) NOT NULL,
  `new_scale` decimal(12,3) NOT NULL,
  `new_reading` decimal(14,3) NOT NULL,
  `downtime_min` int NOT NULL DEFAULT '0',
  `power_mw` decimal(8,3) NOT NULL DEFAULT '0.000',
  `user_id` int DEFAULT NULL,
  `comment` varchar(255) CHARACTER SET utf8mb4 COLLATE utf8mb4_0900_ai_ci DEFAULT NULL,
  `created_at` timestamp NOT NULL DEFAULT CURRENT_TIMESTAMP
) ENGINE=InnoDB DEFAULT CHARSET=utf8mb4 COLLATE=utf8mb4_0900_ai_ci;

-- --------------------------------------------------------

--
-- Table structure for table `meter_replacement_cancellations`
--

CREATE TABLE `meter_replacement_cancellations` (
  `id` bigint NOT NULL,
  `meter_id` int NOT NULL,
  `replacement_id` bigint NOT NULL,
  `cancellation_date` date NOT NULL,
  `user_id` int DEFAULT NULL,
  `comment` varchar(255) CHARACTER SET utf8mb4 COLLATE utf8mb4_0900_ai_ci DEFAULT NULL,
  `created_at` timestamp NOT NULL DEFAULT CURRENT_TIMESTAMP
) ENGINE=InnoDB DEFAULT CHARSET=utf8mb4 COLLATE=utf8mb4_0900_ai_ci;

-- --------------------------------------------------------

--
-- Table structure for table `meter_reserve_assignments`
--

CREATE TABLE `meter_reserve_assignments` (
  `id` bigint NOT NULL,
  `reserve_meter_id` int NOT NULL,
  `primary_meter_id` int NOT NULL,
  `start_time` datetime NOT NULL,
  `start_reading` decimal(14,3) NOT NULL,
  `end_time` datetime DEFAULT NULL,
  `end_reading` decimal(14,3) DEFAULT NULL,
  `user_id` int DEFAULT NULL,
  `comment` varchar(255) COLLATE utf8mb4_unicode_ci DEFAULT NULL,
  `created_at` timestamp NULL DEFAULT CURRENT_TIMESTAMP
) ENGINE=InnoDB DEFAULT CHARSET=utf8mb4 COLLATE=utf8mb4_unicode_ci;

--
-- Dumping data for table `meter_reserve_assignments`
--

INSERT INTO `meter_reserve_assignments` (`id`, `reserve_meter_id`, `primary_meter_id`, `start_time`, `start_reading`, `end_time`, `end_reading`, `user_id`, `comment`, `created_at`) VALUES
(16, 42, 44, '2025-08-22 14:15:00', '0.000', '2025-08-22 22:02:00', '20.000', 1, '', '2025-08-22 17:02:02'),
(17, 42, 44, '2025-08-25 02:00:00', '0.000', '2025-08-25 05:00:00', '10.000', 1, '', '2025-08-25 07:21:56');

-- --------------------------------------------------------

--
-- Table structure for table `meter_types`
--

CREATE TABLE `meter_types` (
  `id` int NOT NULL,
  `name` varchar(100) NOT NULL,
  `description` text
) ENGINE=InnoDB DEFAULT CHARSET=utf8mb4 COLLATE=utf8mb4_0900_ai_ci;

--
-- Dumping data for table `meter_types`
--

INSERT INTO `meter_types` (`id`, `name`, `description`) VALUES
(1, 'Выработка электроэнергии', 'Учёт выработанной энергии'),
(2, 'Расход на собственные нужды', 'Учёт расхода на собственные нужды станции'),
(3, 'Тиристорные', 'Учёт тиристорных возбудителей'),
(4, 'Расход на хозяйственные нужды', 'Учёт расхода на хозяйственные нужды');

-- --------------------------------------------------------

--
-- Table structure for table `parameters`
--

CREATE TABLE `parameters` (
  `id` int NOT NULL,
  `name` varchar(100) CHARACTER SET utf8mb4 COLLATE utf8mb4_unicode_ci NOT NULL,
  `description` text CHARACTER SET utf8mb4 COLLATE utf8mb4_unicode_ci,
  `unit` varchar(50) CHARACTER SET utf8mb4 COLLATE utf8mb4_unicode_ci DEFAULT NULL,
  `equipment_type_id` int NOT NULL
) ENGINE=InnoDB DEFAULT CHARSET=utf8mb4 COLLATE=utf8mb4_unicode_ci;

--
-- Dumping data for table `parameters`
--

INSERT INTO `parameters` (`id`, `name`, `description`, `unit`, `equipment_type_id`) VALUES
(11, 'Отпуск тепла на теплоцентраль', 'Отпуск тепла на теплоцентраль', 'Гкал', 2),
(12, 'Отпуск тепла на блоки', 'Отпуск тепла на блоки', 'Гкал', 2),
(13, 'Барометрическое давление', 'Барометрическое давление', 'мбар', 2),
(14, 'Относительная влажность атмосферного воздуха', 'Относительная влажность атмосферного воздуха', '%', 2),
(15, 'Относительная влажность на входе компрессора', 'Относительная влажность на входе компрессора', '%', 2),
(16, 'cosφГТ', 'Коэффициент мощности газовой турбины', '', 2),
(17, 'Частота ГТ', 'Частота газовой турбины', 'Гц', 2),
(18, 'cosφПТ', 'Коэффициент мощности паровой турбины', '', 2),
(19, 'Температура влажного термометра на входе в градирни', 'Температура влажного термометра на входе в градирни', '°C', 2),
(20, 'Температура наружного воздуха', 'Температура наружного воздуха', '°C', 2),
(21, 'Температура воздуха на входе в компрессор', 'Температура воздуха на входе в компрессор', '°C', 2),
(22, 'Давление природного газа на входе в ГДКС', 'Давление природного газа на входе в ГДКС', 'бар', 2),
(23, 'Температура природного газа на входе в ГДКС', 'Температура природного газа на входе в ГДКС', '°C', 2),
(24, 'Расход топлива на ГТУ', 'Расход топлива на ГТУ', 'тысяч м³', 2),
(25, 'Плотность природного газа', 'Плотность природного газа', 'кг/м³', 2),
(26, 'Соотношение Н/С', 'Соотношение водорода к углероду', '', 2),
(27, 'Низшая теплота сгорания топлива на ГТУ', 'Низшая теплота сгорания топлива на ГТУ', 'кДж/кг', 2),
(28, 'Сопротивление КВОУ', 'Сопротивление котла-утилизатора очистки уходящих газов', 'Па', 2),
(29, 'P острого пара перед т/а', 'Давление острого пара перед турбоагрегатом', 'kg/sm²', 1),
(30, 't острого пара перед т/а', 'Температура острого пара перед турбоагрегатом', '°C', 1),
(31, 't в циркводы на входе', 'Температура циркуляционной воды на входе', '°C', 1),
(32, 't в циркводы на выходе', 'Температура циркуляционной воды на выходе', '°C', 1),
(33, 't питательной воды', 'Температура питательной воды', '°C', 1),
(34, 'Расход дистиллята', 'Расход дистиллята', 'т/ч', 1),
(35, 'Выработка пара котлами', 'Выработка пара котлами', 't', 1),
(36, 'Продувка', 'Продувка котла', '%', 1),
(37, 'Расход питательной воды', 'Расход питательной воды', 't', 1),
(38, 't пара после промперегрева', 'Температура пара после промежуточного перегрева', '°C', 1),
(39, 't пара до промперегрева', 'Температура пара до промежуточного перегрева', '°C', 1),
(40, 't питательной воды ПВД', 'Температура питательной воды после ПВД', '°C', 1),
(41, 'P кс питательной воды', 'Давление питательной воды', '°C', 1),
(42, 't холодного воздуха', 'Температура холодного воздуха', '°C', 1),
(43, 'Факт Qнр (газ)', 'Фактическая низшая теплота сгорания газа', 'kcal/nm³', 1),
(44, 'Факт Qнр (мазут)', 'Фактическая низшая теплота сгорания мазута', 'kcal/kg', 1),
(45, 'В топлива за месяц (газ)', 'Расход топлива за месяц (газ)', 'nm³', 1),
(46, 'В топлива за месяц (мазут)', 'Расход топлива за месяц (мазут)', 't', 1),
(47, 'Температура уходящих газов', 'Температура уходящих газов', '°C', 1),
(48, 'α- уходящих', 'Коэффициент избытка воздуха уходящих газов', '', 1);

-- --------------------------------------------------------

--
-- Table structure for table `parameter_values`
--

CREATE TABLE `parameter_values` (
  `id` int NOT NULL,
  `parameter_id` int NOT NULL,
  `equipment_id` int NOT NULL,
  `value` decimal(10,2) NOT NULL,
  `date` date NOT NULL,
  `shift_id` int NOT NULL,
  `user_id` int NOT NULL,
  `created_at` timestamp NULL DEFAULT CURRENT_TIMESTAMP,
  `cell` varchar(20) COLLATE utf8mb4_unicode_ci DEFAULT NULL
) ENGINE=InnoDB DEFAULT CHARSET=utf8mb4 COLLATE=utf8mb4_unicode_ci;

--
-- Dumping data for table `parameter_values`
--

INSERT INTO `parameter_values` (`id`, `parameter_id`, `equipment_id`, `value`, `date`, `shift_id`, `user_id`, `created_at`, `cell`) VALUES
(157, 13, 3, '999.60', '2025-08-22', 1, 1, '2025-08-22 17:37:03', 'D14'),
(158, 14, 3, '32.60', '2025-08-22', 1, 1, '2025-08-22 17:37:03', 'D15'),
(159, 16, 3, '0.95', '2025-08-22', 1, 1, '2025-08-22 17:37:03', 'D17'),
(160, 17, 3, '50.00', '2025-08-22', 1, 1, '2025-08-22 17:37:03', 'D18'),
(161, 20, 3, '28.70', '2025-08-22', 1, 1, '2025-08-22 17:37:03', 'D21'),
(162, 21, 3, '26.30', '2025-08-22', 1, 1, '2025-08-22 17:37:03', 'D22'),
(163, 22, 3, '12.30', '2025-08-22', 1, 1, '2025-08-22 17:37:03', 'D25'),
(164, 23, 3, '23.40', '2025-08-22', 1, 1, '2025-08-22 17:37:03', 'D26'),
(165, 24, 3, '30328.31', '2025-08-22', 1, 1, '2025-08-22 17:37:03', 'D27'),
(166, 25, 3, '0.72', '2025-08-22', 1, 1, '2025-08-22 17:37:03', 'D28'),
(167, 27, 3, '47246.88', '2025-08-22', 1, 1, '2025-08-22 17:37:03', 'D30'),
(168, 28, 3, '1849.00', '2025-08-22', 1, 1, '2025-08-22 17:37:03', 'D31'),
(169, 11, 4, '534.36', '2025-08-22', 1, 1, '2025-08-22 17:37:04', 'E6'),
(170, 18, 4, '0.95', '2025-08-22', 1, 1, '2025-08-22 17:37:04', 'E19'),
(171, 19, 4, '9.20', '2025-08-22', 1, 1, '2025-08-22 17:37:04', 'E20'),
(172, 11, 6, '437.49', '2025-08-22', 1, 1, '2025-08-22 17:43:34', 'H6'),
(173, 13, 5, '999.60', '2025-08-22', 1, 1, '2025-08-22 21:58:30', 'G14'),
(174, 14, 5, '32.60', '2025-08-22', 1, 1, '2025-08-22 21:58:30', 'G15'),
(175, 16, 5, '0.95', '2025-08-22', 1, 1, '2025-08-22 21:58:30', 'G17'),
(176, 17, 5, '50.00', '2025-08-22', 1, 1, '2025-08-22 21:58:30', 'G18'),
(177, 20, 5, '28.70', '2025-08-22', 1, 1, '2025-08-22 21:58:30', 'G21'),
(178, 21, 5, '26.30', '2025-08-22', 1, 1, '2025-08-22 21:58:30', 'G22'),
(179, 22, 5, '12.30', '2025-08-22', 1, 1, '2025-08-22 21:58:30', 'G25'),
(180, 23, 5, '23.40', '2025-08-22', 1, 1, '2025-08-22 21:58:30', 'G26'),
(181, 24, 5, '30328.31', '2025-08-22', 1, 1, '2025-08-22 21:58:30', 'G27'),
(182, 25, 5, '0.72', '2025-08-22', 1, 1, '2025-08-22 21:58:30', 'G28'),
(183, 27, 5, '47246.88', '2025-08-22', 1, 1, '2025-08-22 21:58:30', 'G30'),
(184, 28, 5, '1849.00', '2025-08-22', 1, 1, '2025-08-22 21:58:30', 'G31'),
(185, 18, 6, '0.95', '2025-08-22', 1, 1, '2025-08-22 21:58:31', 'H19'),
(186, 19, 6, '9.20', '2025-08-22', 1, 1, '2025-08-22 21:58:31', 'H20');

-- --------------------------------------------------------

--
-- Table structure for table `pgu_fullparams`
--

CREATE TABLE `pgu_fullparams` (
  `id` int NOT NULL,
  `code` varchar(50) CHARACTER SET utf8mb4 COLLATE utf8mb4_unicode_ci NOT NULL,
  `title` text CHARACTER SET utf8mb4 COLLATE utf8mb4_unicode_ci NOT NULL,
  `unit` varchar(50) CHARACTER SET utf8mb4 COLLATE utf8mb4_unicode_ci DEFAULT NULL,
  `row_num` int DEFAULT NULL
) ENGINE=InnoDB DEFAULT CHARSET=utf8mb4 COLLATE=utf8mb4_unicode_ci;

--
-- Dumping data for table `pgu_fullparams`
--

INSERT INTO `pgu_fullparams` (`id`, `code`, `title`, `unit`, `row_num`) VALUES
(1, 'Эвыр_гту', 'Выработка э.э газовой турбиной', 'x10^3 kWh', 10),
(2, 'Эвыр_пту', 'Выработка э.э паровой турбиной', 'x10^3 kWh', 11),
(3, 'Эвыр_пгу', 'Выработка электроэнергии ПГУ', 'x10^3 kWh', 12),
(4, 'Эотп_пгу', 'Отпуск электроэнергии от блока', 'x10^3 kWh', 13),
(5, 'Qотп_пгу', 'Отпуск тепла', 'Гкал', 14),
(6, 'Эсн', 'СН блока э.э., %', '%', 15),
(7, 'τрабПГУ', 'Число часов работы ПГУ', 'часы', 16),
(8, 'τАОС', 'Число часов работы ПГУ с системой АОС', 'часы', 17),
(9, 'τИО', 'Число часов работы ПГУ с испарительным охладителем', 'часы', 18),
(10, 'τхарак_пт', 'Наработка блока на момент составления характеристик', 'часы', 19),
(11, 'tн.в', 'Температура наружного воздуха', '°C', 20),
(12, 'tвх.к', 'Температура на входе компрессора по сухому термометру', '°C', 21),
(13, 'Испаритель', 'Испаритель включен-1, выключен-0', '', 22),
(14, 'Рбар', 'Барометрическое давление', 'mbar', 23),
(15, 'φвоз', 'Относительная влажность атмосферного воздуха', '%', 24),
(16, 'φвх.к', 'Относительная влажность на входе компрессора', '%', 25),
(17, 'tвл.т.вх.град', 'Температура влажного термометра на входе в градирни', '°C', 26),
(18, 'cosφГТ', 'Коэффициент мощности газовой турбины', '', 27),
(19, 'ν', 'Системная частота (относительная частота вращения двигателя ГТ)', '', 28),
(20, 'cosφПТ', 'Коэффициент мощности паровой турбины', '', 29),
(21, 'Qнр', 'Низшая теплота сгорания топлива, kJ/kg', 'kJ/kg', 30),
(22, 'Qнр_ккал', 'Низшая теплота сгорания топлива, kcal/nm3', 'kcal/nm3', 31),
(23, 'Ргаза', 'Давление топливного газа', 'bara', 32),
(24, 'Тгаза', 'Температура топливного газа', '°C', 33),
(25, 'Qотб', 'Тепловая нагрузка', 'Gcal/h', 34),
(26, 'ΔРКВОУ', 'Сопротивление КВОУ', 'kPa', 35),
(27, 'Δt', 'Разница температуры наружного воздуха и на входе компрессора', '°C', 36),
(28, 'H/C', 'Соотношение H/C', '', 37),
(29, 'Q′нр', 'Отклонение низшей теплоты от проектной', '%', 38),
(30, 'τнараб_пгу', 'Эквивалентные часы работы блока', 'часы', 39),
(31, 'nпуск_пгу', 'Количество пусков ПГУ по диспетчерскому графику', '', 40),
(32, 'BнатПГУ', 'Количество топлива в натуральном исчислении за месяц', 'м³', 41),
(33, 'Впгуф', 'Фактический расход топлива на ПГУ (условное)', 'т.усл.топл./мес', 42),
(34, 'ρг', 'Плотность природного газа', 'kg/m³', 43);

-- --------------------------------------------------------

--
-- Table structure for table `pgu_fullparam_values`
--

CREATE TABLE `pgu_fullparam_values` (
  `id` bigint NOT NULL,
  `fullparam_id` int NOT NULL,
  `pgu_id` int NOT NULL,
  `date` date NOT NULL,
  `shift_id` int NOT NULL,
  `value` decimal(20,4) DEFAULT NULL,
  `cell` varchar(20) COLLATE utf8mb4_unicode_ci DEFAULT NULL
) ENGINE=InnoDB DEFAULT CHARSET=utf8mb4 COLLATE=utf8mb4_unicode_ci;

--
-- Dumping data for table `pgu_fullparam_values`
--

INSERT INTO `pgu_fullparam_values` (`id`, `fullparam_id`, `pgu_id`, `date`, `shift_id`, `value`, `cell`) VALUES
(897, 14, 1, '2025-08-22', 1, '999.6000', 'F23'),
(898, 15, 1, '2025-08-22', 1, '32.6000', 'F24'),
(899, 18, 1, '2025-08-22', 1, '0.9500', 'F27'),
(900, 19, 1, '2025-08-22', 1, '50.0000', 'F28'),
(901, 11, 1, '2025-08-22', 1, '28.7000', 'F20'),
(902, 12, 1, '2025-08-22', 1, '26.3000', 'F21'),
(903, 23, 1, '2025-08-22', 1, '12.3000', 'F32'),
(904, 24, 1, '2025-08-22', 1, '23.4000', 'F33'),
(905, 32, 1, '2025-08-22', 1, '30328.3100', 'F41'),
(906, 34, 1, '2025-08-22', 1, '0.7200', 'F43'),
(907, 21, 1, '2025-08-22', 1, '47246.8800', 'F30'),
(908, 26, 1, '2025-08-22', 1, '1849.0000', 'F35'),
(909, 22, 1, '2025-08-22', 1, '8125.0009', 'F31'),
(910, 27, 1, '2025-08-22', 1, '-2.4000', 'F36'),
(911, 29, 1, '2025-08-22', 1, '-1.5587', 'F38'),
(912, 33, 1, '2025-08-22', 1, '35202.5066', 'F42'),
(913, 5, 1, '2025-08-22', 1, '534.3600', 'F14'),
(914, 20, 1, '2025-08-22', 1, '0.9500', 'F29'),
(915, 17, 1, '2025-08-22', 1, '9.2000', 'F26'),
(916, 14, 2, '2025-08-22', 1, '999.6000', 'G23'),
(917, 15, 2, '2025-08-22', 1, '32.6000', 'G24'),
(918, 18, 2, '2025-08-22', 1, '0.9500', 'G27'),
(919, 19, 2, '2025-08-22', 1, '50.0000', 'G28'),
(920, 11, 2, '2025-08-22', 1, '28.7000', 'G20'),
(921, 12, 2, '2025-08-22', 1, '26.3000', 'G21'),
(922, 23, 2, '2025-08-22', 1, '12.3000', 'G32'),
(923, 24, 2, '2025-08-22', 1, '23.4000', 'G33'),
(924, 32, 2, '2025-08-22', 1, '30328.3100', 'G41'),
(925, 34, 2, '2025-08-22', 1, '0.7200', 'G43'),
(926, 21, 2, '2025-08-22', 1, '47246.8800', 'G30'),
(927, 26, 2, '2025-08-22', 1, '1849.0000', 'G35'),
(928, 22, 2, '2025-08-22', 1, '8125.0009', 'G31'),
(929, 27, 2, '2025-08-22', 1, '-2.4000', 'G36'),
(930, 29, 2, '2025-08-22', 1, '-1.5587', 'G38'),
(931, 33, 2, '2025-08-22', 1, '35202.5066', 'G42'),
(932, 5, 2, '2025-08-22', 1, '437.4900', 'G14'),
(933, 20, 2, '2025-08-22', 1, '0.9500', 'G29'),
(934, 17, 2, '2025-08-22', 1, '9.2000', 'G26'),
(935, 1, 2, '2025-08-23', 1, '8100.0000', 'G10'),
(936, 1, 2, '2025-08-23', 2, '8100.0000', 'G10'),
(937, 1, 2, '2025-08-23', 3, '16200.0000', 'G10'),
(938, 3, 2, '2025-08-23', 1, '12125.0000', 'G12'),
(939, 4, 2, '2025-08-23', 1, '11891.0000', 'G13'),
(940, 3, 2, '2025-08-23', 2, '12125.0000', 'G12'),
(941, 4, 2, '2025-08-23', 2, '11891.0000', 'G13'),
(942, 3, 2, '2025-08-23', 3, '24250.0000', 'G12'),
(943, 4, 2, '2025-08-23', 3, '24016.0000', 'G13'),
(944, 2, 2, '2025-08-23', 1, '4025.0000', 'G11'),
(945, 2, 2, '2025-08-23', 2, '4025.0000', 'G11'),
(946, 2, 2, '2025-08-23', 3, '8050.0000', 'G11'),
(947, 1, 1, '2025-08-22', 1, '1458.0000', 'F10'),
(948, 1, 1, '2025-08-22', 2, '1134.0000', 'F10'),
(949, 1, 1, '2025-08-22', 3, '972.0000', 'F10'),
(950, 3, 1, '2025-08-22', 1, '2665.5000', 'F12'),
(951, 4, 1, '2025-08-22', 1, '2548.5000', 'F13'),
(952, 3, 1, '2025-08-22', 2, '2341.5000', 'F12'),
(953, 4, 1, '2025-08-22', 2, '2247.9000', 'F13'),
(954, 3, 1, '2025-08-22', 3, '2179.5000', 'F12'),
(955, 4, 1, '2025-08-22', 3, '2062.5000', 'F13'),
(956, 2, 1, '2025-08-22', 1, '1207.5000', 'F11'),
(957, 2, 1, '2025-08-22', 2, '1207.5000', 'F11'),
(958, 2, 1, '2025-08-22', 3, '1207.5000', 'F11'),
(959, 1, 2, '2025-08-22', 1, '1296.0000', 'G10'),
(960, 1, 2, '2025-08-22', 2, '1458.0000', 'G10'),
(961, 1, 2, '2025-08-22', 3, '1458.0000', 'G10'),
(962, 3, 2, '2025-08-22', 1, '2101.0000', 'G12'),
(963, 4, 2, '2025-08-22', 1, '1960.6000', 'G13'),
(964, 3, 2, '2025-08-22', 2, '2182.5000', 'G12'),
(965, 4, 2, '2025-08-22', 2, '2018.7000', 'G13'),
(966, 3, 2, '2025-08-22', 3, '2343.5000', 'G12'),
(967, 4, 2, '2025-08-22', 3, '2203.1000', 'G13'),
(968, 2, 2, '2025-08-22', 1, '805.0000', 'G11'),
(969, 2, 2, '2025-08-22', 2, '724.5000', 'G11'),
(970, 2, 2, '2025-08-22', 3, '885.5000', 'G11'),
(971, 7, 1, '2025-08-25', 1, '8.0000', 'F16'),
(972, 7, 2, '2025-08-25', 1, '8.0000', 'G16'),
(973, 7, 3, '2025-08-25', 1, '16.0000', 'H16'),
(974, 8, 1, '2025-08-25', 1, '8.0000', 'F17'),
(975, 8, 2, '2025-08-25', 1, '8.0000', 'G17'),
(976, 8, 3, '2025-08-25', 1, '16.0000', 'H17'),
(977, 9, 1, '2025-08-25', 1, '8.0000', 'F18'),
(978, 9, 2, '2025-08-25', 1, '8.0000', 'G18'),
(979, 9, 3, '2025-08-25', 1, '16.0000', 'H18'),
(980, 10, 1, '2025-08-25', 1, '0.0000', 'F19'),
(981, 10, 2, '2025-08-25', 1, '0.0000', 'G19'),
(982, 10, 3, '2025-08-25', 1, '0.0000', 'H19'),
(983, 13, 1, '2025-08-25', 1, '1.0000', 'F22'),
(984, 13, 2, '2025-08-25', 1, '1.0000', 'G22'),
(985, 13, 3, '2025-08-25', 1, '1.0000', 'H22'),
(986, 25, 3, '2025-08-25', 1, '0.0000', 'H34'),
(987, 30, 1, '2025-08-25', 1, '261.1800', 'F39'),
(988, 30, 2, '2025-08-25', 1, '265.1800', 'G39'),
(989, 30, 3, '2025-08-25', 1, '526.3700', 'H39'),
(990, 31, 1, '2025-08-25', 1, '0.0000', 'F40'),
(991, 31, 2, '2025-08-25', 1, '0.0000', 'G40'),
(992, 31, 3, '2025-08-25', 1, '0.0000', 'H40'),
(993, 7, 1, '2025-08-25', 2, '8.0000', 'F16'),
(994, 7, 2, '2025-08-25', 2, '8.0000', 'G16'),
(995, 7, 3, '2025-08-25', 2, '16.0000', 'H16'),
(996, 8, 1, '2025-08-25', 2, '2.8400', 'F17'),
(997, 8, 2, '2025-08-25', 2, '8.0000', 'G17'),
(998, 8, 3, '2025-08-25', 2, '10.8400', 'H17'),
(999, 9, 1, '2025-08-25', 2, '2.8400', 'F18'),
(1000, 9, 2, '2025-08-25', 2, '8.0000', 'G18'),
(1001, 9, 3, '2025-08-25', 2, '10.8400', 'H18'),
(1002, 10, 1, '2025-08-25', 2, '0.0000', 'F19'),
(1003, 10, 2, '2025-08-25', 2, '0.0000', 'G19'),
(1004, 10, 3, '2025-08-25', 2, '0.0000', 'H19'),
(1005, 13, 1, '2025-08-25', 2, '0.0000', 'F22'),
(1006, 13, 2, '2025-08-25', 2, '1.0000', 'G22'),
(1007, 13, 3, '2025-08-25', 2, '1.0000', 'H22'),
(1008, 25, 3, '2025-08-25', 2, '0.0000', 'H34'),
(1009, 30, 1, '2025-08-25', 2, '261.1800', 'F39'),
(1010, 30, 2, '2025-08-25', 2, '265.1800', 'G39'),
(1011, 30, 3, '2025-08-25', 2, '526.3700', 'H39'),
(1012, 31, 1, '2025-08-25', 2, '0.0000', 'F40'),
(1013, 31, 2, '2025-08-25', 2, '0.0000', 'G40'),
(1014, 31, 3, '2025-08-25', 2, '0.0000', 'H40'),
(1015, 7, 1, '2025-08-25', 3, '8.0000', 'F16'),
(1016, 7, 2, '2025-08-25', 3, '8.0000', 'G16'),
(1017, 7, 3, '2025-08-25', 3, '16.0000', 'H16'),
(1018, 8, 1, '2025-08-25', 3, '0.0000', 'F17'),
(1019, 8, 2, '2025-08-25', 3, '8.0000', 'G17'),
(1020, 8, 3, '2025-08-25', 3, '8.0000', 'H17'),
(1021, 9, 1, '2025-08-25', 3, '0.0000', 'F18'),
(1022, 9, 2, '2025-08-25', 3, '8.0000', 'G18'),
(1023, 9, 3, '2025-08-25', 3, '8.0000', 'H18'),
(1024, 10, 1, '2025-08-25', 3, '0.0000', 'F19'),
(1025, 10, 2, '2025-08-25', 3, '0.0000', 'G19'),
(1026, 10, 3, '2025-08-25', 3, '0.0000', 'H19'),
(1027, 13, 1, '2025-08-25', 3, '0.0000', 'F22'),
(1028, 13, 2, '2025-08-25', 3, '1.0000', 'G22'),
(1029, 13, 3, '2025-08-25', 3, '1.0000', 'H22'),
(1030, 25, 3, '2025-08-25', 3, '0.0000', 'H34'),
(1031, 30, 1, '2025-08-25', 3, '261.1800', 'F39'),
(1032, 30, 2, '2025-08-25', 3, '265.1800', 'G39'),
(1033, 30, 3, '2025-08-25', 3, '526.3700', 'H39'),
(1034, 31, 1, '2025-08-25', 3, '0.0000', 'F40'),
(1035, 31, 2, '2025-08-25', 3, '0.0000', 'G40'),
(1036, 31, 3, '2025-08-25', 3, '0.0000', 'H40'),
(1037, 7, 1, '2025-08-22', 1, '4.0000', 'F16'),
(1038, 7, 2, '2025-08-22', 1, '8.0000', 'G16'),
(1039, 7, 3, '2025-08-22', 1, '12.0000', 'H16'),
(1040, 8, 1, '2025-08-22', 1, '4.0000', 'F17'),
(1041, 8, 2, '2025-08-22', 1, '8.0000', 'G17'),
(1042, 8, 3, '2025-08-22', 1, '12.0000', 'H17'),
(1043, 9, 1, '2025-08-22', 1, '4.0000', 'F18'),
(1044, 9, 2, '2025-08-22', 1, '8.0000', 'G18'),
(1045, 9, 3, '2025-08-22', 1, '12.0000', 'H18'),
(1046, 10, 1, '2025-08-22', 1, '0.0000', 'F19'),
(1047, 10, 2, '2025-08-22', 1, '0.0000', 'G19'),
(1048, 10, 3, '2025-08-22', 1, '0.0000', 'H19'),
(1049, 13, 1, '2025-08-22', 1, '1.0000', 'F22'),
(1050, 13, 2, '2025-08-22', 1, '1.0000', 'G22'),
(1051, 13, 3, '2025-08-22', 1, '1.0000', 'H22'),
(1052, 25, 1, '2025-08-22', 1, '133.5900', 'F34'),
(1053, 25, 2, '2025-08-22', 1, '54.6900', 'G34'),
(1054, 25, 3, '2025-08-22', 1, '188.2800', 'H34'),
(1055, 30, 1, '2025-08-22', 1, '189.1800', 'F39'),
(1056, 30, 2, '2025-08-22', 1, '193.1800', 'G39'),
(1057, 30, 3, '2025-08-22', 1, '382.3700', 'H39'),
(1058, 31, 1, '2025-08-22', 1, '1.0000', 'F40'),
(1059, 31, 2, '2025-08-22', 1, '0.0000', 'G40'),
(1060, 31, 3, '2025-08-22', 1, '1.0000', 'H40'),
(1061, 7, 1, '2025-08-22', 2, '8.0000', 'F16'),
(1062, 7, 2, '2025-08-22', 2, '8.0000', 'G16'),
(1063, 7, 3, '2025-08-22', 2, '16.0000', 'H16'),
(1064, 8, 1, '2025-08-22', 2, '8.0000', 'F17'),
(1065, 8, 2, '2025-08-22', 2, '8.0000', 'G17'),
(1066, 8, 3, '2025-08-22', 2, '16.0000', 'H17'),
(1067, 9, 1, '2025-08-22', 2, '8.0000', 'F18'),
(1068, 9, 2, '2025-08-22', 2, '8.0000', 'G18'),
(1069, 9, 3, '2025-08-22', 2, '16.0000', 'H18'),
(1070, 10, 1, '2025-08-22', 2, '0.0000', 'F19'),
(1071, 10, 2, '2025-08-22', 2, '0.0000', 'G19'),
(1072, 10, 3, '2025-08-22', 2, '0.0000', 'H19'),
(1073, 13, 1, '2025-08-22', 2, '1.0000', 'F22'),
(1074, 13, 2, '2025-08-22', 2, '1.0000', 'G22'),
(1075, 13, 3, '2025-08-22', 2, '1.0000', 'H22'),
(1076, 25, 3, '2025-08-22', 2, '0.0000', 'H34'),
(1077, 30, 1, '2025-08-22', 2, '189.1800', 'F39'),
(1078, 30, 2, '2025-08-22', 2, '193.1800', 'G39'),
(1079, 30, 3, '2025-08-22', 2, '382.3700', 'H39'),
(1080, 31, 1, '2025-08-22', 2, '0.0000', 'F40'),
(1081, 31, 2, '2025-08-22', 2, '0.0000', 'G40'),
(1082, 31, 3, '2025-08-22', 2, '0.0000', 'H40'),
(1083, 7, 1, '2025-08-22', 3, '8.0000', 'F16'),
(1084, 7, 2, '2025-08-22', 3, '8.0000', 'G16'),
(1085, 7, 3, '2025-08-22', 3, '16.0000', 'H16'),
(1086, 8, 1, '2025-08-22', 3, '8.0000', 'F17'),
(1087, 8, 2, '2025-08-22', 3, '8.0000', 'G17'),
(1088, 8, 3, '2025-08-22', 3, '16.0000', 'H17'),
(1089, 9, 1, '2025-08-22', 3, '8.0000', 'F18'),
(1090, 9, 2, '2025-08-22', 3, '8.0000', 'G18'),
(1091, 9, 3, '2025-08-22', 3, '16.0000', 'H18'),
(1092, 10, 1, '2025-08-22', 3, '0.0000', 'F19'),
(1093, 10, 2, '2025-08-22', 3, '0.0000', 'G19'),
(1094, 10, 3, '2025-08-22', 3, '0.0000', 'H19'),
(1095, 13, 1, '2025-08-22', 3, '1.0000', 'F22'),
(1096, 13, 2, '2025-08-22', 3, '1.0000', 'G22'),
(1097, 13, 3, '2025-08-22', 3, '1.0000', 'H22'),
(1098, 25, 3, '2025-08-22', 3, '0.0000', 'H34'),
(1099, 30, 1, '2025-08-22', 3, '189.1800', 'F39'),
(1100, 30, 2, '2025-08-22', 3, '193.1800', 'G39'),
(1101, 30, 3, '2025-08-22', 3, '382.3700', 'H39'),
(1102, 31, 1, '2025-08-22', 3, '0.0000', 'F40'),
(1103, 31, 2, '2025-08-22', 3, '0.0000', 'G40'),
(1104, 31, 3, '2025-08-22', 3, '0.0000', 'H40'),
(1105, 1, 1, '2025-08-25', 1, '16200.0000', 'F10'),
(1106, 3, 1, '2025-08-25', 1, '32300.0000', 'F12'),
(1107, 4, 1, '2025-08-25', 1, '29960.0000', 'F13'),
(1108, 3, 1, '2025-08-25', 2, '0.0000', 'F12'),
(1109, 4, 1, '2025-08-25', 2, '0.0000', 'F13'),
(1110, 3, 1, '2025-08-25', 3, '0.0000', 'F12'),
(1111, 4, 1, '2025-08-25', 3, '0.0000', 'F13'),
(1112, 2, 1, '2025-08-25', 1, '16100.0000', 'F11');

-- --------------------------------------------------------

--
-- Table structure for table `pgu_result_params`
--

CREATE TABLE `pgu_result_params` (
  `id` int NOT NULL,
  `name` varchar(255) CHARACTER SET utf8mb4 COLLATE utf8mb4_unicode_ci NOT NULL,
  `unit` varchar(50) CHARACTER SET utf8mb4 COLLATE utf8mb4_unicode_ci DEFAULT NULL,
  `symbol` varchar(50) CHARACTER SET utf8mb4 COLLATE utf8mb4_unicode_ci DEFAULT NULL,
  `row_num` varchar(20) COLLATE utf8mb4_unicode_ci DEFAULT NULL
) ENGINE=InnoDB DEFAULT CHARSET=utf8mb4 COLLATE=utf8mb4_unicode_ci;

--
-- Dumping data for table `pgu_result_params`
--

INSERT INTO `pgu_result_params` (`id`, `name`, `unit`, `symbol`, `row_num`) VALUES
(38, 'Электрическая нагрузка ПГУ, MW, брутто', 'MW', 'Nпгубр', '47'),
(39, 'Электрическая нагрузка ПГУ, MW, нетто', 'MW', 'Nпгун', '48'),
(40, 'Электрическая нагрузка ГТУ, MW, нетто', 'MW', 'Nгтун', '49'),
(41, 'Электрическая нагрузка ПТУ, MW, нетто', 'MW', 'Nптун', '50'),
(42, 'Исходно-номинальный УРТ ПГУ, g/kWh', 'g/kWh', 'bэ(ином)пгу', '51'),
(43, 'Фактический расход топлива за месяц на ПГУ в пересчете на условное, т.усл.топл./мес', 'т.усл.топл./мес', 'Впгуф', '52'),
(44, 'на изменение cosφГТ, MW', 'MW', 'ΔNcosφгт', '54'),
(45, 'на изменение cosφПТ, MW', 'MW', 'ΔNcosφпт', '55'),
(46, 'на отпуск тепла на блоки, MW', 'MW', 'ΔNт.бл', '56'),
(47, 'на изменение температуры мокрого термометра в градирню, MW', 'MW', 'ΔNбл', '57'),
(48, 'на давление топливного газа, MW', 'MW', 'ΔNРт.газа', '58'),
(49, 'на температуру топливного газа, MW', 'MW', 'ΔNtт.газа', '59'),
(50, 'на температуру окружающей среды и относительную влажность (при Вкл испар. охл.)', NULL, 'ktн.в', '60'),
(51, 'на температуру на входе компрессора (при Откл. испар. охл.)', NULL, 'ktвх.к', '61'),
(52, 'на изменение барометрического давления и температуры на входе компрессора (при Вкл и Откл испар. охл.)', NULL, 'kРбар', '62'),
(53, 'на относительную влажность и температуру на входе компрессора (при Откл испар. охл.)', NULL, 'kφвх.к', '63'),
(54, 'на отклонение низшей теплоты сгорания топлива', NULL, 'kQнр', '64'),
(55, 'на изменение частоты ГТ (при Вкл и Откл испар. охл.)', NULL, 'kν', '65'),
(56, 'Кривая деградации ГТУ', NULL, 'kd', '66'),
(57, 'Кривая деградации ГТУ, MW', 'MW', 'ΔNkd', '67'),
(58, 'на занос КВОУ', NULL, 'kΔNквоу', '68'),
(59, 'на включение антиобледенительной системы (АОС)', NULL, 'kΔNаос', '69'),
(60, 'Расчетная мощность, приведённая к фактическим внешним условиям ПГУ, MW', 'MW', 'N′пгу', '70'),
(61, 'Изменение мощности ПГУ на внешние факторы, MW', 'MW', 'ΔN', '71'),
(62, 'Расход топлива на изменение мощности за счёт изменения внешних факторов, т.усл.топл.', 'т.усл.топл.', 'ΔB', '72'),
(63, 'Исходно-номинальный расход топлива на ПГУ по энергетическим характеристикам, т.усл.топл.', 'т.усл.топл.', 'Вт', '73'),
(64, 'Расход топлива на тепловую нагрузку, т.усл.топл.', 'т.усл.топл.', 'ΔBтепл', '74'),
(65, 'Расход топлива на ПГУ с учётом влияния внешних факторов и тепловой нагрузки, т.усл.топл.', 'т.усл.топл.', 'В′т', '75'),
(66, 'Мощность тепла топлива ПГУ, MW', 'MW', 'Nтоп', '76'),
(67, 'КПД нетто ПГУ (установки), %', '%', 'ηбрпгу', '77'),
(68, 'Электрические СН ПГУ, %', '%', 'эснпгу', '78'),
(69, 'Электрические СН ПГУ, MW', 'MW', 'Nснпгу', '79'),
(70, 'Номинальный удельный расход топлива на отпуск электроэнергии, приведённый к внешним факторам, g/kWh', 'g/kWh', 'bэ(ном)', '80'),
(71, 'Затраты топлива на пуски ПГУ по диспетчерскому графику, g/kWh', 'g/kWh', 'Δbпуск', '81'),
(72, 'Номинальный удельный расход топлива на отпуск электроэнергии с учётом пусков, g/kWh', 'g/kWh', 'b′э(ном)', '82'),
(73, 'Фактический удельный расход топлива на отпуск электроэнергии с учётом пусков, g/kWh', 'g/kWh', 'b′э(факт)', '83'),
(74, 'Экономия (+)/пережог (-) топлива, g/kWh', 'g/kWh', 'b′э(ном)', '84');

-- --------------------------------------------------------

--
-- Table structure for table `pgu_result_values`
--

CREATE TABLE `pgu_result_values` (
  `id` bigint NOT NULL,
  `param_id` int NOT NULL,
  `pgu_id` int NOT NULL,
  `date` date NOT NULL,
  `shift_id` int DEFAULT NULL COMMENT 'NULL для суточных расчетов',
  `value` decimal(15,6) NOT NULL,
  `user_id` int DEFAULT NULL,
  `period_type` enum('shift','day','period') CHARACTER SET utf8mb4 COLLATE utf8mb4_unicode_ci NOT NULL,
  `period_start` date DEFAULT NULL,
  `period_end` date DEFAULT NULL,
  `created_at` timestamp NULL DEFAULT CURRENT_TIMESTAMP,
  `updated_at` timestamp NULL DEFAULT CURRENT_TIMESTAMP ON UPDATE CURRENT_TIMESTAMP,
  `cell` varchar(20) COLLATE utf8mb4_unicode_ci DEFAULT NULL
) ENGINE=InnoDB DEFAULT CHARSET=utf8mb4 COLLATE=utf8mb4_unicode_ci;

--
-- Dumping data for table `pgu_result_values`
--

INSERT INTO `pgu_result_values` (`id`, `param_id`, `pgu_id`, `date`, `shift_id`, `value`, `user_id`, `period_type`, `period_start`, `period_end`, `created_at`, `updated_at`, `cell`) VALUES
(2717, 38, 2, '2025-08-23', 1, '1515.630000', 1, 'shift', NULL, NULL, '2025-08-25 03:18:26', '2025-08-25 03:18:26', 'G47'),
(2718, 39, 2, '2025-08-23', 1, '1486.380000', 1, 'shift', NULL, NULL, '2025-08-25 03:18:26', '2025-08-25 03:18:26', 'G48'),
(2719, 40, 2, '2025-08-23', 1, '1012.500000', 1, 'shift', NULL, NULL, '2025-08-25 03:18:26', '2025-08-25 03:18:26', 'G49'),
(2720, 41, 2, '2025-08-23', 1, '503.130000', 1, 'shift', NULL, NULL, '2025-08-25 03:18:26', '2025-08-25 03:18:26', 'G50'),
(2721, 42, 2, '2025-08-23', 1, '-13825.960000', 1, 'shift', NULL, NULL, '2025-08-25 03:18:26', '2025-08-25 03:18:26', 'G51'),
(4694, 38, 1, '2025-08-22', 2, '292.690000', 1, 'shift', NULL, NULL, '2025-08-25 07:51:45', '2025-08-25 07:51:45', 'F47'),
(4695, 38, 2, '2025-08-22', 2, '272.810000', 1, 'shift', NULL, NULL, '2025-08-25 07:51:45', '2025-08-25 07:51:45', 'G47'),
(4696, 38, 3, '2025-08-22', 2, '565.500000', 1, 'shift', NULL, NULL, '2025-08-25 07:51:45', '2025-08-25 07:51:45', 'H47'),
(4697, 39, 1, '2025-08-22', 2, '280.990000', 1, 'shift', NULL, NULL, '2025-08-25 07:51:45', '2025-08-25 07:51:45', 'F48'),
(4698, 39, 2, '2025-08-22', 2, '252.340000', 1, 'shift', NULL, NULL, '2025-08-25 07:51:45', '2025-08-25 07:51:45', 'G48'),
(4699, 39, 3, '2025-08-22', 2, '533.330000', 1, 'shift', NULL, NULL, '2025-08-25 07:51:45', '2025-08-25 07:51:45', 'H48'),
(4700, 40, 1, '2025-08-22', 2, '141.750000', 1, 'shift', NULL, NULL, '2025-08-25 07:51:45', '2025-08-25 07:51:45', 'F49'),
(4701, 40, 2, '2025-08-22', 2, '182.250000', 1, 'shift', NULL, NULL, '2025-08-25 07:51:45', '2025-08-25 07:51:45', 'G49'),
(4702, 40, 3, '2025-08-22', 2, '324.000000', 1, 'shift', NULL, NULL, '2025-08-25 07:51:45', '2025-08-25 07:51:45', 'H49'),
(4703, 41, 1, '2025-08-22', 2, '150.940000', 1, 'shift', NULL, NULL, '2025-08-25 07:51:45', '2025-08-25 07:51:45', 'F50'),
(4704, 41, 2, '2025-08-22', 2, '90.560000', 1, 'shift', NULL, NULL, '2025-08-25 07:51:45', '2025-08-25 07:51:45', 'G50'),
(4705, 41, 3, '2025-08-22', 2, '241.500000', 1, 'shift', NULL, NULL, '2025-08-25 07:51:45', '2025-08-25 07:51:45', 'H50'),
(4706, 42, 1, '2025-08-22', 2, '233.310000', 1, 'shift', NULL, NULL, '2025-08-25 07:51:45', '2025-08-25 07:51:45', 'F51'),
(4707, 42, 2, '2025-08-22', 2, '234.750000', 1, 'shift', NULL, NULL, '2025-08-25 07:51:45', '2025-08-25 07:51:45', 'G51'),
(4708, 42, 3, '2025-08-22', 2, '233.990000', 1, 'shift', NULL, NULL, '2025-08-25 07:51:45', '2025-08-25 07:51:45', 'H51'),
(4709, 46, 1, '2025-08-22', 2, '0.000000', 1, 'shift', NULL, NULL, '2025-08-25 07:51:45', '2025-08-25 07:51:45', 'F56'),
(4710, 46, 2, '2025-08-22', 2, '0.000000', 1, 'shift', NULL, NULL, '2025-08-25 07:51:45', '2025-08-25 07:51:45', 'G56'),
(4711, 50, 1, '2025-08-22', 2, '1.000000', 1, 'shift', NULL, NULL, '2025-08-25 07:51:45', '2025-08-25 07:51:45', 'F60'),
(4712, 50, 2, '2025-08-22', 2, '1.000000', 1, 'shift', NULL, NULL, '2025-08-25 07:51:45', '2025-08-25 07:51:45', 'G60'),
(4713, 51, 1, '2025-08-22', 2, '1.000000', 1, 'shift', NULL, NULL, '2025-08-25 07:51:45', '2025-08-25 07:51:45', 'F61'),
(4714, 51, 2, '2025-08-22', 2, '1.000000', 1, 'shift', NULL, NULL, '2025-08-25 07:51:45', '2025-08-25 07:51:45', 'G61'),
(4715, 52, 1, '2025-08-22', 2, '1.000000', 1, 'shift', NULL, NULL, '2025-08-25 07:51:45', '2025-08-25 07:51:45', 'F62'),
(4716, 52, 2, '2025-08-22', 2, '1.000000', 1, 'shift', NULL, NULL, '2025-08-25 07:51:45', '2025-08-25 07:51:45', 'G62'),
(4717, 53, 1, '2025-08-22', 2, '1.000000', 1, 'shift', NULL, NULL, '2025-08-25 07:51:45', '2025-08-25 07:51:45', 'F63'),
(4718, 53, 2, '2025-08-22', 2, '1.000000', 1, 'shift', NULL, NULL, '2025-08-25 07:51:45', '2025-08-25 07:51:45', 'G63'),
(4719, 54, 1, '2025-08-22', 2, '0.950000', 1, 'shift', NULL, NULL, '2025-08-25 07:51:45', '2025-08-25 07:51:45', 'F64'),
(4720, 54, 2, '2025-08-22', 2, '0.950000', 1, 'shift', NULL, NULL, '2025-08-25 07:51:45', '2025-08-25 07:51:45', 'G64'),
(4721, 55, 1, '2025-08-22', 2, '1.000000', 1, 'shift', NULL, NULL, '2025-08-25 07:51:45', '2025-08-25 07:51:45', 'F65'),
(4722, 55, 2, '2025-08-22', 2, '1.000000', 1, 'shift', NULL, NULL, '2025-08-25 07:51:45', '2025-08-25 07:51:45', 'G65'),
(4723, 56, 1, '2025-08-22', 2, '1.000000', 1, 'shift', NULL, NULL, '2025-08-25 07:51:45', '2025-08-25 07:51:45', 'F66'),
(4724, 56, 2, '2025-08-22', 2, '1.000000', 1, 'shift', NULL, NULL, '2025-08-25 07:51:45', '2025-08-25 07:51:45', 'G66'),
(4725, 57, 1, '2025-08-22', 2, '0.000000', 1, 'shift', NULL, NULL, '2025-08-25 07:51:45', '2025-08-25 07:51:45', 'F67'),
(4726, 57, 2, '2025-08-22', 2, '0.000000', 1, 'shift', NULL, NULL, '2025-08-25 07:51:45', '2025-08-25 07:51:45', 'G67'),
(4727, 59, 1, '2025-08-22', 2, '1.000000', 1, 'shift', NULL, NULL, '2025-08-25 07:51:45', '2025-08-25 07:51:45', 'F69'),
(4728, 59, 2, '2025-08-22', 2, '1.000000', 1, 'shift', NULL, NULL, '2025-08-25 07:51:45', '2025-08-25 07:51:45', 'G69'),
(4729, 38, 1, '2025-08-22', 3, '272.440000', 1, 'shift', NULL, NULL, '2025-08-25 07:51:45', '2025-08-25 07:51:45', 'F47'),
(4730, 38, 2, '2025-08-22', 3, '292.940000', 1, 'shift', NULL, NULL, '2025-08-25 07:51:45', '2025-08-25 07:51:45', 'G47'),
(4731, 38, 3, '2025-08-22', 3, '565.380000', 1, 'shift', NULL, NULL, '2025-08-25 07:51:45', '2025-08-25 07:51:45', 'H47'),
(4732, 39, 1, '2025-08-22', 3, '257.810000', 1, 'shift', NULL, NULL, '2025-08-25 07:51:45', '2025-08-25 07:51:45', 'F48'),
(4733, 39, 2, '2025-08-22', 3, '275.390000', 1, 'shift', NULL, NULL, '2025-08-25 07:51:45', '2025-08-25 07:51:45', 'G48'),
(4734, 39, 3, '2025-08-22', 3, '533.200000', 1, 'shift', NULL, NULL, '2025-08-25 07:51:45', '2025-08-25 07:51:45', 'H48'),
(4735, 40, 1, '2025-08-22', 3, '121.500000', 1, 'shift', NULL, NULL, '2025-08-25 07:51:45', '2025-08-25 07:51:45', 'F49'),
(4736, 40, 2, '2025-08-22', 3, '182.250000', 1, 'shift', NULL, NULL, '2025-08-25 07:51:45', '2025-08-25 07:51:45', 'G49'),
(4737, 40, 3, '2025-08-22', 3, '303.750000', 1, 'shift', NULL, NULL, '2025-08-25 07:51:45', '2025-08-25 07:51:45', 'H49'),
(4738, 41, 1, '2025-08-22', 3, '150.940000', 1, 'shift', NULL, NULL, '2025-08-25 07:51:45', '2025-08-25 07:51:45', 'F50'),
(4739, 41, 2, '2025-08-22', 3, '110.690000', 1, 'shift', NULL, NULL, '2025-08-25 07:51:45', '2025-08-25 07:51:45', 'G50'),
(4740, 41, 3, '2025-08-22', 3, '261.630000', 1, 'shift', NULL, NULL, '2025-08-25 07:51:45', '2025-08-25 07:51:45', 'H50'),
(4741, 42, 1, '2025-08-22', 3, '234.380000', 1, 'shift', NULL, NULL, '2025-08-25 07:51:46', '2025-08-25 07:51:46', 'F51'),
(4742, 42, 2, '2025-08-22', 3, '233.520000', 1, 'shift', NULL, NULL, '2025-08-25 07:51:46', '2025-08-25 07:51:46', 'G51'),
(4743, 42, 3, '2025-08-22', 3, '233.940000', 1, 'shift', NULL, NULL, '2025-08-25 07:51:46', '2025-08-25 07:51:46', 'H51'),
(4744, 46, 1, '2025-08-22', 3, '0.000000', 1, 'shift', NULL, NULL, '2025-08-25 07:51:46', '2025-08-25 07:51:46', 'F56'),
(4745, 46, 2, '2025-08-22', 3, '0.000000', 1, 'shift', NULL, NULL, '2025-08-25 07:51:46', '2025-08-25 07:51:46', 'G56'),
(4746, 50, 1, '2025-08-22', 3, '1.000000', 1, 'shift', NULL, NULL, '2025-08-25 07:51:46', '2025-08-25 07:51:46', 'F60'),
(4747, 50, 2, '2025-08-22', 3, '1.000000', 1, 'shift', NULL, NULL, '2025-08-25 07:51:46', '2025-08-25 07:51:46', 'G60'),
(4748, 51, 1, '2025-08-22', 3, '1.000000', 1, 'shift', NULL, NULL, '2025-08-25 07:51:46', '2025-08-25 07:51:46', 'F61'),
(4749, 51, 2, '2025-08-22', 3, '1.000000', 1, 'shift', NULL, NULL, '2025-08-25 07:51:46', '2025-08-25 07:51:46', 'G61'),
(4750, 52, 1, '2025-08-22', 3, '1.000000', 1, 'shift', NULL, NULL, '2025-08-25 07:51:46', '2025-08-25 07:51:46', 'F62'),
(4751, 52, 2, '2025-08-22', 3, '1.000000', 1, 'shift', NULL, NULL, '2025-08-25 07:51:46', '2025-08-25 07:51:46', 'G62'),
(4752, 53, 1, '2025-08-22', 3, '1.000000', 1, 'shift', NULL, NULL, '2025-08-25 07:51:46', '2025-08-25 07:51:46', 'F63'),
(4753, 53, 2, '2025-08-22', 3, '1.000000', 1, 'shift', NULL, NULL, '2025-08-25 07:51:46', '2025-08-25 07:51:46', 'G63'),
(4754, 54, 1, '2025-08-22', 3, '0.950000', 1, 'shift', NULL, NULL, '2025-08-25 07:51:46', '2025-08-25 07:51:46', 'F64'),
(4755, 54, 2, '2025-08-22', 3, '0.950000', 1, 'shift', NULL, NULL, '2025-08-25 07:51:46', '2025-08-25 07:51:46', 'G64'),
(4756, 55, 1, '2025-08-22', 3, '1.000000', 1, 'shift', NULL, NULL, '2025-08-25 07:51:46', '2025-08-25 07:51:46', 'F65'),
(4757, 55, 2, '2025-08-22', 3, '1.000000', 1, 'shift', NULL, NULL, '2025-08-25 07:51:46', '2025-08-25 07:51:46', 'G65'),
(4758, 56, 1, '2025-08-22', 3, '1.000000', 1, 'shift', NULL, NULL, '2025-08-25 07:51:46', '2025-08-25 07:51:46', 'F66'),
(4759, 56, 2, '2025-08-22', 3, '1.000000', 1, 'shift', NULL, NULL, '2025-08-25 07:51:46', '2025-08-25 07:51:46', 'G66'),
(4760, 57, 1, '2025-08-22', 3, '0.000000', 1, 'shift', NULL, NULL, '2025-08-25 07:51:46', '2025-08-25 07:51:46', 'F67'),
(4761, 57, 2, '2025-08-22', 3, '0.000000', 1, 'shift', NULL, NULL, '2025-08-25 07:51:46', '2025-08-25 07:51:46', 'G67'),
(4762, 59, 1, '2025-08-22', 3, '1.000000', 1, 'shift', NULL, NULL, '2025-08-25 07:51:46', '2025-08-25 07:51:46', 'F69'),
(4763, 59, 2, '2025-08-22', 3, '1.000000', 1, 'shift', NULL, NULL, '2025-08-25 07:51:46', '2025-08-25 07:51:46', 'G69'),
(4764, 46, 1, '2025-08-25', 1, '0.000000', 1, 'shift', NULL, NULL, '2025-08-25 07:56:43', '2025-08-25 07:56:43', 'F56'),
(4765, 46, 2, '2025-08-25', 1, '0.000000', 1, 'shift', NULL, NULL, '2025-08-25 07:56:43', '2025-08-25 07:56:43', 'G56'),
(4766, 50, 1, '2025-08-25', 1, '1.000000', 1, 'shift', NULL, NULL, '2025-08-25 07:56:43', '2025-08-25 07:56:43', 'F60'),
(4767, 50, 2, '2025-08-25', 1, '1.000000', 1, 'shift', NULL, NULL, '2025-08-25 07:56:43', '2025-08-25 07:56:43', 'G60'),
(4768, 51, 1, '2025-08-25', 1, '1.000000', 1, 'shift', NULL, NULL, '2025-08-25 07:56:43', '2025-08-25 07:56:43', 'F61'),
(4769, 51, 2, '2025-08-25', 1, '1.000000', 1, 'shift', NULL, NULL, '2025-08-25 07:56:43', '2025-08-25 07:56:43', 'G61'),
(4770, 52, 1, '2025-08-25', 1, '1.000000', 1, 'shift', NULL, NULL, '2025-08-25 07:56:44', '2025-08-25 07:56:44', 'F62'),
(4771, 52, 2, '2025-08-25', 1, '1.000000', 1, 'shift', NULL, NULL, '2025-08-25 07:56:44', '2025-08-25 07:56:44', 'G62'),
(4772, 53, 1, '2025-08-25', 1, '1.000000', 1, 'shift', NULL, NULL, '2025-08-25 07:56:44', '2025-08-25 07:56:44', 'F63'),
(4773, 53, 2, '2025-08-25', 1, '1.000000', 1, 'shift', NULL, NULL, '2025-08-25 07:56:44', '2025-08-25 07:56:44', 'G63'),
(4774, 54, 1, '2025-08-25', 1, '0.950000', 1, 'shift', NULL, NULL, '2025-08-25 07:56:44', '2025-08-25 07:56:44', 'F64'),
(4775, 54, 2, '2025-08-25', 1, '0.950000', 1, 'shift', NULL, NULL, '2025-08-25 07:56:44', '2025-08-25 07:56:44', 'G64'),
(4776, 55, 1, '2025-08-25', 1, '1.000000', 1, 'shift', NULL, NULL, '2025-08-25 07:56:44', '2025-08-25 07:56:44', 'F65'),
(4777, 55, 2, '2025-08-25', 1, '1.000000', 1, 'shift', NULL, NULL, '2025-08-25 07:56:44', '2025-08-25 07:56:44', 'G65'),
(4778, 56, 1, '2025-08-25', 1, '1.000000', 1, 'shift', NULL, NULL, '2025-08-25 07:56:44', '2025-08-25 07:56:44', 'F66'),
(4779, 56, 2, '2025-08-25', 1, '1.000000', 1, 'shift', NULL, NULL, '2025-08-25 07:56:44', '2025-08-25 07:56:44', 'G66'),
(4780, 59, 1, '2025-08-25', 1, '1.000000', 1, 'shift', NULL, NULL, '2025-08-25 07:56:44', '2025-08-25 07:56:44', 'F69'),
(4781, 59, 2, '2025-08-25', 1, '1.000000', 1, 'shift', NULL, NULL, '2025-08-25 07:56:44', '2025-08-25 07:56:44', 'G69'),
(4782, 46, 1, '2025-08-25', 2, '0.000000', 1, 'shift', NULL, NULL, '2025-08-25 07:56:44', '2025-08-25 07:56:44', 'F56'),
(4783, 46, 2, '2025-08-25', 2, '0.000000', 1, 'shift', NULL, NULL, '2025-08-25 07:56:44', '2025-08-25 07:56:44', 'G56'),
(4784, 50, 1, '2025-08-25', 2, '1.000000', 1, 'shift', NULL, NULL, '2025-08-25 07:56:44', '2025-08-25 07:56:44', 'F60'),
(4785, 50, 2, '2025-08-25', 2, '1.000000', 1, 'shift', NULL, NULL, '2025-08-25 07:56:44', '2025-08-25 07:56:44', 'G60'),
(4786, 51, 1, '2025-08-25', 2, '1.000000', 1, 'shift', NULL, NULL, '2025-08-25 07:56:44', '2025-08-25 07:56:44', 'F61'),
(4787, 51, 2, '2025-08-25', 2, '1.000000', 1, 'shift', NULL, NULL, '2025-08-25 07:56:44', '2025-08-25 07:56:44', 'G61'),
(4788, 52, 1, '2025-08-25', 2, '1.000000', 1, 'shift', NULL, NULL, '2025-08-25 07:56:44', '2025-08-25 07:56:44', 'F62'),
(4789, 52, 2, '2025-08-25', 2, '1.000000', 1, 'shift', NULL, NULL, '2025-08-25 07:56:44', '2025-08-25 07:56:44', 'G62'),
(4790, 53, 1, '2025-08-25', 2, '1.000000', 1, 'shift', NULL, NULL, '2025-08-25 07:56:44', '2025-08-25 07:56:44', 'F63'),
(4791, 53, 2, '2025-08-25', 2, '1.000000', 1, 'shift', NULL, NULL, '2025-08-25 07:56:44', '2025-08-25 07:56:44', 'G63'),
(4792, 54, 1, '2025-08-25', 2, '0.950000', 1, 'shift', NULL, NULL, '2025-08-25 07:56:44', '2025-08-25 07:56:44', 'F64'),
(4793, 54, 2, '2025-08-25', 2, '0.950000', 1, 'shift', NULL, NULL, '2025-08-25 07:56:44', '2025-08-25 07:56:44', 'G64'),
(4794, 55, 1, '2025-08-25', 2, '1.000000', 1, 'shift', NULL, NULL, '2025-08-25 07:56:44', '2025-08-25 07:56:44', 'F65'),
(4795, 55, 2, '2025-08-25', 2, '1.000000', 1, 'shift', NULL, NULL, '2025-08-25 07:56:44', '2025-08-25 07:56:44', 'G65'),
(4796, 56, 1, '2025-08-25', 2, '1.000000', 1, 'shift', NULL, NULL, '2025-08-25 07:56:44', '2025-08-25 07:56:44', 'F66'),
(4797, 56, 2, '2025-08-25', 2, '1.000000', 1, 'shift', NULL, NULL, '2025-08-25 07:56:44', '2025-08-25 07:56:44', 'G66'),
(4798, 59, 1, '2025-08-25', 2, '1.000000', 1, 'shift', NULL, NULL, '2025-08-25 07:56:44', '2025-08-25 07:56:44', 'F69'),
(4799, 59, 2, '2025-08-25', 2, '1.000000', 1, 'shift', NULL, NULL, '2025-08-25 07:56:44', '2025-08-25 07:56:44', 'G69'),
(4800, 46, 1, '2025-08-25', 3, '0.000000', 1, 'shift', NULL, NULL, '2025-08-25 07:56:44', '2025-08-25 07:56:44', 'F56'),
(4801, 46, 2, '2025-08-25', 3, '0.000000', 1, 'shift', NULL, NULL, '2025-08-25 07:56:44', '2025-08-25 07:56:44', 'G56'),
(4802, 50, 1, '2025-08-25', 3, '1.000000', 1, 'shift', NULL, NULL, '2025-08-25 07:56:44', '2025-08-25 07:56:44', 'F60'),
(4803, 50, 2, '2025-08-25', 3, '1.000000', 1, 'shift', NULL, NULL, '2025-08-25 07:56:44', '2025-08-25 07:56:44', 'G60'),
(4804, 51, 1, '2025-08-25', 3, '1.000000', 1, 'shift', NULL, NULL, '2025-08-25 07:56:44', '2025-08-25 07:56:44', 'F61'),
(4805, 51, 2, '2025-08-25', 3, '1.000000', 1, 'shift', NULL, NULL, '2025-08-25 07:56:44', '2025-08-25 07:56:44', 'G61'),
(4806, 52, 1, '2025-08-25', 3, '1.000000', 1, 'shift', NULL, NULL, '2025-08-25 07:56:44', '2025-08-25 07:56:44', 'F62'),
(4807, 52, 2, '2025-08-25', 3, '1.000000', 1, 'shift', NULL, NULL, '2025-08-25 07:56:44', '2025-08-25 07:56:44', 'G62'),
(4808, 53, 1, '2025-08-25', 3, '1.000000', 1, 'shift', NULL, NULL, '2025-08-25 07:56:44', '2025-08-25 07:56:44', 'F63'),
(4809, 53, 2, '2025-08-25', 3, '1.000000', 1, 'shift', NULL, NULL, '2025-08-25 07:56:44', '2025-08-25 07:56:44', 'G63'),
(4810, 54, 1, '2025-08-25', 3, '0.950000', 1, 'shift', NULL, NULL, '2025-08-25 07:56:44', '2025-08-25 07:56:44', 'F64'),
(4811, 54, 2, '2025-08-25', 3, '0.950000', 1, 'shift', NULL, NULL, '2025-08-25 07:56:44', '2025-08-25 07:56:44', 'G64'),
(4812, 55, 1, '2025-08-25', 3, '1.000000', 1, 'shift', NULL, NULL, '2025-08-25 07:56:44', '2025-08-25 07:56:44', 'F65'),
(4813, 55, 2, '2025-08-25', 3, '1.000000', 1, 'shift', NULL, NULL, '2025-08-25 07:56:44', '2025-08-25 07:56:44', 'G65'),
(4814, 56, 1, '2025-08-25', 3, '1.000000', 1, 'shift', NULL, NULL, '2025-08-25 07:56:44', '2025-08-25 07:56:44', 'F66'),
(4815, 56, 2, '2025-08-25', 3, '1.000000', 1, 'shift', NULL, NULL, '2025-08-25 07:56:44', '2025-08-25 07:56:44', 'G66'),
(4816, 59, 1, '2025-08-25', 3, '1.000000', 1, 'shift', NULL, NULL, '2025-08-25 07:56:44', '2025-08-25 07:56:44', 'F69'),
(4817, 59, 2, '2025-08-25', 3, '1.000000', 1, 'shift', NULL, NULL, '2025-08-25 07:56:44', '2025-08-25 07:56:44', 'G69'),
(4818, 38, 1, '2025-08-22', 1, '666.380000', 1, 'shift', NULL, NULL, '2025-08-25 07:56:55', '2025-08-25 07:56:55', 'F47'),
(4819, 38, 2, '2025-08-22', 1, '262.630000', 1, 'shift', NULL, NULL, '2025-08-25 07:56:55', '2025-08-25 07:56:55', 'G47'),
(4820, 38, 3, '2025-08-22', 1, '794.420000', 1, 'shift', NULL, NULL, '2025-08-25 07:56:55', '2025-08-25 07:56:55', 'H47'),
(4821, 39, 1, '2025-08-22', 1, '637.130000', 1, 'shift', NULL, NULL, '2025-08-25 07:56:55', '2025-08-25 07:56:55', 'F48'),
(4822, 39, 2, '2025-08-22', 1, '245.080000', 1, 'shift', NULL, NULL, '2025-08-25 07:56:55', '2025-08-25 07:56:55', 'G48'),
(4823, 39, 3, '2025-08-22', 1, '751.520000', 1, 'shift', NULL, NULL, '2025-08-25 07:56:55', '2025-08-25 07:56:55', 'H48'),
(4824, 40, 1, '2025-08-22', 1, '364.500000', 1, 'shift', NULL, NULL, '2025-08-25 07:56:55', '2025-08-25 07:56:55', 'F49'),
(4825, 40, 2, '2025-08-22', 1, '162.000000', 1, 'shift', NULL, NULL, '2025-08-25 07:56:55', '2025-08-25 07:56:55', 'G49'),
(4826, 40, 3, '2025-08-22', 1, '459.000000', 1, 'shift', NULL, NULL, '2025-08-25 07:56:55', '2025-08-25 07:56:55', 'H49'),
(4827, 41, 1, '2025-08-22', 1, '301.880000', 1, 'shift', NULL, NULL, '2025-08-25 07:56:55', '2025-08-25 07:56:55', 'F50'),
(4828, 41, 2, '2025-08-22', 1, '100.630000', 1, 'shift', NULL, NULL, '2025-08-25 07:56:55', '2025-08-25 07:56:55', 'G50'),
(4829, 41, 3, '2025-08-22', 1, '335.420000', 1, 'shift', NULL, NULL, '2025-08-25 07:56:55', '2025-08-25 07:56:55', 'H50'),
(4830, 42, 1, '2025-08-22', 1, '-115.230000', 1, 'shift', NULL, NULL, '2025-08-25 07:56:55', '2025-08-25 07:56:55', 'F51'),
(4831, 42, 2, '2025-08-22', 1, '235.320000', 1, 'shift', NULL, NULL, '2025-08-25 07:56:55', '2025-08-25 07:56:55', 'G51'),
(4832, 42, 3, '2025-08-22', 1, '37.190000', 1, 'shift', NULL, NULL, '2025-08-25 07:56:55', '2025-08-25 07:56:55', 'H51'),
(4833, 43, 1, '2025-08-22', 1, '35202.510000', 1, 'shift', NULL, NULL, '2025-08-25 07:56:55', '2025-08-25 07:56:55', 'F52'),
(4834, 43, 2, '2025-08-22', 1, '35202.510000', 1, 'shift', NULL, NULL, '2025-08-25 07:56:55', '2025-08-25 07:56:55', 'G52'),
(4835, 43, 3, '2025-08-22', 1, '70405.010000', 1, 'shift', NULL, NULL, '2025-08-25 07:56:55', '2025-08-25 07:56:55', 'H52'),
(4836, 44, 1, '2025-08-22', 1, '-0.550000', 1, 'shift', NULL, NULL, '2025-08-25 07:56:55', '2025-08-25 07:56:55', 'F54'),
(4837, 44, 2, '2025-08-22', 1, '-0.080000', 1, 'shift', NULL, NULL, '2025-08-25 07:56:55', '2025-08-25 07:56:55', 'G54'),
(4838, 45, 1, '2025-08-22', 1, '-0.290000', 1, 'shift', NULL, NULL, '2025-08-25 07:56:55', '2025-08-25 07:56:55', 'F55'),
(4839, 45, 2, '2025-08-22', 1, '-0.040000', 1, 'shift', NULL, NULL, '2025-08-25 07:56:55', '2025-08-25 07:56:55', 'G55'),
(4840, 46, 1, '2025-08-22', 1, '0.000000', 1, 'shift', NULL, NULL, '2025-08-25 07:56:55', '2025-08-25 07:56:55', 'F56'),
(4841, 46, 2, '2025-08-22', 1, '0.000000', 1, 'shift', NULL, NULL, '2025-08-25 07:56:55', '2025-08-25 07:56:55', 'G56'),
(4842, 47, 1, '2025-08-22', 1, '-0.280000', 1, 'shift', NULL, NULL, '2025-08-25 07:56:55', '2025-08-25 07:56:55', 'F57'),
(4843, 47, 2, '2025-08-22', 1, '-0.280000', 1, 'shift', NULL, NULL, '2025-08-25 07:56:55', '2025-08-25 07:56:55', 'G57'),
(4844, 48, 1, '2025-08-22', 1, '-0.140000', 1, 'shift', NULL, NULL, '2025-08-25 07:56:55', '2025-08-25 07:56:55', 'F58'),
(4845, 48, 2, '2025-08-22', 1, '-0.140000', 1, 'shift', NULL, NULL, '2025-08-25 07:56:55', '2025-08-25 07:56:55', 'G58'),
(4846, 49, 1, '2025-08-22', 1, '0.070000', 1, 'shift', NULL, NULL, '2025-08-25 07:56:55', '2025-08-25 07:56:55', 'F59'),
(4847, 49, 2, '2025-08-22', 1, '0.070000', 1, 'shift', NULL, NULL, '2025-08-25 07:56:56', '2025-08-25 07:56:56', 'G59'),
(4848, 50, 1, '2025-08-22', 1, '1.000000', 1, 'shift', NULL, NULL, '2025-08-25 07:56:56', '2025-08-25 07:56:56', 'F60'),
(4849, 50, 2, '2025-08-22', 1, '1.000000', 1, 'shift', NULL, NULL, '2025-08-25 07:56:56', '2025-08-25 07:56:56', 'G60'),
(4850, 51, 1, '2025-08-22', 1, '1.000000', 1, 'shift', NULL, NULL, '2025-08-25 07:56:56', '2025-08-25 07:56:56', 'F61'),
(4851, 51, 2, '2025-08-22', 1, '1.000000', 1, 'shift', NULL, NULL, '2025-08-25 07:56:56', '2025-08-25 07:56:56', 'G61'),
(4852, 52, 1, '2025-08-22', 1, '1.000000', 1, 'shift', NULL, NULL, '2025-08-25 07:56:56', '2025-08-25 07:56:56', 'F62'),
(4853, 52, 2, '2025-08-22', 1, '1.000000', 1, 'shift', NULL, NULL, '2025-08-25 07:56:56', '2025-08-25 07:56:56', 'G62'),
(4854, 53, 1, '2025-08-22', 1, '1.000000', 1, 'shift', NULL, NULL, '2025-08-25 07:56:56', '2025-08-25 07:56:56', 'F63'),
(4855, 53, 2, '2025-08-22', 1, '1.000000', 1, 'shift', NULL, NULL, '2025-08-25 07:56:56', '2025-08-25 07:56:56', 'G63'),
(4856, 54, 1, '2025-08-22', 1, '1.000000', 1, 'shift', NULL, NULL, '2025-08-25 07:56:56', '2025-08-25 07:56:56', 'F64'),
(4857, 54, 2, '2025-08-22', 1, '1.000000', 1, 'shift', NULL, NULL, '2025-08-25 07:56:56', '2025-08-25 07:56:56', 'G64'),
(4858, 55, 1, '2025-08-22', 1, '1.000000', 1, 'shift', NULL, NULL, '2025-08-25 07:56:56', '2025-08-25 07:56:56', 'F65'),
(4859, 55, 2, '2025-08-22', 1, '1.000000', 1, 'shift', NULL, NULL, '2025-08-25 07:56:56', '2025-08-25 07:56:56', 'G65'),
(4860, 56, 1, '2025-08-22', 1, '1.000000', 1, 'shift', NULL, NULL, '2025-08-25 07:56:56', '2025-08-25 07:56:56', 'F66'),
(4861, 56, 2, '2025-08-22', 1, '1.000000', 1, 'shift', NULL, NULL, '2025-08-25 07:56:56', '2025-08-25 07:56:56', 'G66'),
(4862, 57, 1, '2025-08-22', 1, '0.000000', 1, 'shift', NULL, NULL, '2025-08-25 07:56:56', '2025-08-25 07:56:56', 'F67'),
(4863, 57, 2, '2025-08-22', 1, '0.000000', 1, 'shift', NULL, NULL, '2025-08-25 07:56:56', '2025-08-25 07:56:56', 'G67'),
(4864, 58, 1, '2025-08-22', 1, '1.010000', 1, 'shift', NULL, NULL, '2025-08-25 07:56:56', '2025-08-25 07:56:56', 'F68'),
(4865, 58, 2, '2025-08-22', 1, '1.010000', 1, 'shift', NULL, NULL, '2025-08-25 07:56:56', '2025-08-25 07:56:56', 'G68'),
(4866, 59, 1, '2025-08-22', 1, '1.000000', 1, 'shift', NULL, NULL, '2025-08-25 07:56:56', '2025-08-25 07:56:56', 'F69'),
(4867, 59, 2, '2025-08-22', 1, '1.000000', 1, 'shift', NULL, NULL, '2025-08-25 07:56:56', '2025-08-25 07:56:56', 'G69'),
(4868, 60, 1, '2025-08-22', 1, '668.820000', 1, 'shift', NULL, NULL, '2025-08-25 07:56:56', '2025-08-25 07:56:56', 'F70'),
(4869, 60, 2, '2025-08-22', 1, '263.760000', 1, 'shift', NULL, NULL, '2025-08-25 07:56:56', '2025-08-25 07:56:56', 'G70'),
(4870, 60, 3, '2025-08-22', 1, '398.780000', 1, 'shift', NULL, NULL, '2025-08-25 07:56:56', '2025-08-25 07:56:56', 'H70'),
(4871, 61, 1, '2025-08-22', 1, '31.700000', 1, 'shift', NULL, NULL, '2025-08-25 07:56:56', '2025-08-25 07:56:56', 'F71'),
(4872, 61, 2, '2025-08-22', 1, '18.680000', 1, 'shift', NULL, NULL, '2025-08-25 07:56:56', '2025-08-25 07:56:56', 'G71'),
(4873, 61, 3, '2025-08-22', 1, '23.020000', 1, 'shift', NULL, NULL, '2025-08-25 07:56:56', '2025-08-25 07:56:56', 'H71');

-- --------------------------------------------------------

--
-- Table structure for table `shifts`
--

CREATE TABLE `shifts` (
  `id` int NOT NULL,
  `name` varchar(20) CHARACTER SET utf8mb4 COLLATE utf8mb4_unicode_ci NOT NULL,
  `start_time` time NOT NULL,
  `end_time` time NOT NULL
) ENGINE=InnoDB DEFAULT CHARSET=utf8mb4 COLLATE=utf8mb4_unicode_ci;

--
-- Dumping data for table `shifts`
--

INSERT INTO `shifts` (`id`, `name`, `start_time`, `end_time`) VALUES
(1, 'Смена 1', '00:00:00', '07:59:59'),
(2, 'Смена 2', '08:00:00', '15:59:59'),
(3, 'Смена 3', '16:00:00', '23:59:59');

-- --------------------------------------------------------

--
-- Table structure for table `start_reasons`
--

CREATE TABLE `start_reasons` (
  `id` int NOT NULL,
  `name` varchar(255) NOT NULL,
  `description` text
) ENGINE=InnoDB DEFAULT CHARSET=utf8mb4 COLLATE=utf8mb4_0900_ai_ci;

--
-- Dumping data for table `start_reasons`
--

INSERT INTO `start_reasons` (`id`, `name`, `description`) VALUES
(1, 'Холодный', 'Пуск оборудования из холодного состояния'),
(2, 'Неостывший', 'Пуск оборудования из неостывшего состояния'),
(3, 'Горячий', 'Пуск оборудования из горячего состояния');

-- --------------------------------------------------------

--
-- Table structure for table `stop_reasons`
--

CREATE TABLE `stop_reasons` (
  `id` int NOT NULL,
  `name` varchar(100) CHARACTER SET utf8mb4 COLLATE utf8mb4_unicode_ci NOT NULL,
  `description` text CHARACTER SET utf8mb4 COLLATE utf8mb4_unicode_ci
) ENGINE=InnoDB DEFAULT CHARSET=utf8mb4 COLLATE=utf8mb4_unicode_ci;

--
-- Dumping data for table `stop_reasons`
--

INSERT INTO `stop_reasons` (`id`, `name`, `description`) VALUES
(1, 'аварийный', 'Вынужденный останов из-за аварии'),
(2, 'плановый', 'Плановая остановка для ТО'),
(3, 'резерв', 'Перевод оборудования в резерв');

-- --------------------------------------------------------

--
-- Table structure for table `tg_result_params`
--

CREATE TABLE `tg_result_params` (
  `id` int NOT NULL,
  `name` varchar(255) CHARACTER SET utf8mb4 COLLATE utf8mb4_unicode_ci NOT NULL,
  `unit` varchar(50) CHARACTER SET utf8mb4 COLLATE utf8mb4_unicode_ci DEFAULT NULL,
  `symbol` varchar(50) CHARACTER SET utf8mb4 COLLATE utf8mb4_unicode_ci DEFAULT NULL
) ENGINE=InnoDB DEFAULT CHARSET=utf8mb4 COLLATE=utf8mb4_unicode_ci;

--
-- Dumping data for table `tg_result_params`
--

INSERT INTO `tg_result_params` (`id`, `name`, `unit`, `symbol`) VALUES
(1, 'Средняя электрическая нагрузка, MW (факт)', 'MW', 'Nф'),
(2, 'Исходно-нормативный расход свежего пара', 't/h', 'Do'),
(3, 'Исходно-нормативный расход пара в конденсатор', 't/h', 'D2'),
(4, 'Исходно-нормативное значение удельного расхода тепла брутто на турбоагрегат', 'kcal/kWh', 'qтбр(исх)'),
(5, 'Поправка на температуру охлаждающей воды', 'kcal/kWh', 'Dqтбр(tов)'),
(6, 'Поправка на изменение расхода охлаждающей воды', 'kcal/kWh', 'Dqтбр(Wов)'),
(7, 'Поправка на отработанный ресурс времени (старения)', 'kcal/kWh', 'Dqтбр(рес)'),
(8, 'Поправка на недогрев питательной воды из-за отсутствия ПВД-7 на блоке №7', 'kcal/kWh', 'Dqтбр(пвд-7)'),
(9, 'Поправка на работу БИУ', 'kcal/kWh', 'Dqтбр(ИУ)'),
(10, 'Номинальное значение удельного расхода тепла брутто, с учетом работы БИУ', 'kcal/kWh', 'qтiбр(ном)'),
(11, 'Исходно-нормативное относительное значение расхода электроэнергии на СН т/агрегата блоков', 'MW', 'Nсн К-200'),
(12, 'То же самое в %', '%', 'Эсн К-200'),
(13, 'Исходно-нормативное относительное значение расхода электроэнергии на СН подгруппы т/агрегата', NULL, NULL),
(14, 'Расход электроэнергии на СН \"прочие\" т/агрегата', 'MW', 'Nпр'),
(15, 'Расход электроэнергии на СН \"прочие\" т/агрегата, %', '%', 'Эпр'),
(16, 'Расход электроэнергии на береговую насосную', 'kWh', 'ЭБН'),
(17, 'Расход электроэнергии на береговую насосную, %', '%', 'эБН'),
(18, 'Суммарный расход электроэнергии на СН с учетом допуска на эксплуатационные условия', 'MW', 'Nтсн(исх)'),
(19, 'Номинальное относительное значение расхода электроэнергии на СН подгруппы т/агрегатов', '%', 'Этсн(ном)'),
(20, 'Расчетный расход тепла на турбину', 'Gcal/h', 'Qo'),
(21, 'Номинальное относительное значение расхода тепла на СН подгруппы т/агрегатов', '%', 'qсн(н)т(пг)'),
(22, 'Номинальное значение удельного расхода тепла \"нетто\" по подгруппе турбоагрегатов', 'kcal/kWh', 'qн(н)т(пг)');

-- --------------------------------------------------------

--
-- Table structure for table `tg_result_values`
--

CREATE TABLE `tg_result_values` (
  `id` bigint NOT NULL,
  `param_id` int NOT NULL,
  `equipment_id` int NOT NULL,
  `date` date NOT NULL,
  `shift_id` int DEFAULT NULL COMMENT 'NULL для суточных расчетов',
  `value` decimal(15,6) NOT NULL,
  `user_id` int DEFAULT NULL,
  `period_type` enum('shift','day','period') CHARACTER SET utf8mb4 COLLATE utf8mb4_unicode_ci NOT NULL,
  `period_start` date DEFAULT NULL,
  `period_end` date DEFAULT NULL
) ENGINE=InnoDB DEFAULT CHARSET=utf8mb4 COLLATE=utf8mb4_unicode_ci;

-- --------------------------------------------------------

--
-- Table structure for table `users`
--

CREATE TABLE `users` (
  `id` int NOT NULL,
  `username` varchar(50) CHARACTER SET utf8mb4 COLLATE utf8mb4_unicode_ci NOT NULL,
  `password` varchar(255) CHARACTER SET utf8mb4 COLLATE utf8mb4_unicode_ci NOT NULL,
  `role` enum('рядовой','инженер','менеджер') CHARACTER SET utf8mb4 COLLATE utf8mb4_unicode_ci NOT NULL DEFAULT 'рядовой',
  `created_at` timestamp NULL DEFAULT CURRENT_TIMESTAMP,
  `updated_at` timestamp NULL DEFAULT CURRENT_TIMESTAMP ON UPDATE CURRENT_TIMESTAMP
) ENGINE=InnoDB DEFAULT CHARSET=utf8mb4 COLLATE=utf8mb4_unicode_ci;

--
-- Dumping data for table `users`
--

INSERT INTO `users` (`id`, `username`, `password`, `role`, `created_at`, `updated_at`) VALUES
(1, 'admin', '$2y$10$50xU1GGHHTQaXHez3cbu6evqKxXjTOyN234Hp.7F5nam1Fu/MBtSe', 'менеджер', '2025-05-08 21:58:52', '2025-07-23 20:10:52');

--
-- Indexes for dumped tables
--

--
-- Indexes for table `equipment`
--
ALTER TABLE `equipment`
  ADD PRIMARY KEY (`id`),
  ADD KEY `type_id` (`type_id`);

--
-- Indexes for table `equipment_events`
--
ALTER TABLE `equipment_events`
  ADD PRIMARY KEY (`id`),
  ADD KEY `shift_id` (`shift_id`),
  ADD KEY `user_id` (`user_id`),
  ADD KEY `reason_id` (`reason_id`),
  ADD KEY `idx_eq_time` (`equipment_id`,`event_time`);

--
-- Indexes for table `equipment_tool_events`
--
ALTER TABLE `equipment_tool_events`
  ADD PRIMARY KEY (`id`),
  ADD KEY `idx_equipment_tool` (`equipment_id`,`tool_type`),
  ADD KEY `idx_equipment_time` (`equipment_id`,`event_time`),
  ADD KEY `shift_id` (`shift_id`),
  ADD KEY `user_id` (`user_id`);

--
-- Indexes for table `equipment_types`
--
ALTER TABLE `equipment_types`
  ADD PRIMARY KEY (`id`),
  ADD UNIQUE KEY `name` (`name`);

--
-- Indexes for table `functions`
--
ALTER TABLE `functions`
  ADD PRIMARY KEY (`id`);

--
-- Indexes for table `function_coefficients`
--
ALTER TABLE `function_coefficients`
  ADD PRIMARY KEY (`id`),
  ADD UNIQUE KEY `ux_set_index` (`coeff_set_id`,`coeff_index`),
  ADD KEY `idx_set` (`coeff_set_id`);

--
-- Indexes for table `function_coeff_sets`
--
ALTER TABLE `function_coeff_sets`
  ADD PRIMARY KEY (`id`),
  ADD UNIQUE KEY `ux_func_x` (`function_id`,`x_value`),
  ADD KEY `idx_func` (`function_id`);

--
-- Indexes for table `meters`
--
ALTER TABLE `meters`
  ADD PRIMARY KEY (`id`),
  ADD KEY `meter_type_id` (`meter_type_id`),
  ADD KEY `equipment_id` (`equipment_id`);

--
-- Indexes for table `meter_readings`
--
ALTER TABLE `meter_readings`
  ADD PRIMARY KEY (`id`),
  ADD UNIQUE KEY `ux_reading_meter_date` (`meter_id`,`date`),
  ADD KEY `meter_id` (`meter_id`);

--
-- Indexes for table `meter_reading_history`
--
ALTER TABLE `meter_reading_history`
  ADD PRIMARY KEY (`history_id`),
  ADD KEY `reading_id` (`reading_id`);

--
-- Indexes for table `meter_replacements`
--
ALTER TABLE `meter_replacements`
  ADD PRIMARY KEY (`id`),
  ADD KEY `meter_id` (`meter_id`);

--
-- Indexes for table `meter_replacement_cancellations`
--
ALTER TABLE `meter_replacement_cancellations`
  ADD PRIMARY KEY (`id`),
  ADD KEY `fk_cancellation_meter` (`meter_id`),
  ADD KEY `fk_cancellation_replacement` (`replacement_id`),
  ADD KEY `fk_cancellation_user` (`user_id`);

--
-- Indexes for table `meter_reserve_assignments`
--
ALTER TABLE `meter_reserve_assignments`
  ADD PRIMARY KEY (`id`),
  ADD KEY `idx_reserve_time` (`reserve_meter_id`,`start_time`),
  ADD KEY `idx_primary_time` (`primary_meter_id`,`start_time`);

--
-- Indexes for table `meter_types`
--
ALTER TABLE `meter_types`
  ADD PRIMARY KEY (`id`);

--
-- Indexes for table `parameters`
--
ALTER TABLE `parameters`
  ADD PRIMARY KEY (`id`),
  ADD KEY `equipment_type_id` (`equipment_type_id`);

--
-- Indexes for table `parameter_values`
--
ALTER TABLE `parameter_values`
  ADD PRIMARY KEY (`id`),
  ADD UNIQUE KEY `unique_parameter_value` (`parameter_id`,`equipment_id`,`date`,`shift_id`),
  ADD KEY `equipment_id` (`equipment_id`),
  ADD KEY `shift_id` (`shift_id`),
  ADD KEY `user_id` (`user_id`);

--
-- Indexes for table `pgu_fullparams`
--
ALTER TABLE `pgu_fullparams`
  ADD PRIMARY KEY (`id`);

--
-- Indexes for table `pgu_fullparam_values`
--
ALTER TABLE `pgu_fullparam_values`
  ADD PRIMARY KEY (`id`);

--
-- Indexes for table `pgu_result_params`
--
ALTER TABLE `pgu_result_params`
  ADD PRIMARY KEY (`id`),
  ADD UNIQUE KEY `name` (`name`);

--
-- Indexes for table `pgu_result_values`
--
ALTER TABLE `pgu_result_values`
  ADD PRIMARY KEY (`id`),
  ADD UNIQUE KEY `unique_pgu_result` (`param_id`,`pgu_id`,`date`,`shift_id`),
  ADD KEY `idx_pgu_pgu_date` (`pgu_id`,`date`),
  ADD KEY `idx_pgu_param_date` (`param_id`,`date`),
  ADD KEY `idx_pgu_period_type_date` (`period_type`,`date`),
  ADD KEY `idx_pgu_period_range` (`period_start`,`period_end`),
  ADD KEY `fk_pgu_result_shift` (`shift_id`),
  ADD KEY `fk_pgu_result_user` (`user_id`);

--
-- Indexes for table `shifts`
--
ALTER TABLE `shifts`
  ADD PRIMARY KEY (`id`),
  ADD UNIQUE KEY `name` (`name`);

--
-- Indexes for table `start_reasons`
--
ALTER TABLE `start_reasons`
  ADD PRIMARY KEY (`id`);

--
-- Indexes for table `stop_reasons`
--
ALTER TABLE `stop_reasons`
  ADD PRIMARY KEY (`id`),
  ADD UNIQUE KEY `name` (`name`);

--
-- Indexes for table `tg_result_params`
--
ALTER TABLE `tg_result_params`
  ADD PRIMARY KEY (`id`),
  ADD UNIQUE KEY `name` (`name`);

--
-- Indexes for table `tg_result_values`
--
ALTER TABLE `tg_result_values`
  ADD PRIMARY KEY (`id`),
  ADD UNIQUE KEY `unique_tg_result` (`param_id`,`equipment_id`,`date`,`shift_id`),
  ADD KEY `idx_tg_equipment_date` (`equipment_id`,`date`),
  ADD KEY `idx_tg_param_date` (`param_id`,`date`),
  ADD KEY `idx_tg_period_type_date` (`period_type`,`date`),
  ADD KEY `idx_tg_period_range` (`period_start`,`period_end`),
  ADD KEY `fk_tg_result_shift` (`shift_id`),
  ADD KEY `fk_tg_result_user` (`user_id`);

--
-- Indexes for table `users`
--
ALTER TABLE `users`
  ADD PRIMARY KEY (`id`),
  ADD UNIQUE KEY `username` (`username`);

--
-- AUTO_INCREMENT for dumped tables
--

--
-- AUTO_INCREMENT for table `equipment`
--
ALTER TABLE `equipment`
  MODIFY `id` int NOT NULL AUTO_INCREMENT, AUTO_INCREMENT=131;

--
-- AUTO_INCREMENT for table `equipment_events`
--
ALTER TABLE `equipment_events`
  MODIFY `id` int NOT NULL AUTO_INCREMENT, AUTO_INCREMENT=329;

--
-- AUTO_INCREMENT for table `equipment_tool_events`
--
ALTER TABLE `equipment_tool_events`
  MODIFY `id` int NOT NULL AUTO_INCREMENT, AUTO_INCREMENT=128;

--
-- AUTO_INCREMENT for table `equipment_types`
--
ALTER TABLE `equipment_types`
  MODIFY `id` int NOT NULL AUTO_INCREMENT, AUTO_INCREMENT=3;

--
-- AUTO_INCREMENT for table `functions`
--
ALTER TABLE `functions`
  MODIFY `id` int NOT NULL AUTO_INCREMENT, AUTO_INCREMENT=18;

--
-- AUTO_INCREMENT for table `function_coefficients`
--
ALTER TABLE `function_coefficients`
  MODIFY `id` int NOT NULL AUTO_INCREMENT, AUTO_INCREMENT=202;

--
-- AUTO_INCREMENT for table `function_coeff_sets`
--
ALTER TABLE `function_coeff_sets`
  MODIFY `id` int NOT NULL AUTO_INCREMENT, AUTO_INCREMENT=47;

--
-- AUTO_INCREMENT for table `meters`
--
ALTER TABLE `meters`
  MODIFY `id` int NOT NULL AUTO_INCREMENT, AUTO_INCREMENT=60;

--
-- AUTO_INCREMENT for table `meter_readings`
--
ALTER TABLE `meter_readings`
  MODIFY `id` bigint NOT NULL AUTO_INCREMENT, AUTO_INCREMENT=146;

--
-- AUTO_INCREMENT for table `meter_reading_history`
--
ALTER TABLE `meter_reading_history`
  MODIFY `history_id` bigint NOT NULL AUTO_INCREMENT;

--
-- AUTO_INCREMENT for table `meter_replacements`
--
ALTER TABLE `meter_replacements`
  MODIFY `id` bigint NOT NULL AUTO_INCREMENT, AUTO_INCREMENT=44;

--
-- AUTO_INCREMENT for table `meter_replacement_cancellations`
--
ALTER TABLE `meter_replacement_cancellations`
  MODIFY `id` bigint NOT NULL AUTO_INCREMENT, AUTO_INCREMENT=6;

--
-- AUTO_INCREMENT for table `meter_reserve_assignments`
--
ALTER TABLE `meter_reserve_assignments`
  MODIFY `id` bigint NOT NULL AUTO_INCREMENT, AUTO_INCREMENT=18;

--
-- AUTO_INCREMENT for table `meter_types`
--
ALTER TABLE `meter_types`
  MODIFY `id` int NOT NULL AUTO_INCREMENT, AUTO_INCREMENT=5;

--
-- AUTO_INCREMENT for table `parameters`
--
ALTER TABLE `parameters`
  MODIFY `id` int NOT NULL AUTO_INCREMENT, AUTO_INCREMENT=49;

--
-- AUTO_INCREMENT for table `parameter_values`
--
ALTER TABLE `parameter_values`
  MODIFY `id` int NOT NULL AUTO_INCREMENT, AUTO_INCREMENT=187;

--
-- AUTO_INCREMENT for table `pgu_fullparams`
--
ALTER TABLE `pgu_fullparams`
  MODIFY `id` int NOT NULL AUTO_INCREMENT, AUTO_INCREMENT=35;

--
-- AUTO_INCREMENT for table `pgu_fullparam_values`
--
ALTER TABLE `pgu_fullparam_values`
  MODIFY `id` bigint NOT NULL AUTO_INCREMENT, AUTO_INCREMENT=1113;

--
-- AUTO_INCREMENT for table `pgu_result_params`
--
ALTER TABLE `pgu_result_params`
  MODIFY `id` int NOT NULL AUTO_INCREMENT, AUTO_INCREMENT=75;

--
-- AUTO_INCREMENT for table `pgu_result_values`
--
ALTER TABLE `pgu_result_values`
  MODIFY `id` bigint NOT NULL AUTO_INCREMENT, AUTO_INCREMENT=4874;

--
-- AUTO_INCREMENT for table `shifts`
--
ALTER TABLE `shifts`
  MODIFY `id` int NOT NULL AUTO_INCREMENT, AUTO_INCREMENT=4;

--
-- AUTO_INCREMENT for table `start_reasons`
--
ALTER TABLE `start_reasons`
  MODIFY `id` int NOT NULL AUTO_INCREMENT, AUTO_INCREMENT=4;

--
-- AUTO_INCREMENT for table `stop_reasons`
--
ALTER TABLE `stop_reasons`
  MODIFY `id` int NOT NULL AUTO_INCREMENT, AUTO_INCREMENT=4;

--
-- AUTO_INCREMENT for table `tg_result_params`
--
ALTER TABLE `tg_result_params`
  MODIFY `id` int NOT NULL AUTO_INCREMENT, AUTO_INCREMENT=26;

--
-- AUTO_INCREMENT for table `tg_result_values`
--
ALTER TABLE `tg_result_values`
  MODIFY `id` bigint NOT NULL AUTO_INCREMENT;

--
-- AUTO_INCREMENT for table `users`
--
ALTER TABLE `users`
  MODIFY `id` int NOT NULL AUTO_INCREMENT, AUTO_INCREMENT=2;

--
-- Constraints for dumped tables
--

--
-- Constraints for table `equipment`
--
ALTER TABLE `equipment`
  ADD CONSTRAINT `equipment_ibfk_1` FOREIGN KEY (`type_id`) REFERENCES `equipment_types` (`id`);

--
-- Constraints for table `equipment_events`
--
ALTER TABLE `equipment_events`
  ADD CONSTRAINT `equipment_events_ibfk_1` FOREIGN KEY (`equipment_id`) REFERENCES `equipment` (`id`) ON DELETE CASCADE,
  ADD CONSTRAINT `equipment_events_ibfk_2` FOREIGN KEY (`shift_id`) REFERENCES `shifts` (`id`),
  ADD CONSTRAINT `equipment_events_ibfk_3` FOREIGN KEY (`user_id`) REFERENCES `users` (`id`),
  ADD CONSTRAINT `equipment_events_ibfk_4` FOREIGN KEY (`reason_id`) REFERENCES `stop_reasons` (`id`);

--
-- Constraints for table `equipment_tool_events`
--
ALTER TABLE `equipment_tool_events`
  ADD CONSTRAINT `equipment_tool_events_ibfk_1` FOREIGN KEY (`equipment_id`) REFERENCES `equipment` (`id`) ON DELETE CASCADE,
  ADD CONSTRAINT `equipment_tool_events_ibfk_2` FOREIGN KEY (`shift_id`) REFERENCES `shifts` (`id`),
  ADD CONSTRAINT `equipment_tool_events_ibfk_3` FOREIGN KEY (`user_id`) REFERENCES `users` (`id`);

--
-- Constraints for table `function_coefficients`
--
ALTER TABLE `function_coefficients`
  ADD CONSTRAINT `fk_coeffs_coeffset` FOREIGN KEY (`coeff_set_id`) REFERENCES `function_coeff_sets` (`id`) ON DELETE CASCADE;

--
-- Constraints for table `function_coeff_sets`
--
ALTER TABLE `function_coeff_sets`
  ADD CONSTRAINT `fk_coeffsets_function` FOREIGN KEY (`function_id`) REFERENCES `functions` (`id`) ON DELETE CASCADE;

--
-- Constraints for table `meters`
--
ALTER TABLE `meters`
  ADD CONSTRAINT `fk_meters_equipment` FOREIGN KEY (`equipment_id`) REFERENCES `equipment` (`id`) ON UPDATE CASCADE,
  ADD CONSTRAINT `fk_meters_type` FOREIGN KEY (`meter_type_id`) REFERENCES `meter_types` (`id`) ON UPDATE CASCADE;

--
-- Constraints for table `meter_readings`
--
ALTER TABLE `meter_readings`
  ADD CONSTRAINT `fk_readings_meter` FOREIGN KEY (`meter_id`) REFERENCES `meters` (`id`) ON DELETE CASCADE ON UPDATE CASCADE;

--
-- Constraints for table `meter_reading_history`
--
ALTER TABLE `meter_reading_history`
  ADD CONSTRAINT `fk_history_reading` FOREIGN KEY (`reading_id`) REFERENCES `meter_readings` (`id`) ON DELETE CASCADE ON UPDATE CASCADE;

--
-- Constraints for table `meter_replacements`
--
ALTER TABLE `meter_replacements`
  ADD CONSTRAINT `fk_repl_meter` FOREIGN KEY (`meter_id`) REFERENCES `meters` (`id`) ON DELETE CASCADE ON UPDATE CASCADE;

--
-- Constraints for table `meter_replacement_cancellations`
--
ALTER TABLE `meter_replacement_cancellations`
  ADD CONSTRAINT `fk_cancellation_meter` FOREIGN KEY (`meter_id`) REFERENCES `meters` (`id`) ON DELETE CASCADE ON UPDATE CASCADE,
  ADD CONSTRAINT `fk_cancellation_replacement` FOREIGN KEY (`replacement_id`) REFERENCES `meter_replacements` (`id`) ON DELETE CASCADE ON UPDATE CASCADE,
  ADD CONSTRAINT `fk_cancellation_user` FOREIGN KEY (`user_id`) REFERENCES `users` (`id`) ON DELETE SET NULL ON UPDATE CASCADE;

--
-- Constraints for table `parameters`
--
ALTER TABLE `parameters`
  ADD CONSTRAINT `parameters_ibfk_1` FOREIGN KEY (`equipment_type_id`) REFERENCES `equipment_types` (`id`);

--
-- Constraints for table `parameter_values`
--
ALTER TABLE `parameter_values`
  ADD CONSTRAINT `parameter_values_ibfk_1` FOREIGN KEY (`parameter_id`) REFERENCES `parameters` (`id`),
  ADD CONSTRAINT `parameter_values_ibfk_2` FOREIGN KEY (`equipment_id`) REFERENCES `equipment` (`id`),
  ADD CONSTRAINT `parameter_values_ibfk_3` FOREIGN KEY (`shift_id`) REFERENCES `shifts` (`id`),
  ADD CONSTRAINT `parameter_values_ibfk_4` FOREIGN KEY (`user_id`) REFERENCES `users` (`id`);

--
-- Constraints for table `pgu_result_values`
--
ALTER TABLE `pgu_result_values`
  ADD CONSTRAINT `fk_pgu_result_param` FOREIGN KEY (`param_id`) REFERENCES `pgu_result_params` (`id`) ON DELETE CASCADE,
  ADD CONSTRAINT `fk_pgu_result_shift` FOREIGN KEY (`shift_id`) REFERENCES `shifts` (`id`) ON DELETE SET NULL,
  ADD CONSTRAINT `fk_pgu_result_user` FOREIGN KEY (`user_id`) REFERENCES `users` (`id`) ON DELETE SET NULL;

--
-- Constraints for table `tg_result_values`
--
ALTER TABLE `tg_result_values`
  ADD CONSTRAINT `fk_tg_result_equipment` FOREIGN KEY (`equipment_id`) REFERENCES `equipment` (`id`) ON DELETE CASCADE,
  ADD CONSTRAINT `fk_tg_result_param` FOREIGN KEY (`param_id`) REFERENCES `tg_result_params` (`id`) ON DELETE CASCADE,
  ADD CONSTRAINT `fk_tg_result_shift` FOREIGN KEY (`shift_id`) REFERENCES `shifts` (`id`) ON DELETE SET NULL,
  ADD CONSTRAINT `fk_tg_result_user` FOREIGN KEY (`user_id`) REFERENCES `users` (`id`) ON DELETE SET NULL;
COMMIT;

/*!40101 SET CHARACTER_SET_CLIENT=@OLD_CHARACTER_SET_CLIENT */;
/*!40101 SET CHARACTER_SET_RESULTS=@OLD_CHARACTER_SET_RESULTS */;
/*!40101 SET COLLATION_CONNECTION=@OLD_COLLATION_CONNECTION */;
