-- phpMyAdmin SQL Dump
-- version 5.2.0
-- https://www.phpmyadmin.net/
--
-- Хост: 127.0.0.1:3306
-- Время создания: Сен 10 2025 г., 22:38
-- Версия сервера: 8.0.30
-- Версия PHP: 8.1.9

SET SQL_MODE = "NO_AUTO_VALUE_ON_ZERO";
START TRANSACTION;
SET time_zone = "+00:00";


/*!40101 SET @OLD_CHARACTER_SET_CLIENT=@@CHARACTER_SET_CLIENT */;
/*!40101 SET @OLD_CHARACTER_SET_RESULTS=@@CHARACTER_SET_RESULTS */;
/*!40101 SET @OLD_COLLATION_CONNECTION=@@COLLATION_CONNECTION */;
/*!40101 SET NAMES utf8mb4 */;

--
-- База данных: `exepower`
--

-- --------------------------------------------------------

--
-- Структура таблицы `equipment`
--

CREATE TABLE `equipment` (
  `id` int NOT NULL,
  `name` varchar(100) CHARACTER SET utf8mb4 COLLATE utf8mb4_unicode_ci NOT NULL,
  `type_id` int NOT NULL,
  `description` text CHARACTER SET utf8mb4 COLLATE utf8mb4_unicode_ci
) ENGINE=InnoDB DEFAULT CHARSET=utf8mb4 COLLATE=utf8mb4_unicode_ci;

--
-- Дамп данных таблицы `equipment`
--

INSERT INTO `equipment` (`id`, `name`, `type_id`, `description`) VALUES
(1, 'Блок ТГ7', 1, 'Турбогенератор блок 7'),
(2, 'Блок ТГ8', 1, 'Турбогенератор блок 8'),
(3, 'ГТ 1', 2, 'Газовая установка 1'),
(4, 'ПТ 1', 2, 'Паровая установка 1'),
(5, 'ГТ 2', 2, 'Газовая установка 2'),
(6, 'ПТ 2', 2, 'Паровая установка 2'),
(7, 'ОЧ-130', 1, 'ОЧ-130');

-- --------------------------------------------------------

--
-- Структура таблицы `equipment_events`
--

CREATE TABLE `equipment_events` (
  `id` int NOT NULL,
  `equipment_id` int NOT NULL,
  `event_type` enum('pusk','ostanov') CHARACTER SET utf8mb4 COLLATE utf8mb4_unicode_ci NOT NULL,
  `event_time` datetime NOT NULL,
  `shift_id` int DEFAULT NULL,
  `user_id` int DEFAULT NULL,
  `reason_id` int DEFAULT NULL,
  `comment` varchar(255) CHARACTER SET utf8mb4 COLLATE utf8mb4_unicode_ci DEFAULT NULL,
  `created_at` timestamp NULL DEFAULT CURRENT_TIMESTAMP
) ENGINE=InnoDB DEFAULT CHARSET=utf8mb4 COLLATE=utf8mb4_unicode_ci;

--
-- Дамп данных таблицы `equipment_events`
--

INSERT INTO `equipment_events` (`id`, `equipment_id`, `event_type`, `event_time`, `shift_id`, `user_id`, `reason_id`, `comment`, `created_at`) VALUES
(323, 1, 'pusk', '2025-08-14 22:30:00', 3, 1, 1, '', '2025-08-22 17:49:14'),
(324, 2, 'pusk', '2025-08-14 22:49:00', 3, 1, 1, '', '2025-08-22 17:49:23'),
(325, 3, 'pusk', '2025-08-14 22:49:00', 3, 1, 1, '', '2025-08-22 17:49:28'),
(326, 5, 'pusk', '2025-08-14 22:49:00', 3, 1, 1, '', '2025-08-22 17:49:31'),
(330, 3, 'ostanov', '2025-08-21 13:00:00', 2, 1, 1, '', '2025-08-29 07:58:31'),
(331, 3, 'pusk', '2025-08-22 00:01:00', 2, 1, 2, '', '2025-08-29 07:58:58');

-- --------------------------------------------------------

--
-- Структура таблицы `equipment_tool_events`
--

CREATE TABLE `equipment_tool_events` (
  `id` int NOT NULL,
  `equipment_id` int NOT NULL,
  `tool_type` enum('evaporator','aos') CHARACTER SET utf8mb4 COLLATE utf8mb4_unicode_ci NOT NULL,
  `event_type` enum('on','off') CHARACTER SET utf8mb4 COLLATE utf8mb4_unicode_ci NOT NULL,
  `event_time` datetime NOT NULL,
  `shift_id` int DEFAULT NULL,
  `user_id` int DEFAULT NULL,
  `comment` varchar(255) CHARACTER SET utf8mb4 COLLATE utf8mb4_unicode_ci DEFAULT NULL,
  `created_at` timestamp NULL DEFAULT CURRENT_TIMESTAMP
) ENGINE=InnoDB DEFAULT CHARSET=utf8mb4 COLLATE=utf8mb4_unicode_ci;

--
-- Дамп данных таблицы `equipment_tool_events`
--

INSERT INTO `equipment_tool_events` (`id`, `equipment_id`, `tool_type`, `event_type`, `event_time`, `shift_id`, `user_id`, `comment`, `created_at`) VALUES
(130, 3, 'evaporator', 'on', '2025-08-21 04:00:00', 1, 1, NULL, '2025-08-28 23:00:46'),
(131, 3, 'evaporator', 'off', '2025-08-29 02:30:11', 1, 1, NULL, '2025-08-28 23:30:11'),
(132, 5, 'evaporator', 'on', '2025-08-20 12:22:00', 2, 1, NULL, '2025-08-29 07:22:07'),
(133, 5, 'evaporator', 'off', '2025-08-25 12:00:00', 2, 1, NULL, '2025-08-29 07:22:41');

-- --------------------------------------------------------

--
-- Структура таблицы `equipment_types`
--

CREATE TABLE `equipment_types` (
  `id` int NOT NULL,
  `name` varchar(50) CHARACTER SET utf8mb4 COLLATE utf8mb4_unicode_ci NOT NULL,
  `description` text CHARACTER SET utf8mb4 COLLATE utf8mb4_unicode_ci
) ENGINE=InnoDB DEFAULT CHARSET=utf8mb4 COLLATE=utf8mb4_unicode_ci;

--
-- Дамп данных таблицы `equipment_types`
--

INSERT INTO `equipment_types` (`id`, `name`, `description`) VALUES
(1, 'ТГ', 'Турбогенератор (Блок)'),
(2, 'ПГУ', 'Парогазовая установка');

-- --------------------------------------------------------

--
-- Структура таблицы `functions`
--

CREATE TABLE `functions` (
  `id` int NOT NULL,
  `name` varchar(255) NOT NULL,
  `symbol` varchar(50) NOT NULL,
  `unit` varchar(50) NOT NULL
) ENGINE=InnoDB DEFAULT CHARSET=utf8mb4 COLLATE=utf8mb4_0900_ai_ci;

--
-- Дамп данных таблицы `functions`
--

INSERT INTO `functions` (`id`, `name`, `symbol`, `unit`) VALUES
(1, 'На изменение cosφГТ', 'MW', 'ΔNcosφгт'),
(2, 'На изменение cosφПТ', 'MW', 'ΔNcosφпт'),
(5, 'На изменение температуры мокрого термометра в градирню', 'MW', 'ΔNбл'),
(6, 'На  давление топливного газа', 'MW', 'ΔNРт.газа'),
(7, 'На температуру топливного газа', 'MW', 'ΔNtт.газа'),
(8, 'На температуру окружающей среды и относительную влажность (применяется в Вкл условии испар. охл.)', '-', 'ktн.в'),
(9, 'На температуру на входе компрессора (применяется в Откл условии испар. охл.)', '-', 'ktвх.к'),
(10, 'На изменение барометрического давления и температуры на входе компрессора (применяется при условии Вкл и Откл испар. охл.)', '-', 'kРбар'),
(11, 'На относительную влажность и температуру на входе компрессора (применяется при условии Откл испар. охл.)', '-', 'kφвх.к'),
(12, 'На отклонение низшей теплоты сгорания топлива', '-', 'kQнр'),
(13, 'На изменение частоты ГТ (применяется при условии Вкл и Откл испар. охл.)', '-', 'kν'),
(14, 'Кривая деградации ГТУ', '-', 'kd'),
(15, 'Исходно-номинальный УРТ ПГУ, g/kWh', '', 'bэ(ином)пгу'),
(16, 'На занос КВОУ', '-', 'kΔNквоу'),
(17, 'На включение антиобледенительной системы (АОС)', '-', 'kΔNаос');

-- --------------------------------------------------------

--
-- Структура таблицы `function_coefficients`
--

CREATE TABLE `function_coefficients` (
  `id` int NOT NULL,
  `coeff_set_id` int NOT NULL,
  `coeff_index` tinyint NOT NULL,
  `coeff_value` varchar(60) NOT NULL
) ENGINE=InnoDB DEFAULT CHARSET=utf8mb4 COLLATE=utf8mb4_0900_ai_ci;

--
-- Дамп данных таблицы `function_coefficients`
--

INSERT INTO `function_coefficients` (`id`, `coeff_set_id`, `coeff_index`, `coeff_value`) VALUES
(1, 2, 0, '1755.2900390625'),
(2, 2, 1, '-3.205090045928955'),
(3, 2, 2, '0.05486280098557472'),
(4, 2, 3, '-0.00021166099759284407'),
(5, 2, 4, '0.0000003550269980223675'),
(6, 3, 0, '1657.9200439453125'),
(7, 3, 1, '1.1666500568389893'),
(8, 3, 2, '0.0057877302169799805'),
(9, 3, 3, '0.000034862001484725624'),
(10, 3, 4, '-0.000000054505498781054484'),
(11, 4, 0, '1604.8399658203125'),
(12, 4, 1, '2.3590800762176514'),
(13, 4, 2, '0.003359379945322871'),
(14, 4, 3, '0.000029723600164288655'),
(15, 4, 4, '-0.000000012745999811158981'),
(16, 5, 0, '1555.1800537109375'),
(17, 5, 1, '4.974629878997803'),
(18, 5, 2, '-0.029911700636148453'),
(19, 5, 3, '0.00021919200662523508'),
(20, 5, 4, '-0.00000034930599213112146'),
(21, 6, 0, '1143.06005859375'),
(22, 6, 1, '-26.166799545288086'),
(23, 6, 2, '0.8006089925765991'),
(24, 6, 3, '-0.009191659279167652'),
(25, 6, 4, '0.000038746598875150084'),
(26, 7, 0, '823.3779907226562'),
(27, 7, 1, '-0.5977259874343872'),
(28, 7, 2, '0.1083339974284172'),
(29, 7, 3, '-0.0011761400382965803'),
(30, 7, 4, '0.00000580712003284134'),
(31, 8, 0, '503.6910095214844'),
(32, 8, 1, '24.971399307250977'),
(33, 8, 2, '-0.5839400291442871'),
(34, 8, 3, '0.0068393899127841'),
(35, 8, 4, '-0.000027132400646223687'),
(36, 9, 0, '184.00399780273438'),
(37, 9, 1, '50.54050064086914'),
(38, 9, 2, '-1.2762099504470825'),
(39, 9, 3, '0.014854899607598782'),
(40, 9, 4, '-0.00006007189949741587'),
(41, 10, 0, '-2258.969970703125'),
(42, 10, 1, '181.37899780273438'),
(43, 10, 2, '-1.2210999727249146'),
(44, 10, 3, '0.7589390277862549'),
(45, 10, 4, '-0.027979999780654907'),
(46, 11, 0, '11709.099609375'),
(47, 11, 1, '-2784.800048828125'),
(48, 11, 2, '246.26100158691406'),
(49, 11, 3, '-9.73622989654541'),
(50, 11, 4, '0.14245499670505524'),
(51, 12, 0, '-45.964298248291016'),
(52, 12, 1, '4.827079772949219'),
(53, 12, 2, '-0.05074400082230568'),
(54, 12, 3, '0.0032291701063513756'),
(55, 12, 4, '-0.00004613100099959411'),
(56, 13, 0, '0.9689080119132996'),
(57, 13, 1, '0.0003156570019200444'),
(58, 13, 2, '0.00014696399739477783'),
(59, 13, 3, '-0.000005482860160554992'),
(60, 13, 4, '0.00000009937119926917148'),
(61, 14, 0, '0.9599990248680115'),
(62, 14, 1, '0.002653149887919426'),
(63, 14, 2, '-0.00003143159847240895'),
(64, 14, 3, '0.0000013571500403486425'),
(65, 14, 4, '-0.00000002131999998766787'),
(66, 15, 0, '0.9515349864959717'),
(67, 15, 1, '0.005012880079448223'),
(68, 15, 2, '-0.0002166699996450916'),
(69, 15, 3, '0.000009106630386668257'),
(70, 15, 4, '-0.0000001673389959933047'),
(71, 16, 0, '1.0010199546813965'),
(72, 16, 1, '-0.005077649839222431'),
(73, 16, 2, '0.0005469620227813721'),
(74, 16, 3, '-0.000015791099940543063'),
(75, 16, 4, '0.00000020399799893766613'),
(76, 17, 0, '0.9417200088500977'),
(77, 17, 1, '0.010191399604082108'),
(78, 17, 2, '-0.0007922369986772537'),
(79, 17, 3, '0.000040521499613532797'),
(80, 17, 4, '-0.0000009228569979313761'),
(81, 18, 0, '0.971930980682373'),
(82, 18, 1, '0.0037383600138127804'),
(83, 18, 2, '-0.00012977700680494308'),
(84, 18, 3, '0.00001051520030159736'),
(85, 18, 4, '-0.0000003104970005551877'),
(86, 19, 0, '0.9779049754142761'),
(87, 19, 1, '0.0008858800283633173'),
(88, 19, 2, '0.00013807200593873858'),
(89, 19, 3, '0.0000005849850026606873'),
(90, 19, 4, '-0.00000014898699873810983'),
(91, 20, 0, '5.1519598960876465'),
(92, 20, 1, '-0.010167700238525867'),
(93, 20, 2, '0.0000096167696028715'),
(94, 20, 3, '-0.000000004335249936815444'),
(95, 20, 4, '0.0000000000007381049981283749'),
(96, 21, 0, '11.614399909973145'),
(97, 21, 1, '-0.03615809977054596'),
(98, 21, 2, '0.00004875849845120683'),
(99, 21, 3, '-0.00000003050169894436294'),
(100, 21, 4, '0.000000000007290790367264766'),
(101, 22, 0, '12.050999641418457'),
(102, 22, 1, '-0.037794001400470734'),
(103, 22, 2, '0.00005103430157760158'),
(104, 22, 3, '-0.00000003189540009884695'),
(105, 22, 4, '0.000000000007607960268718461'),
(106, 23, 0, '10.117899894714355'),
(107, 23, 1, '-0.03013090044260025'),
(108, 23, 2, '0.00003964930147049017'),
(109, 23, 3, '-0.000000024381899166314724'),
(110, 23, 4, '0.0000000000057494898599019795'),
(111, 24, 0, '-0.4032599925994873'),
(112, 24, 1, '0.011545100249350071'),
(113, 24, 2, '-0.000022243999410420656'),
(114, 24, 3, '0.000000016455500073675466'),
(115, 24, 4, '-0.0000000000043493902056324085'),
(116, 25, 0, '3.6476099491119385'),
(117, 25, 1, '-0.004994669929146767'),
(118, 25, 2, '0.0000030867399800627027'),
(119, 25, 3, '-0.0000000007819629943561779'),
(120, 25, 4, '0.00000000000004619649931689174'),
(121, 26, 0, '1.001039981842041'),
(122, 26, 1, '-0.00001184859956993023'),
(123, 26, 2, '-0.000000008912640403480054'),
(124, 26, 3, '0.0000000011128300503315813'),
(125, 26, 4, '-0.0000000000185371006738988'),
(126, 27, 0, '1.0027600526809692'),
(127, 27, 1, '-0.00002991129986185115'),
(128, 27, 2, '-0.00000002004549948253498'),
(129, 27, 3, '0.0000000009597610484135544'),
(130, 27, 4, '-0.000000000014456599979617568'),
(131, 28, 0, '1.0059399604797363'),
(132, 28, 1, '-0.00006159880285849795'),
(133, 28, 2, '-0.00000023280199457076378'),
(134, 28, 3, '0.000000006190369994385492'),
(135, 28, 4, '-0.00000000006904200128277083'),
(136, 29, 0, '1.0061700344085693'),
(137, 29, 1, '-0.00006967419903958216'),
(138, 29, 2, '0.000000021887300860612413'),
(139, 29, 3, '0.000000000676119993325841'),
(140, 29, 4, '-0.000000000011072399941358668'),
(141, 30, 0, '1.018470048904419'),
(142, 30, 1, '-0.00023955899814609438'),
(143, 30, 2, '0.0000010818699820447364'),
(144, 30, 3, '-0.000000010547499762481038'),
(145, 30, 4, '0.0000000000292165007464984'),
(146, 31, 0, '1.0210800170898438'),
(147, 31, 1, '-0.0003951030084863305'),
(148, 31, 2, '0.000006046930138836615'),
(149, 31, 3, '-0.00000010144700013370311'),
(150, 31, 4, '0.0000000008339530177536858'),
(151, 32, 0, '0.9475730061531067'),
(152, 32, 1, '0.0000016474399444632581'),
(153, 32, 2, '-0.000000000011708399874632569'),
(154, 33, 0, '0.9499959945678711'),
(155, 33, 1, '0.000001576480030962557'),
(156, 33, 2, '-0.000000000010949199880094795'),
(157, 34, 0, '0.949386'),
(158, 34, 1, '0.00000163193'),
(159, 34, 2, '-0.00000000001152942'),
(160, 35, 0, '164.85800170898438'),
(161, 35, 1, '-489.6239929199219'),
(162, 35, 2, '487.01300048828125'),
(163, 35, 3, '-161.2480010986328'),
(164, 36, 0, '133.80099487304688'),
(165, 36, 1, '-392.1960144042969'),
(166, 36, 2, '385.5429992675781'),
(167, 36, 3, '-126.14800262451172'),
(168, 37, 0, '27.14929962158203'),
(169, 37, 1, '-68.68309783935547'),
(170, 37, 2, '58.860801696777344'),
(171, 37, 3, '-16.32699966430664'),
(172, 38, 0, '42.0625'),
(173, 38, 1, '-113.06600189208984'),
(174, 38, 2, '102.91899871826172'),
(175, 38, 3, '-3.0915699005126953'),
(176, 39, 0, '287.2489929199219'),
(177, 39, 1, '-836.5789794921875'),
(178, 39, 2, '815.3889770507812'),
(179, 39, 3, '-265.0589904785156'),
(180, 40, 0, '443.9630126953125'),
(181, 40, 1, '-1305.8199462890625'),
(182, 40, 2, '1284.52001953125'),
(183, 40, 3, '-421.6629943847656'),
(184, 41, 0, '0.00474285714'),
(185, 41, 1, '0.000547085714'),
(186, 41, 2, '-0.0000000498285714'),
(187, 41, 3, '0.000000000001792'),
(188, 42, 0, '1.614'),
(189, 42, 1, '0.0000786285714'),
(190, 42, 2, '-0.0000000010857143'),
(191, 43, 0, '0.99026'),
(192, 43, 1, '0.00000974'),
(193, 44, 0, '1.00003698'),
(194, 44, 1, '0.00502014479'),
(195, 44, 2, '-0.00001124809'),
(196, 45, 0, '448.5652770027'),
(197, 45, 1, '-2.1475024881'),
(198, 45, 2, '0.007231743'),
(199, 45, 3, '-0.0000082402'),
(200, 46, 0, '0.2109403744'),
(201, 46, 1, '742.3358617859');

-- --------------------------------------------------------

--
-- Структура таблицы `function_coeff_sets`
--

CREATE TABLE `function_coeff_sets` (
  `id` int NOT NULL,
  `function_id` int NOT NULL,
  `x_value` double NOT NULL,
  `created_at` timestamp NOT NULL DEFAULT CURRENT_TIMESTAMP
) ENGINE=InnoDB DEFAULT CHARSET=utf8mb4 COLLATE=utf8mb4_0900_ai_ci;

--
-- Дамп данных таблицы `function_coeff_sets`
--

INSERT INTO `function_coeff_sets` (`id`, `function_id`, `x_value`, `created_at`) VALUES
(2, 1, 1, '2025-05-09 03:55:58'),
(3, 1, 0.95, '2025-05-09 03:55:58'),
(4, 1, 0.9, '2025-05-09 03:55:58'),
(5, 1, 0.85, '2025-05-09 03:55:58'),
(6, 2, 1, '2025-05-09 03:55:58'),
(7, 2, 0.95, '2025-05-09 03:55:58'),
(8, 2, 0.9, '2025-05-09 03:55:58'),
(9, 2, 0.85, '2025-05-09 03:55:58'),
(10, 5, 0, '2025-05-09 03:55:58'),
(11, 6, 0, '2025-05-09 03:55:58'),
(12, 7, 0, '2025-05-09 03:55:58'),
(13, 8, 10, '2025-05-09 03:55:58'),
(14, 8, 20, '2025-05-09 03:55:58'),
(15, 8, 40, '2025-05-09 03:55:58'),
(16, 8, 58, '2025-05-09 03:55:58'),
(17, 8, 80, '2025-05-09 03:55:58'),
(18, 8, 100, '2025-05-09 03:55:58'),
(19, 9, 0, '2025-05-09 03:55:58'),
(20, 10, -15, '2025-05-09 03:55:58'),
(21, 10, -3, '2025-05-09 03:55:58'),
(22, 10, 9, '2025-05-09 03:55:58'),
(23, 10, 10, '2025-05-09 03:55:58'),
(24, 10, 33, '2025-05-09 03:55:58'),
(25, 10, 45, '2025-05-09 03:55:58'),
(26, 11, -15, '2025-05-09 03:55:58'),
(27, 11, -3, '2025-05-09 03:55:58'),
(28, 11, 9, '2025-05-09 03:55:58'),
(29, 11, 10, '2025-05-09 03:55:58'),
(30, 11, 33, '2025-05-09 03:55:58'),
(31, 11, 45, '2025-05-09 03:55:58'),
(32, 12, 4, '2025-05-09 03:55:58'),
(33, 12, 3.911, '2025-05-09 03:55:58'),
(34, 12, 3.829, '2025-05-09 03:55:58'),
(35, 13, -15, '2025-05-09 03:55:58'),
(36, 13, -3, '2025-05-09 03:55:58'),
(37, 13, 9, '2025-05-09 03:55:58'),
(38, 13, 10, '2025-05-09 03:55:58'),
(39, 13, 33, '2025-05-09 03:55:58'),
(40, 13, 45, '2025-05-09 03:55:58'),
(41, 14, 10000, '2025-05-09 03:55:58'),
(42, 14, 10001, '2025-05-09 03:55:58'),
(43, 16, 0, '2025-05-09 03:55:58'),
(44, 17, 0, '2025-05-09 03:55:58'),
(45, 15, 212.31, '2025-05-09 03:55:58'),
(46, 15, 212.3, '2025-05-09 03:55:58');

-- --------------------------------------------------------

--
-- Структура таблицы `meters`
--

CREATE TABLE `meters` (
  `id` int NOT NULL,
  `meter_type_id` int NOT NULL,
  `equipment_id` int DEFAULT NULL,
  `serial_number` varchar(50) NOT NULL,
  `scale` decimal(12,3) NOT NULL,
  `coefficient_k` decimal(10,3) NOT NULL DEFAULT '1.000',
  `name` varchar(100) NOT NULL,
  `is_active` tinyint(1) NOT NULL DEFAULT '1',
  `created_at` timestamp NOT NULL DEFAULT CURRENT_TIMESTAMP,
  `updated_at` timestamp NOT NULL DEFAULT CURRENT_TIMESTAMP ON UPDATE CURRENT_TIMESTAMP
) ENGINE=InnoDB DEFAULT CHARSET=utf8mb4 COLLATE=utf8mb4_0900_ai_ci;

--
-- Дамп данных таблицы `meters`
--

INSERT INTO `meters` (`id`, `meter_type_id`, `equipment_id`, `serial_number`, `scale`, `coefficient_k`, `name`, `is_active`, `created_at`, `updated_at`) VALUES
(36, 1, 1, 'TG7A12', '999999.999', '315000.000', 'ТГ-7', 1, '2025-08-20 15:15:10', '2025-08-20 15:15:10'),
(37, 1, 2, 'TG8B93', '999999.999', '315000.000', 'ТГ-8', 1, '2025-08-20 15:15:10', '2025-08-20 15:15:10'),
(38, 1, 3, 'GTG1Z8', '999999.999', '1620000.000', 'ГТГ-1', 1, '2025-08-20 15:15:10', '2025-08-20 15:15:10'),
(39, 1, 4, 'PTG1X7', '999999.999', '805000.000', 'ПТГ-1', 1, '2025-08-20 15:15:10', '2025-08-20 15:15:10'),
(40, 1, 5, 'GTG2L9', '999999.999', '1620000.000', 'ГТГ-2', 1, '2025-08-20 15:15:10', '2025-08-20 15:15:10'),
(41, 1, 6, 'PTG2K3', '999999.999', '805000.000', 'ПТГ-2', 1, '2025-08-20 15:15:10', '2025-08-20 15:15:10'),
(42, 2, NULL, '6AA743', '999999.999', '24000.000', 'ТСР-3-6а', 1, '2025-08-20 15:15:10', '2025-08-20 15:15:10'),
(43, 2, NULL, 'B1C02A', '999999.999', '24000.000', 'ТСР-3-6б', 1, '2025-08-20 15:15:10', '2025-08-20 15:15:10'),
(44, 2, 1, '95XAD2', '999999.999', '18000.000', 'ТСБ-7 ВСР-13', 1, '2025-08-20 15:15:10', '2025-08-20 15:15:10'),
(45, 2, 1, '7GH6WQ', '999999.999', '18000.000', 'ТСБ-7 ВСР-14', 1, '2025-08-20 15:15:10', '2025-08-20 15:15:10'),
(46, 2, 2, 'XLM812', '999999.999', '18000.000', 'ТСБ-8 ВСР-15', 1, '2025-08-20 15:15:10', '2025-08-20 15:15:10'),
(47, 2, 2, 'LPO9F1', '999999.999', '18000.000', 'ТСБ-8 ВСР-16', 1, '2025-08-20 15:15:10', '2025-08-20 15:15:10'),
(48, 2, NULL, 'UUE1Z0', '999999.999', '12000.000', 'Т-5 ВРП-1', 1, '2025-08-20 15:15:10', '2025-08-20 15:15:10'),
(49, 2, NULL, 'MKTQ6Z', '999999.999', '12000.000', 'Т-5 ВРП-2', 1, '2025-08-20 15:15:10', '2025-08-20 15:15:10'),
(50, 2, NULL, '3KVP03', '999999.999', '12000.000', 'Т-6 ВСР-1', 1, '2025-08-20 15:15:10', '2025-08-20 15:15:10'),
(51, 2, NULL, 'TXD6YY', '999999.999', '12000.000', 'Т-6 ВСР-2', 1, '2025-08-20 15:15:10', '2025-08-20 15:15:10'),
(52, 2, NULL, 'LA1BL5', '999999.999', '14000.000', 'Л-БН-1', 1, '2025-08-20 15:15:10', '2025-08-20 15:15:10'),
(53, 2, NULL, 'LB2GG4', '999999.999', '7000.000', 'Л-БН-2', 1, '2025-08-20 15:15:10', '2025-08-20 15:15:10'),
(54, 2, 3, 'TSN1PG', '999999.999', '234000.000', 'ТСН-1 (ПГУ)', 1, '2025-08-20 15:15:10', '2025-08-20 15:15:10'),
(55, 2, 5, 'TSN2PG', '999999.999', '234000.000', 'ТСН-2 (ПГУ)', 1, '2025-08-20 15:15:10', '2025-08-20 15:15:10'),
(56, 3, 1, 'TV7ABC', '999999.999', '6300.000', 'ТВ-7', 1, '2025-08-20 15:15:10', '2025-08-20 15:15:10'),
(57, 3, 2, 'TV8XYZ', '999999.999', '12600.000', 'ТВ-8', 1, '2025-08-20 15:15:10', '2025-08-20 15:15:10'),
(58, 3, NULL, 'RB3KL7', '999999.999', '3600.000', 'РВ-3', 1, '2025-08-20 15:15:10', '2025-08-20 15:15:10'),
(59, 4, NULL, 'OKRSL2', '999999.999', '1000.000', 'Хоз. нужды', 1, '2025-08-20 15:15:10', '2025-08-22 18:11:58');

-- --------------------------------------------------------

--
-- Структура таблицы `meter_readings`
--

CREATE TABLE `meter_readings` (
  `id` bigint NOT NULL,
  `meter_id` int NOT NULL,
  `date` date NOT NULL,
  `r0` decimal(14,3) NOT NULL,
  `r8` decimal(14,3) DEFAULT NULL,
  `r16` decimal(14,3) DEFAULT NULL,
  `r24` decimal(14,3) DEFAULT NULL,
  `shift1` decimal(14,3) DEFAULT NULL,
  `shift2` decimal(14,3) DEFAULT NULL,
  `shift3` decimal(14,3) DEFAULT NULL,
  `total` decimal(14,3) DEFAULT NULL,
  `user_id` int DEFAULT NULL,
  `created_at` timestamp NOT NULL DEFAULT CURRENT_TIMESTAMP,
  `updated_at` timestamp NOT NULL DEFAULT CURRENT_TIMESTAMP ON UPDATE CURRENT_TIMESTAMP
) ENGINE=InnoDB DEFAULT CHARSET=utf8mb4 COLLATE=utf8mb4_0900_ai_ci;

--
-- Дамп данных таблицы `meter_readings`
--

INSERT INTO `meter_readings` (`id`, `meter_id`, `date`, `r0`, `r8`, `r16`, `r24`, `shift1`, `shift2`, `shift3`, `total`, `user_id`, `created_at`, `updated_at`) VALUES
(130, 40, '2025-08-23', '1.000', '6.000', '11.000', '21.000', '8100.000', '8100.000', '16200.000', '32400.000', 1, '2025-08-22 23:45:30', '2025-08-28 23:51:17'),
(131, 41, '2025-08-23', '1.000', '6.000', '11.000', '21.000', '4025.000', '4025.000', '8050.000', '16100.000', 1, '2025-08-22 23:45:30', '2025-08-28 23:51:17'),
(132, 54, '2025-08-23', '5.000', '10.000', NULL, NULL, '1170.000', NULL, NULL, '1170.000', 1, '2025-08-22 23:45:44', '2025-08-28 23:51:17'),
(133, 55, '2025-08-23', '1.000', '2.000', '3.000', '4.000', '234.000', '234.000', '234.000', '702.000', 1, '2025-08-22 23:45:44', '2025-08-28 23:51:17'),
(134, 40, '2025-08-22', '1.200', '2.000', '2.900', '3.800', '1296.000', '1458.000', '1458.000', '4212.000', 1, '2025-08-22 23:47:04', '2025-08-28 23:56:06'),
(135, 41, '2025-08-22', '4.500', '5.500', '6.400', '7.500', '805.000', '724.500', '885.500', '2415.000', 1, '2025-08-22 23:47:04', '2025-08-28 23:56:06'),
(136, 44, '2025-08-22', '0.000', NULL, NULL, NULL, NULL, NULL, NULL, '0.000', 1, '2025-08-22 23:47:04', '2025-08-28 23:56:06'),
(137, 54, '2025-08-22', '1.000', '1.500', '1.900', '2.400', '117.000', '93.600', '117.000', '327.600', 1, '2025-08-22 23:47:16', '2025-08-28 23:56:06'),
(138, 55, '2025-08-22', '1.000', '1.600', '2.300', '2.900', '140.400', '163.800', '140.400', '444.600', 1, '2025-08-22 23:47:16', '2025-08-28 23:56:06'),
(139, 38, '2025-08-22', '1.000', '2.000', NULL, NULL, '1620.000', NULL, NULL, '1620.000', 1, '2025-08-22 23:48:25', '2025-08-28 23:56:06'),
(140, 39, '2025-08-22', '2.000', '4.000', '4.500', '6.000', '1610.000', '402.500', '1207.500', '3220.000', 1, '2025-08-22 23:48:25', '2025-08-28 23:56:06'),
(141, 44, '2025-08-25', '11.000', '20.000', NULL, NULL, '162.000', NULL, NULL, '162.000', 1, '2025-08-25 07:20:59', '2025-08-25 09:15:07'),
(142, 42, '2025-08-25', '10.000', '11.000', NULL, NULL, '24.000', NULL, NULL, '24.000', 1, '2025-08-25 07:27:42', '2025-08-25 09:15:07'),
(143, 38, '2025-08-25', '10.000', '20.000', NULL, NULL, '16200.000', NULL, NULL, '16200.000', 1, '2025-08-25 08:26:03', '2025-08-25 09:15:07'),
(144, 39, '2025-08-25', '10.000', '30.000', NULL, NULL, '16100.000', NULL, NULL, '16100.000', 1, '2025-08-25 08:26:08', '2025-08-25 09:15:07'),
(145, 54, '2025-08-25', '10.000', '20.000', NULL, NULL, '2340.000', NULL, NULL, '2340.000', 1, '2025-08-25 08:27:02', '2025-08-25 09:15:07'),
(146, 38, '2025-08-23', '10.000', '20.000', NULL, NULL, '16200.000', NULL, NULL, '16200.000', 1, '2025-08-28 23:47:58', '2025-08-28 23:51:17'),
(147, 38, '2025-08-28', '10.000', '20.000', '30.000', '40.000', '16200.000', '16200.000', '16200.000', '48600.000', 1, '2025-08-28 23:49:38', '2025-08-28 23:49:38'),
(148, 39, '2025-08-23', '10.000', '20.000', NULL, NULL, '8050.000', NULL, NULL, '8050.000', 1, '2025-08-28 23:51:17', '2025-08-28 23:51:17'),
(149, 36, '2025-09-04', '25.250', NULL, NULL, NULL, NULL, NULL, NULL, '0.000', 1, '2025-09-04 17:05:55', '2025-09-04 17:05:55');

-- --------------------------------------------------------

--
-- Структура таблицы `meter_reading_history`
--

CREATE TABLE `meter_reading_history` (
  `history_id` bigint NOT NULL,
  `reading_id` bigint NOT NULL,
  `old_r0` decimal(14,3) DEFAULT NULL,
  `old_r8` decimal(14,3) DEFAULT NULL,
  `old_r16` decimal(14,3) DEFAULT NULL,
  `old_r24` decimal(14,3) DEFAULT NULL,
  `new_r0` decimal(14,3) DEFAULT NULL,
  `new_r8` decimal(14,3) DEFAULT NULL,
  `new_r16` decimal(14,3) DEFAULT NULL,
  `new_r24` decimal(14,3) DEFAULT NULL,
  `user_id` int DEFAULT NULL,
  `changed_at` timestamp NOT NULL DEFAULT CURRENT_TIMESTAMP,
  `comment` varchar(255) DEFAULT NULL
) ENGINE=InnoDB DEFAULT CHARSET=utf8mb4 COLLATE=utf8mb4_0900_ai_ci;

-- --------------------------------------------------------

--
-- Структура таблицы `meter_replacements`
--

CREATE TABLE `meter_replacements` (
  `id` bigint NOT NULL,
  `meter_id` int NOT NULL,
  `replacement_date` date NOT NULL,
  `replacement_time` time NOT NULL,
  `old_serial` varchar(50) NOT NULL,
  `old_coefficient` decimal(10,4) NOT NULL,
  `old_scale` decimal(12,3) NOT NULL,
  `old_reading` decimal(14,3) NOT NULL,
  `new_serial` varchar(50) NOT NULL,
  `new_coefficient` decimal(10,4) NOT NULL,
  `new_scale` decimal(12,3) NOT NULL,
  `new_reading` decimal(14,3) NOT NULL,
  `downtime_min` int NOT NULL DEFAULT '0',
  `power_mw` decimal(8,3) NOT NULL DEFAULT '0.000',
  `user_id` int DEFAULT NULL,
  `comment` varchar(255) CHARACTER SET utf8mb4 COLLATE utf8mb4_0900_ai_ci DEFAULT NULL,
  `created_at` timestamp NOT NULL DEFAULT CURRENT_TIMESTAMP
) ENGINE=InnoDB DEFAULT CHARSET=utf8mb4 COLLATE=utf8mb4_0900_ai_ci;

-- --------------------------------------------------------

--
-- Структура таблицы `meter_replacement_cancellations`
--

CREATE TABLE `meter_replacement_cancellations` (
  `id` bigint NOT NULL,
  `meter_id` int NOT NULL,
  `replacement_id` bigint NOT NULL,
  `cancellation_date` date NOT NULL,
  `user_id` int DEFAULT NULL,
  `comment` varchar(255) CHARACTER SET utf8mb4 COLLATE utf8mb4_0900_ai_ci DEFAULT NULL,
  `created_at` timestamp NOT NULL DEFAULT CURRENT_TIMESTAMP
) ENGINE=InnoDB DEFAULT CHARSET=utf8mb4 COLLATE=utf8mb4_0900_ai_ci;

-- --------------------------------------------------------

--
-- Структура таблицы `meter_reserve_assignments`
--

CREATE TABLE `meter_reserve_assignments` (
  `id` bigint NOT NULL,
  `reserve_meter_id` int NOT NULL,
  `primary_meter_id` int NOT NULL,
  `start_time` datetime NOT NULL,
  `start_reading` decimal(14,3) NOT NULL,
  `end_time` datetime DEFAULT NULL,
  `end_reading` decimal(14,3) DEFAULT NULL,
  `user_id` int DEFAULT NULL,
  `comment` varchar(255) COLLATE utf8mb4_unicode_ci DEFAULT NULL,
  `created_at` timestamp NULL DEFAULT CURRENT_TIMESTAMP
) ENGINE=InnoDB DEFAULT CHARSET=utf8mb4 COLLATE=utf8mb4_unicode_ci;

--
-- Дамп данных таблицы `meter_reserve_assignments`
--

INSERT INTO `meter_reserve_assignments` (`id`, `reserve_meter_id`, `primary_meter_id`, `start_time`, `start_reading`, `end_time`, `end_reading`, `user_id`, `comment`, `created_at`) VALUES
(16, 42, 44, '2025-08-22 14:15:00', '0.000', '2025-08-22 22:02:00', '20.000', 1, '', '2025-08-22 17:02:02'),
(17, 42, 44, '2025-08-25 02:00:00', '0.000', '2025-08-25 05:00:00', '10.000', 1, '', '2025-08-25 07:21:56');

-- --------------------------------------------------------

--
-- Структура таблицы `meter_types`
--

CREATE TABLE `meter_types` (
  `id` int NOT NULL,
  `name` varchar(100) NOT NULL,
  `description` text
) ENGINE=InnoDB DEFAULT CHARSET=utf8mb4 COLLATE=utf8mb4_0900_ai_ci;

--
-- Дамп данных таблицы `meter_types`
--

INSERT INTO `meter_types` (`id`, `name`, `description`) VALUES
(1, 'Выработка электроэнергии', 'Учёт выработанной энергии'),
(2, 'Расход на собственные нужды', 'Учёт расхода на собственные нужды станции'),
(3, 'Тиристорные', 'Учёт тиристорных возбудителей'),
(4, 'Расход на хозяйственные нужды', 'Учёт расхода на хозяйственные нужды');

-- --------------------------------------------------------

--
-- Структура таблицы `parameters`
--

CREATE TABLE `parameters` (
  `id` int NOT NULL,
  `name` varchar(100) CHARACTER SET utf8mb4 COLLATE utf8mb4_unicode_ci NOT NULL,
  `description` text CHARACTER SET utf8mb4 COLLATE utf8mb4_unicode_ci,
  `unit` varchar(50) CHARACTER SET utf8mb4 COLLATE utf8mb4_unicode_ci DEFAULT NULL,
  `equipment_type_id` int NOT NULL
) ENGINE=InnoDB DEFAULT CHARSET=utf8mb4 COLLATE=utf8mb4_unicode_ci;

--
-- Дамп данных таблицы `parameters`
--

INSERT INTO `parameters` (`id`, `name`, `description`, `unit`, `equipment_type_id`) VALUES
(11, 'Отпуск тепла на теплоцентраль', 'Отпуск тепла на теплоцентраль', 'Гкал', 2),
(12, 'Отпуск тепла на блоки', 'Отпуск тепла на блоки', 'Гкал', 2),
(13, 'Барометрическое давление', 'Барометрическое давление', 'мбар', 2),
(14, 'Относительная влажность атмосферного воздуха', 'Относительная влажность атмосферного воздуха', '%', 2),
(15, 'Относительная влажность на входе компрессора', 'Относительная влажность на входе компрессора', '%', 2),
(16, 'cosφГТ', 'Коэффициент мощности газовой турбины', '', 2),
(17, 'Частота ГТ', 'Частота газовой турбины', 'Гц', 2),
(18, 'cosφПТ', 'Коэффициент мощности паровой турбины', '', 2),
(19, 'Температура влажного термометра на входе в градирни', 'Температура влажного термометра на входе в градирни', '°C', 2),
(20, 'Температура наружного воздуха', 'Температура наружного воздуха', '°C', 2),
(21, 'Температура воздуха на входе в компрессор', 'Температура воздуха на входе в компрессор', '°C', 2),
(22, 'Давление природного газа на входе в ГДКС', 'Давление природного газа на входе в ГДКС', 'бар', 2),
(23, 'Температура природного газа на входе в ГДКС', 'Температура природного газа на входе в ГДКС', '°C', 2),
(24, 'Расход топлива на ГТУ', 'Расход топлива на ГТУ', 'тысяч м³', 2),
(25, 'Плотность природного газа', 'Плотность природного газа', 'кг/м³', 2),
(26, 'Соотношение Н/С', 'Соотношение водорода к углероду', '', 2),
(27, 'Низшая теплота сгорания топлива на ГТУ', 'Низшая теплота сгорания топлива на ГТУ', 'кДж/кг', 2),
(28, 'Сопротивление КВОУ', 'Сопротивление котла-утилизатора очистки уходящих газов', 'Па', 2),
(29, 'P острого пара перед т/а', 'Давление острого пара перед турбоагрегатом', 'kg/sm²', 1),
(30, 't острого пара перед т/а', 'Температура острого пара перед турбоагрегатом', '°C', 1),
(31, 't в циркводы на входе', 'Температура циркуляционной воды на входе', '°C', 1),
(32, 't в циркводы на выходе', 'Температура циркуляционной воды на выходе', '°C', 1),
(33, 't питательной воды', 'Температура питательной воды', '°C', 1),
(34, 'Расход дистиллята', 'Расход дистиллята', 'т/ч', 1),
(35, 'Выработка пара котлами', 'Выработка пара котлами', 't', 1),
(36, 'Продувка', 'Продувка котла', '%', 1),
(37, 'Расход питательной воды', 'Расход питательной воды', 't', 1),
(38, 't пара после промперегрева', 'Температура пара после промежуточного перегрева', '°C', 1),
(39, 't пара до промперегрева', 'Температура пара до промежуточного перегрева', '°C', 1),
(40, 't питательной воды ПВД', 'Температура питательной воды после ПВД', '°C', 1),
(41, 'P кс питательной воды', 'Давление питательной воды', '°C', 1),
(42, 't холодного воздуха', 'Температура холодного воздуха', '°C', 1),
(43, 'Факт Qнр (газ)', 'Фактическая низшая теплота сгорания газа', 'kcal/nm³', 1),
(44, 'Факт Qнр (мазут)', 'Фактическая низшая теплота сгорания мазута', 'kcal/kg', 1),
(45, 'В топлива за месяц (газ)', 'Расход топлива за месяц (газ)', 'nm³', 1),
(46, 'В топлива за месяц (мазут)', 'Расход топлива за месяц (мазут)', 't', 1),
(47, 'Температура уходящих газов', 'Температура уходящих газов', '°C', 1),
(48, 'α- уходящих', 'Коэффициент избытка воздуха уходящих газов', '', 1);

-- --------------------------------------------------------

--
-- Структура таблицы `parameter_values`
--

CREATE TABLE `parameter_values` (
  `id` int NOT NULL,
  `parameter_id` int NOT NULL,
  `equipment_id` int NOT NULL,
  `value` decimal(10,4) NOT NULL,
  `date` date NOT NULL,
  `shift_id` int NOT NULL,
  `user_id` int NOT NULL,
  `created_at` timestamp NULL DEFAULT CURRENT_TIMESTAMP,
  `cell` varchar(20) COLLATE utf8mb4_unicode_ci DEFAULT NULL
) ENGINE=InnoDB DEFAULT CHARSET=utf8mb4 COLLATE=utf8mb4_unicode_ci;

--
-- Дамп данных таблицы `parameter_values`
--

INSERT INTO `parameter_values` (`id`, `parameter_id`, `equipment_id`, `value`, `date`, `shift_id`, `user_id`, `created_at`, `cell`) VALUES
(157, 13, 3, '999.6000', '2025-08-22', 1, 1, '2025-08-22 17:37:03', 'D14'),
(158, 14, 3, '32.6000', '2025-08-22', 1, 1, '2025-08-22 17:37:03', 'D15'),
(159, 16, 3, '0.9540', '2025-08-22', 1, 1, '2025-08-22 17:37:03', 'D17'),
(160, 17, 3, '50.0000', '2025-08-22', 1, 1, '2025-08-22 17:37:03', 'D18'),
(161, 20, 3, '28.7000', '2025-08-22', 1, 1, '2025-08-22 17:37:03', 'D21'),
(162, 21, 3, '26.3000', '2025-08-22', 1, 1, '2025-08-22 17:37:03', 'D22'),
(163, 22, 3, '12.3000', '2025-08-22', 1, 1, '2025-08-22 17:37:03', 'D25'),
(164, 23, 3, '23.4000', '2025-08-22', 1, 1, '2025-08-22 17:37:03', 'D26'),
(165, 24, 3, '30328.3120', '2025-08-22', 1, 1, '2025-08-22 17:37:03', 'D27'),
(166, 25, 3, '0.7200', '2025-08-22', 1, 1, '2025-08-22 17:37:03', 'D28'),
(167, 27, 3, '47246.8750', '2025-08-22', 1, 1, '2025-08-22 17:37:03', 'D30'),
(168, 28, 3, '1849.0000', '2025-08-22', 1, 1, '2025-08-22 17:37:03', 'D31'),
(169, 11, 4, '534.3570', '2025-08-22', 1, 1, '2025-08-22 17:37:04', 'E6'),
(170, 18, 4, '0.9530', '2025-08-22', 1, 1, '2025-08-22 17:37:04', 'E19'),
(171, 19, 4, '9.2000', '2025-08-22', 1, 1, '2025-08-22 17:37:04', 'E20'),
(172, 11, 6, '437.4930', '2025-08-22', 1, 1, '2025-08-22 17:43:34', 'H6'),
(173, 13, 5, '999.5000', '2025-08-22', 1, 1, '2025-08-22 21:58:30', 'G14'),
(174, 14, 5, '34.4000', '2025-08-22', 1, 1, '2025-08-22 21:58:30', 'G15'),
(175, 16, 5, '0.9570', '2025-08-22', 1, 1, '2025-08-22 21:58:30', 'G17'),
(176, 17, 5, '50.0000', '2025-08-22', 1, 1, '2025-08-22 21:58:30', 'G18'),
(177, 20, 5, '29.0000', '2025-08-22', 1, 1, '2025-08-22 21:58:30', 'G21'),
(178, 21, 5, '27.1000', '2025-08-22', 1, 1, '2025-08-22 21:58:30', 'G22'),
(179, 22, 5, '12.3000', '2025-08-22', 1, 1, '2025-08-22 21:58:30', 'G25'),
(180, 23, 5, '23.4000', '2025-08-22', 1, 1, '2025-08-22 21:58:30', 'G26'),
(181, 24, 5, '32697.8160', '2025-08-22', 1, 1, '2025-08-22 21:58:30', 'G27'),
(182, 25, 5, '0.7200', '2025-08-22', 1, 1, '2025-08-22 21:58:30', 'G28'),
(183, 27, 5, '47246.8750', '2025-08-22', 1, 1, '2025-08-22 21:58:30', 'G30'),
(184, 28, 5, '1068.0000', '2025-08-22', 1, 1, '2025-08-22 21:58:30', 'G31'),
(185, 18, 6, '0.9580', '2025-08-22', 1, 1, '2025-08-22 21:58:31', 'H19'),
(186, 19, 6, '9.2000', '2025-08-22', 1, 1, '2025-08-22 21:58:31', 'H20'),
(187, 29, 1, '25.0000', '2025-09-04', 1, 1, '2025-09-04 16:16:48', 'С14'),
(188, 30, 1, '23.0000', '2025-09-04', 1, 1, '2025-09-04 16:17:07', 'C15'),
(189, 29, 7, '14.5000', '2025-09-04', 1, 1, '2025-09-04 16:18:45', 'E14'),
(190, 30, 7, '11.5000', '2025-09-04', 1, 1, '2025-09-04 16:19:25', 'E15'),
(191, 29, 2, '4.0000', '2025-09-04', 1, 1, '2025-09-04 16:19:32', 'D14'),
(192, 31, 2, '5.0000', '2025-09-04', 1, 1, '2025-09-04 16:19:35', 'D16'),
(193, 46, 2, '33.0000', '2025-09-04', 1, 1, '2025-09-04 16:20:16', 'D31'),
(194, 35, 1, '3.0000', '2025-09-04', 1, 1, '2025-09-04 16:47:45', 'C20'),
(195, 35, 2, '2.0000', '2025-09-04', 1, 1, '2025-09-04 16:47:45', 'D20'),
(196, 35, 7, '5.0000', '2025-09-04', 1, 1, '2025-09-04 16:47:45', 'E20'),
(197, 29, 1, '25.0000', '2025-09-04', 2, 1, '2025-09-04 16:48:54', 'С14'),
(198, 29, 2, '23.0000', '2025-09-04', 2, 1, '2025-09-04 16:48:54', 'D14'),
(199, 29, 7, '24.0000', '2025-09-04', 2, 1, '2025-09-04 16:48:54', 'E14'),
(200, 31, 1, '25.2000', '2025-09-04', 1, 1, '2025-09-04 17:09:03', 'C16'),
(201, 31, 7, '0.0000', '2025-09-04', 1, 1, '2025-09-04 17:09:03', 'E16'),
(202, 32, 1, '25.0000', '2025-09-04', 1, 1, '2025-09-04 17:09:15', 'C17'),
(203, 32, 2, '25.2500', '2025-09-04', 1, 1, '2025-09-04 17:09:15', 'D17'),
(204, 32, 7, '0.0000', '2025-09-04', 1, 1, '2025-09-04 17:09:15', 'E17'),
(205, 33, 1, '25.0000', '2025-09-04', 1, 1, '2025-09-04 17:11:20', 'C18'),
(206, 33, 2, '25.0000', '2025-09-04', 1, 1, '2025-09-04 17:11:20', 'D18'),
(207, 33, 7, '0.0000', '2025-09-04', 1, 1, '2025-09-04 17:11:20', 'E18'),
(208, 30, 1, '25.0000', '2025-09-04', 2, 1, '2025-09-04 17:15:00', 'C15'),
(209, 31, 1, '3.0000', '2025-09-04', 2, 1, '2025-09-04 17:15:00', 'C16'),
(210, 32, 1, '2.0000', '2025-09-04', 2, 1, '2025-09-04 17:15:00', 'C17'),
(211, 30, 2, '23.0000', '2025-09-04', 2, 1, '2025-09-04 17:15:00', 'D15'),
(212, 31, 2, '5.0000', '2025-09-04', 2, 1, '2025-09-04 17:15:00', 'D16'),
(213, 30, 7, '24.0000', '2025-09-04', 2, 1, '2025-09-04 17:15:00', 'E15'),
(214, 31, 7, '2.0000', '2025-09-04', 2, 1, '2025-09-04 17:15:00', 'E16');

-- --------------------------------------------------------

--
-- Структура таблицы `pgu_fullparams`
--

CREATE TABLE `pgu_fullparams` (
  `id` int NOT NULL,
  `code` varchar(50) CHARACTER SET utf8mb4 COLLATE utf8mb4_unicode_ci NOT NULL,
  `title` text CHARACTER SET utf8mb4 COLLATE utf8mb4_unicode_ci NOT NULL,
  `unit` varchar(50) CHARACTER SET utf8mb4 COLLATE utf8mb4_unicode_ci DEFAULT NULL,
  `row_num` int DEFAULT NULL
) ENGINE=InnoDB DEFAULT CHARSET=utf8mb4 COLLATE=utf8mb4_unicode_ci;

--
-- Дамп данных таблицы `pgu_fullparams`
--

INSERT INTO `pgu_fullparams` (`id`, `code`, `title`, `unit`, `row_num`) VALUES
(1, 'Эвыр_гту', 'Выработка э.э газовой турбиной', 'x10^3 kWh', 10),
(2, 'Эвыр_пту', 'Выработка э.э паровой турбиной', 'x10^3 kWh', 11),
(3, 'Эвыр_пгу', 'Выработка электроэнергии ПГУ', 'x10^3 kWh', 12),
(4, 'Эотп_пгу', 'Отпуск электроэнергии от блока', 'x10^3 kWh', 13),
(5, 'Qотп_пгу', 'Отпуск тепла', 'Гкал', 14),
(6, 'Эсн', 'СН блока э.э., %', '%', 15),
(7, 'τрабПГУ', 'Число часов работы ПГУ', 'часы', 16),
(8, 'τАОС', 'Число часов работы ПГУ с системой АОС', 'часы', 17),
(9, 'τИО', 'Число часов работы ПГУ с испарительным охладителем', 'часы', 18),
(10, 'τхарак_пт', 'Наработка блока на момент составления характеристик', 'часы', 19),
(11, 'tн.в', 'Температура наружного воздуха', '°C', 20),
(12, 'tвх.к', 'Температура на входе компрессора по сухому термометру', '°C', 21),
(13, 'Испаритель', 'Испаритель включен-1, выключен-0', '', 22),
(14, 'Рбар', 'Барометрическое давление', 'mbar', 23),
(15, 'φвоз', 'Относительная влажность атмосферного воздуха', '%', 24),
(16, 'φвх.к', 'Относительная влажность на входе компрессора', '%', 25),
(17, 'tвл.т.вх.град', 'Температура влажного термометра на входе в градирни', '°C', 26),
(18, 'cosφГТ', 'Коэффициент мощности газовой турбины', '', 27),
(19, 'ν', 'Системная частота (относительная частота вращения двигателя ГТ)', '', 28),
(20, 'cosφПТ', 'Коэффициент мощности паровой турбины', '', 29),
(21, 'Qнр', 'Низшая теплота сгорания топлива, kJ/kg', 'kJ/kg', 30),
(22, 'Qнр_ккал', 'Низшая теплота сгорания топлива, kcal/nm3', 'kcal/nm3', 31),
(23, 'Ргаза', 'Давление топливного газа', 'bara', 32),
(24, 'Тгаза', 'Температура топливного газа', '°C', 33),
(25, 'Qотб', 'Тепловая нагрузка', 'Gcal/h', 34),
(26, 'ΔРКВОУ', 'Сопротивление КВОУ', 'kPa', 35),
(27, 'Δt', 'Разница температуры наружного воздуха и на входе компрессора', '°C', 36),
(28, 'H/C', 'Соотношение H/C', '', 37),
(29, 'Q′нр', 'Отклонение низшей теплоты от проектной', '%', 38),
(30, 'τнараб_пгу', 'Эквивалентные часы работы блока', 'часы', 39),
(31, 'nпуск_пгу', 'Количество пусков ПГУ по диспетчерскому графику', '', 40),
(32, 'BнатПГУ', 'Количество топлива в натуральном исчислении за месяц', 'м³', 41),
(33, 'Впгуф', 'Фактический расход топлива на ПГУ (условное)', 'т.усл.топл./мес', 42),
(34, 'ρг', 'Плотность природного газа', 'kg/m³', 43);

-- --------------------------------------------------------

--
-- Структура таблицы `pgu_fullparam_values`
--

CREATE TABLE `pgu_fullparam_values` (
  `id` bigint NOT NULL,
  `fullparam_id` int NOT NULL,
  `pgu_id` int NOT NULL,
  `date` date NOT NULL,
  `shift_id` int NOT NULL,
  `value` decimal(20,4) DEFAULT NULL,
  `cell` varchar(20) COLLATE utf8mb4_unicode_ci DEFAULT NULL
) ENGINE=InnoDB DEFAULT CHARSET=utf8mb4 COLLATE=utf8mb4_unicode_ci;

--
-- Дамп данных таблицы `pgu_fullparam_values`
--

INSERT INTO `pgu_fullparam_values` (`id`, `fullparam_id`, `pgu_id`, `date`, `shift_id`, `value`, `cell`) VALUES
(897, 14, 1, '2025-08-22', 1, '999.6000', 'F23'),
(898, 15, 1, '2025-08-22', 1, '32.6000', 'F24'),
(899, 18, 1, '2025-08-22', 1, '0.9540', 'F27'),
(900, 19, 1, '2025-08-22', 1, '50.0000', 'F28'),
(901, 11, 1, '2025-08-22', 1, '28.7000', 'F20'),
(902, 12, 1, '2025-08-22', 1, '26.3000', 'F21'),
(903, 23, 1, '2025-08-22', 1, '12.3000', 'F32'),
(904, 24, 1, '2025-08-22', 1, '23.4000', 'F33'),
(905, 32, 1, '2025-08-22', 1, '30328.3120', 'F41'),
(906, 34, 1, '2025-08-22', 1, '0.7200', 'F43'),
(907, 21, 1, '2025-08-22', 1, '47246.8750', 'F30'),
(908, 26, 1, '2025-08-22', 1, '1849.0000', 'F35'),
(909, 22, 1, '2025-08-22', 1, '8125.0000', 'F31'),
(910, 27, 1, '2025-08-22', 1, '-2.4000', 'F36'),
(911, 29, 1, '2025-08-22', 1, '-1.5587', 'F38'),
(912, 33, 1, '2025-08-22', 1, '35202.5050', 'F42'),
(913, 5, 1, '2025-08-22', 1, '534.3570', 'F14'),
(914, 20, 1, '2025-08-22', 1, '0.9530', 'F29'),
(915, 17, 1, '2025-08-22', 1, '9.2000', 'F26'),
(916, 14, 2, '2025-08-22', 1, '999.5000', 'G23'),
(917, 15, 2, '2025-08-22', 1, '34.4000', 'G24'),
(918, 18, 2, '2025-08-22', 1, '0.9570', 'G27'),
(919, 19, 2, '2025-08-22', 1, '50.0000', 'G28'),
(920, 11, 2, '2025-08-22', 1, '29.0000', 'G20'),
(921, 12, 2, '2025-08-22', 1, '27.1000', 'G21'),
(922, 23, 2, '2025-08-22', 1, '12.3000', 'G32'),
(923, 24, 2, '2025-08-22', 1, '23.4000', 'G33'),
(924, 32, 2, '2025-08-22', 1, '32697.8160', 'G41'),
(925, 34, 2, '2025-08-22', 1, '0.7200', 'G43'),
(926, 21, 2, '2025-08-22', 1, '47246.8750', 'G30'),
(927, 26, 2, '2025-08-22', 1, '1068.0000', 'G35'),
(928, 22, 2, '2025-08-22', 1, '8125.0000', 'G31'),
(929, 27, 2, '2025-08-22', 1, '-1.9000', 'G36'),
(930, 29, 2, '2025-08-22', 1, '-1.5587', 'G38'),
(931, 33, 2, '2025-08-22', 1, '37952.8221', 'G42'),
(932, 5, 2, '2025-08-22', 1, '437.4930', 'G14'),
(933, 20, 2, '2025-08-22', 1, '0.9580', 'G29'),
(934, 17, 2, '2025-08-22', 1, '9.2000', 'G26'),
(935, 1, 2, '2025-08-23', 1, '8100.0000', 'G10'),
(936, 1, 2, '2025-08-23', 2, '8100.0000', 'G10'),
(937, 1, 2, '2025-08-23', 3, '16200.0000', 'G10'),
(938, 3, 2, '2025-08-23', 1, '12125.0000', 'G12'),
(939, 4, 2, '2025-08-23', 1, '11891.0000', 'G13'),
(940, 3, 2, '2025-08-23', 2, '12125.0000', 'G12'),
(941, 4, 2, '2025-08-23', 2, '11891.0000', 'G13'),
(942, 3, 2, '2025-08-23', 3, '24250.0000', 'G12'),
(943, 4, 2, '2025-08-23', 3, '24016.0000', 'G13'),
(944, 2, 2, '2025-08-23', 1, '4025.0000', 'G11'),
(945, 2, 2, '2025-08-23', 2, '4025.0000', 'G11'),
(946, 2, 2, '2025-08-23', 3, '8050.0000', 'G11'),
(947, 1, 1, '2025-08-22', 1, '1620.0000', 'F10'),
(948, 1, 1, '2025-08-22', 2, '1134.0000', 'F10'),
(949, 1, 1, '2025-08-22', 3, '972.0000', 'F10'),
(950, 3, 1, '2025-08-22', 1, '3230.0000', 'F12'),
(951, 4, 1, '2025-08-22', 1, '3113.0000', 'F13'),
(952, 3, 1, '2025-08-22', 2, '402.5000', 'F12'),
(953, 4, 1, '2025-08-22', 2, '308.9000', 'F13'),
(954, 3, 1, '2025-08-22', 3, '1207.5000', 'F12'),
(955, 4, 1, '2025-08-22', 3, '1090.5000', 'F13'),
(956, 2, 1, '2025-08-22', 1, '1610.0000', 'F11'),
(957, 2, 1, '2025-08-22', 2, '402.5000', 'F11'),
(958, 2, 1, '2025-08-22', 3, '1207.5000', 'F11'),
(959, 1, 2, '2025-08-22', 1, '1296.0000', 'G10'),
(960, 1, 2, '2025-08-22', 2, '1458.0000', 'G10'),
(961, 1, 2, '2025-08-22', 3, '1458.0000', 'G10'),
(962, 3, 2, '2025-08-22', 1, '2101.0000', 'G12'),
(963, 4, 2, '2025-08-22', 1, '1960.6000', 'G13'),
(964, 3, 2, '2025-08-22', 2, '2182.5000', 'G12'),
(965, 4, 2, '2025-08-22', 2, '2018.7000', 'G13'),
(966, 3, 2, '2025-08-22', 3, '2343.5000', 'G12'),
(967, 4, 2, '2025-08-22', 3, '2203.1000', 'G13'),
(968, 2, 2, '2025-08-22', 1, '805.0000', 'G11'),
(969, 2, 2, '2025-08-22', 2, '724.5000', 'G11'),
(970, 2, 2, '2025-08-22', 3, '885.5000', 'G11'),
(971, 7, 1, '2025-08-25', 1, '8.0000', 'F16'),
(972, 7, 2, '2025-08-25', 1, '8.0000', 'G16'),
(973, 7, 3, '2025-08-25', 1, '16.0000', 'H16'),
(974, 8, 1, '2025-08-25', 1, '8.0000', 'F17'),
(975, 8, 2, '2025-08-25', 1, '8.0000', 'G17'),
(976, 8, 3, '2025-08-25', 1, '16.0000', 'H17'),
(977, 9, 1, '2025-08-25', 1, '8.0000', 'F18'),
(978, 9, 2, '2025-08-25', 1, '8.0000', 'G18'),
(979, 9, 3, '2025-08-25', 1, '16.0000', 'H18'),
(980, 10, 1, '2025-08-25', 1, '0.0000', 'F19'),
(981, 10, 2, '2025-08-25', 1, '0.0000', 'G19'),
(982, 10, 3, '2025-08-25', 1, '0.0000', 'H19'),
(983, 13, 1, '2025-08-25', 1, '1.0000', 'F22'),
(984, 13, 2, '2025-08-25', 1, '1.0000', 'G22'),
(985, 13, 3, '2025-08-25', 1, '1.0000', 'H22'),
(986, 25, 3, '2025-08-25', 1, '0.0000', 'H34'),
(987, 30, 1, '2025-08-25', 1, '261.1800', 'F39'),
(988, 30, 2, '2025-08-25', 1, '265.1800', 'G39'),
(989, 30, 3, '2025-08-25', 1, '526.3700', 'H39'),
(990, 31, 1, '2025-08-25', 1, '0.0000', 'F40'),
(991, 31, 2, '2025-08-25', 1, '0.0000', 'G40'),
(992, 31, 3, '2025-08-25', 1, '0.0000', 'H40'),
(993, 7, 1, '2025-08-25', 2, '8.0000', 'F16'),
(994, 7, 2, '2025-08-25', 2, '8.0000', 'G16'),
(995, 7, 3, '2025-08-25', 2, '16.0000', 'H16'),
(996, 8, 1, '2025-08-25', 2, '2.8400', 'F17'),
(997, 8, 2, '2025-08-25', 2, '8.0000', 'G17'),
(998, 8, 3, '2025-08-25', 2, '10.8400', 'H17'),
(999, 9, 1, '2025-08-25', 2, '2.8400', 'F18'),
(1000, 9, 2, '2025-08-25', 2, '8.0000', 'G18'),
(1001, 9, 3, '2025-08-25', 2, '10.8400', 'H18'),
(1002, 10, 1, '2025-08-25', 2, '0.0000', 'F19'),
(1003, 10, 2, '2025-08-25', 2, '0.0000', 'G19'),
(1004, 10, 3, '2025-08-25', 2, '0.0000', 'H19'),
(1005, 13, 1, '2025-08-25', 2, '0.0000', 'F22'),
(1006, 13, 2, '2025-08-25', 2, '1.0000', 'G22'),
(1007, 13, 3, '2025-08-25', 2, '1.0000', 'H22'),
(1008, 25, 3, '2025-08-25', 2, '0.0000', 'H34'),
(1009, 30, 1, '2025-08-25', 2, '261.1800', 'F39'),
(1010, 30, 2, '2025-08-25', 2, '265.1800', 'G39'),
(1011, 30, 3, '2025-08-25', 2, '526.3700', 'H39'),
(1012, 31, 1, '2025-08-25', 2, '0.0000', 'F40'),
(1013, 31, 2, '2025-08-25', 2, '0.0000', 'G40'),
(1014, 31, 3, '2025-08-25', 2, '0.0000', 'H40'),
(1015, 7, 1, '2025-08-25', 3, '8.0000', 'F16'),
(1016, 7, 2, '2025-08-25', 3, '8.0000', 'G16'),
(1017, 7, 3, '2025-08-25', 3, '16.0000', 'H16'),
(1018, 8, 1, '2025-08-25', 3, '0.0000', 'F17'),
(1019, 8, 2, '2025-08-25', 3, '8.0000', 'G17'),
(1020, 8, 3, '2025-08-25', 3, '8.0000', 'H17'),
(1021, 9, 1, '2025-08-25', 3, '0.0000', 'F18'),
(1022, 9, 2, '2025-08-25', 3, '8.0000', 'G18'),
(1023, 9, 3, '2025-08-25', 3, '8.0000', 'H18'),
(1024, 10, 1, '2025-08-25', 3, '0.0000', 'F19'),
(1025, 10, 2, '2025-08-25', 3, '0.0000', 'G19'),
(1026, 10, 3, '2025-08-25', 3, '0.0000', 'H19'),
(1027, 13, 1, '2025-08-25', 3, '0.0000', 'F22'),
(1028, 13, 2, '2025-08-25', 3, '1.0000', 'G22'),
(1029, 13, 3, '2025-08-25', 3, '1.0000', 'H22'),
(1030, 25, 3, '2025-08-25', 3, '0.0000', 'H34'),
(1031, 30, 1, '2025-08-25', 3, '261.1800', 'F39'),
(1032, 30, 2, '2025-08-25', 3, '265.1800', 'G39'),
(1033, 30, 3, '2025-08-25', 3, '526.3700', 'H39'),
(1034, 31, 1, '2025-08-25', 3, '0.0000', 'F40'),
(1035, 31, 2, '2025-08-25', 3, '0.0000', 'G40'),
(1036, 31, 3, '2025-08-25', 3, '0.0000', 'H40'),
(1037, 7, 1, '2025-08-22', 1, '7.9831', 'F16'),
(1038, 7, 2, '2025-08-22', 1, '7.9997', 'G16'),
(1039, 7, 3, '2025-08-22', 1, '15.9828', 'H16'),
(1040, 8, 1, '2025-08-22', 1, '0.0000', 'F17'),
(1041, 8, 2, '2025-08-22', 1, '0.0000', 'G17'),
(1042, 8, 3, '2025-08-22', 1, '0.0000', 'H17'),
(1043, 9, 1, '2025-08-22', 1, '7.9831', 'F18'),
(1044, 9, 2, '2025-08-22', 1, '7.9997', 'G18'),
(1045, 9, 3, '2025-08-22', 1, '15.9828', 'H18'),
(1046, 10, 1, '2025-08-22', 1, '0.0000', 'F19'),
(1047, 10, 2, '2025-08-22', 1, '0.0000', 'G19'),
(1048, 10, 3, '2025-08-22', 1, '0.0000', 'H19'),
(1049, 13, 1, '2025-08-22', 1, '1.0000', 'F22'),
(1050, 13, 2, '2025-08-22', 1, '1.0000', 'G22'),
(1051, 13, 3, '2025-08-22', 1, '1.0000', 'H22'),
(1052, 25, 1, '2025-08-22', 1, '66.9360', 'F34'),
(1053, 25, 2, '2025-08-22', 1, '54.6887', 'G34'),
(1054, 25, 3, '2025-08-22', 1, '121.6247', 'H34'),
(1055, 30, 1, '2025-08-22', 1, '182.1664', 'F39'),
(1056, 30, 2, '2025-08-22', 1, '193.1831', 'G39'),
(1057, 30, 3, '2025-08-22', 1, '375.3494', 'H39'),
(1058, 31, 1, '2025-08-22', 1, '1.0000', 'F40'),
(1059, 31, 2, '2025-08-22', 1, '0.0000', 'G40'),
(1060, 31, 3, '2025-08-22', 1, '1.0000', 'H40'),
(1061, 7, 1, '2025-08-22', 2, '7.9997', 'F16'),
(1062, 7, 2, '2025-08-22', 2, '7.9997', 'G16'),
(1063, 7, 3, '2025-08-22', 2, '15.9994', 'H16'),
(1064, 8, 1, '2025-08-22', 2, '0.0000', 'F17'),
(1065, 8, 2, '2025-08-22', 2, '0.0000', 'G17'),
(1066, 8, 3, '2025-08-22', 2, '0.0000', 'H17'),
(1067, 9, 1, '2025-08-22', 2, '7.9997', 'F18'),
(1068, 9, 2, '2025-08-22', 2, '7.9997', 'G18'),
(1069, 9, 3, '2025-08-22', 2, '15.9994', 'H18'),
(1070, 10, 1, '2025-08-22', 2, '0.0000', 'F19'),
(1071, 10, 2, '2025-08-22', 2, '0.0000', 'G19'),
(1072, 10, 3, '2025-08-22', 2, '0.0000', 'H19'),
(1073, 13, 1, '2025-08-22', 2, '1.0000', 'F22'),
(1074, 13, 2, '2025-08-22', 2, '1.0000', 'G22'),
(1075, 13, 3, '2025-08-22', 2, '1.0000', 'H22'),
(1076, 25, 3, '2025-08-22', 2, '0.0000', 'H34'),
(1077, 30, 1, '2025-08-22', 2, '182.1664', 'F39'),
(1078, 30, 2, '2025-08-22', 2, '193.1831', 'G39'),
(1079, 30, 3, '2025-08-22', 2, '375.3494', 'H39'),
(1080, 31, 1, '2025-08-22', 2, '0.0000', 'F40'),
(1081, 31, 2, '2025-08-22', 2, '0.0000', 'G40'),
(1082, 31, 3, '2025-08-22', 2, '0.0000', 'H40'),
(1083, 7, 1, '2025-08-22', 3, '7.9997', 'F16'),
(1084, 7, 2, '2025-08-22', 3, '7.9997', 'G16'),
(1085, 7, 3, '2025-08-22', 3, '15.9994', 'H16'),
(1086, 8, 1, '2025-08-22', 3, '0.0000', 'F17'),
(1087, 8, 2, '2025-08-22', 3, '0.0000', 'G17'),
(1088, 8, 3, '2025-08-22', 3, '0.0000', 'H17'),
(1089, 9, 1, '2025-08-22', 3, '7.9997', 'F18'),
(1090, 9, 2, '2025-08-22', 3, '7.9997', 'G18'),
(1091, 9, 3, '2025-08-22', 3, '15.9994', 'H18'),
(1092, 10, 1, '2025-08-22', 3, '0.0000', 'F19'),
(1093, 10, 2, '2025-08-22', 3, '0.0000', 'G19'),
(1094, 10, 3, '2025-08-22', 3, '0.0000', 'H19'),
(1095, 13, 1, '2025-08-22', 3, '1.0000', 'F22'),
(1096, 13, 2, '2025-08-22', 3, '1.0000', 'G22'),
(1097, 13, 3, '2025-08-22', 3, '1.0000', 'H22'),
(1098, 25, 3, '2025-08-22', 3, '0.0000', 'H34'),
(1099, 30, 1, '2025-08-22', 3, '182.1664', 'F39'),
(1100, 30, 2, '2025-08-22', 3, '193.1831', 'G39'),
(1101, 30, 3, '2025-08-22', 3, '375.3494', 'H39'),
(1102, 31, 1, '2025-08-22', 3, '0.0000', 'F40'),
(1103, 31, 2, '2025-08-22', 3, '0.0000', 'G40'),
(1104, 31, 3, '2025-08-22', 3, '0.0000', 'H40'),
(1105, 1, 1, '2025-08-25', 1, '16200.0000', 'F10'),
(1106, 3, 1, '2025-08-25', 1, '32300.0000', 'F12'),
(1107, 4, 1, '2025-08-25', 1, '29960.0000', 'F13'),
(1108, 3, 1, '2025-08-25', 2, '0.0000', 'F12'),
(1109, 4, 1, '2025-08-25', 2, '0.0000', 'F13'),
(1110, 3, 1, '2025-08-25', 3, '0.0000', 'F12'),
(1111, 4, 1, '2025-08-25', 3, '0.0000', 'F13'),
(1112, 2, 1, '2025-08-25', 1, '16100.0000', 'F11'),
(1113, 7, 1, '2025-08-28', 1, '8.0000', 'F16'),
(1114, 7, 2, '2025-08-28', 1, '8.0000', 'G16'),
(1115, 7, 3, '2025-08-28', 1, '16.0000', 'H16'),
(1116, 8, 1, '2025-08-28', 1, '0.0000', 'F17'),
(1117, 8, 2, '2025-08-28', 1, '8.0000', 'G17'),
(1118, 8, 3, '2025-08-28', 1, '8.0000', 'H17'),
(1119, 9, 1, '2025-08-28', 1, '0.0000', 'F18'),
(1120, 9, 2, '2025-08-28', 1, '8.0000', 'G18'),
(1121, 9, 3, '2025-08-28', 1, '8.0000', 'H18'),
(1122, 10, 1, '2025-08-28', 1, '0.0000', 'F19'),
(1123, 10, 2, '2025-08-28', 1, '0.0000', 'G19'),
(1124, 10, 3, '2025-08-28', 1, '0.0000', 'H19'),
(1125, 13, 1, '2025-08-28', 1, '0.0000', 'F22'),
(1126, 13, 2, '2025-08-28', 1, '1.0000', 'G22'),
(1127, 13, 3, '2025-08-28', 1, '1.0000', 'H22'),
(1128, 25, 3, '2025-08-28', 1, '0.0000', 'H34'),
(1129, 30, 1, '2025-08-28', 1, '337.1800', 'F39'),
(1130, 30, 2, '2025-08-28', 1, '337.1800', 'G39'),
(1131, 30, 3, '2025-08-28', 1, '674.3700', 'H39'),
(1132, 31, 1, '2025-08-28', 1, '0.0000', 'F40'),
(1133, 31, 2, '2025-08-28', 1, '0.0000', 'G40'),
(1134, 31, 3, '2025-08-28', 1, '0.0000', 'H40'),
(1135, 7, 1, '2025-08-28', 2, '8.0000', 'F16'),
(1136, 7, 2, '2025-08-28', 2, '8.0000', 'G16'),
(1137, 7, 3, '2025-08-28', 2, '16.0000', 'H16'),
(1138, 8, 1, '2025-08-28', 2, '0.0000', 'F17'),
(1139, 8, 2, '2025-08-28', 2, '8.0000', 'G17'),
(1140, 8, 3, '2025-08-28', 2, '8.0000', 'H17'),
(1141, 9, 1, '2025-08-28', 2, '0.0000', 'F18'),
(1142, 9, 2, '2025-08-28', 2, '8.0000', 'G18'),
(1143, 9, 3, '2025-08-28', 2, '8.0000', 'H18'),
(1144, 10, 1, '2025-08-28', 2, '0.0000', 'F19'),
(1145, 10, 2, '2025-08-28', 2, '0.0000', 'G19'),
(1146, 10, 3, '2025-08-28', 2, '0.0000', 'H19'),
(1147, 13, 1, '2025-08-28', 2, '0.0000', 'F22'),
(1148, 13, 2, '2025-08-28', 2, '1.0000', 'G22'),
(1149, 13, 3, '2025-08-28', 2, '1.0000', 'H22'),
(1150, 25, 3, '2025-08-28', 2, '0.0000', 'H34'),
(1151, 30, 1, '2025-08-28', 2, '337.1800', 'F39'),
(1152, 30, 2, '2025-08-28', 2, '337.1800', 'G39'),
(1153, 30, 3, '2025-08-28', 2, '674.3700', 'H39'),
(1154, 31, 1, '2025-08-28', 2, '0.0000', 'F40'),
(1155, 31, 2, '2025-08-28', 2, '0.0000', 'G40'),
(1156, 31, 3, '2025-08-28', 2, '0.0000', 'H40'),
(1157, 7, 1, '2025-08-28', 3, '8.0000', 'F16'),
(1158, 7, 2, '2025-08-28', 3, '8.0000', 'G16'),
(1159, 7, 3, '2025-08-28', 3, '16.0000', 'H16'),
(1160, 8, 1, '2025-08-28', 3, '0.0000', 'F17'),
(1161, 8, 2, '2025-08-28', 3, '8.0000', 'G17'),
(1162, 8, 3, '2025-08-28', 3, '8.0000', 'H17'),
(1163, 9, 1, '2025-08-28', 3, '0.0000', 'F18'),
(1164, 9, 2, '2025-08-28', 3, '8.0000', 'G18'),
(1165, 9, 3, '2025-08-28', 3, '8.0000', 'H18'),
(1166, 10, 1, '2025-08-28', 3, '0.0000', 'F19'),
(1167, 10, 2, '2025-08-28', 3, '0.0000', 'G19'),
(1168, 10, 3, '2025-08-28', 3, '0.0000', 'H19'),
(1169, 13, 1, '2025-08-28', 3, '0.0000', 'F22'),
(1170, 13, 2, '2025-08-28', 3, '1.0000', 'G22'),
(1171, 13, 3, '2025-08-28', 3, '1.0000', 'H22'),
(1172, 25, 3, '2025-08-28', 3, '0.0000', 'H34'),
(1173, 30, 1, '2025-08-28', 3, '337.1800', 'F39'),
(1174, 30, 2, '2025-08-28', 3, '337.1800', 'G39'),
(1175, 30, 3, '2025-08-28', 3, '674.3700', 'H39'),
(1176, 31, 1, '2025-08-28', 3, '0.0000', 'F40'),
(1177, 31, 2, '2025-08-28', 3, '0.0000', 'G40'),
(1178, 31, 3, '2025-08-28', 3, '0.0000', 'H40'),
(1179, 7, 1, '2025-08-21', 1, '8.0000', 'F16'),
(1180, 7, 2, '2025-08-21', 1, '8.0000', 'G16'),
(1181, 7, 3, '2025-08-21', 1, '16.0000', 'H16'),
(1182, 8, 1, '2025-08-21', 1, '0.0000', 'F17'),
(1183, 8, 2, '2025-08-21', 1, '0.0000', 'G17'),
(1184, 8, 3, '2025-08-21', 1, '0.0000', 'H17'),
(1185, 9, 1, '2025-08-21', 1, '4.0000', 'F18'),
(1186, 9, 2, '2025-08-21', 1, '0.0000', 'G18'),
(1187, 9, 3, '2025-08-21', 1, '4.0000', 'H18'),
(1188, 10, 1, '2025-08-21', 1, '0.0000', 'F19'),
(1189, 10, 2, '2025-08-21', 1, '0.0000', 'G19'),
(1190, 10, 3, '2025-08-21', 1, '0.0000', 'H19'),
(1191, 13, 1, '2025-08-21', 1, '1.0000', 'F22'),
(1192, 13, 2, '2025-08-21', 1, '0.0000', 'G22'),
(1193, 13, 3, '2025-08-21', 1, '1.0000', 'H22'),
(1194, 25, 3, '2025-08-21', 1, '0.0000', 'H34'),
(1195, 30, 1, '2025-08-21', 1, '169.1800', 'F39'),
(1196, 30, 2, '2025-08-21', 1, '169.1800', 'G39'),
(1197, 30, 3, '2025-08-21', 1, '338.3700', 'H39'),
(1198, 31, 1, '2025-08-21', 1, '0.0000', 'F40'),
(1199, 31, 2, '2025-08-21', 1, '0.0000', 'G40'),
(1200, 31, 3, '2025-08-21', 1, '0.0000', 'H40'),
(1201, 7, 1, '2025-08-21', 2, '8.0000', 'F16'),
(1202, 7, 2, '2025-08-21', 2, '8.0000', 'G16'),
(1203, 7, 3, '2025-08-21', 2, '16.0000', 'H16'),
(1204, 8, 1, '2025-08-21', 2, '0.0000', 'F17'),
(1205, 8, 2, '2025-08-21', 2, '0.0000', 'G17'),
(1206, 8, 3, '2025-08-21', 2, '0.0000', 'H17'),
(1207, 9, 1, '2025-08-21', 2, '8.0000', 'F18'),
(1208, 9, 2, '2025-08-21', 2, '0.0000', 'G18'),
(1209, 9, 3, '2025-08-21', 2, '8.0000', 'H18'),
(1210, 10, 1, '2025-08-21', 2, '0.0000', 'F19'),
(1211, 10, 2, '2025-08-21', 2, '0.0000', 'G19'),
(1212, 10, 3, '2025-08-21', 2, '0.0000', 'H19'),
(1213, 13, 1, '2025-08-21', 2, '1.0000', 'F22'),
(1214, 13, 2, '2025-08-21', 2, '0.0000', 'G22'),
(1215, 13, 3, '2025-08-21', 2, '1.0000', 'H22'),
(1216, 25, 3, '2025-08-21', 2, '0.0000', 'H34'),
(1217, 30, 1, '2025-08-21', 2, '169.1800', 'F39'),
(1218, 30, 2, '2025-08-21', 2, '169.1800', 'G39'),
(1219, 30, 3, '2025-08-21', 2, '338.3700', 'H39'),
(1220, 31, 1, '2025-08-21', 2, '0.0000', 'F40'),
(1221, 31, 2, '2025-08-21', 2, '0.0000', 'G40'),
(1222, 31, 3, '2025-08-21', 2, '0.0000', 'H40'),
(1223, 7, 1, '2025-08-21', 3, '8.0000', 'F16'),
(1224, 7, 2, '2025-08-21', 3, '8.0000', 'G16'),
(1225, 7, 3, '2025-08-21', 3, '16.0000', 'H16'),
(1226, 8, 1, '2025-08-21', 3, '0.0000', 'F17'),
(1227, 8, 2, '2025-08-21', 3, '0.0000', 'G17'),
(1228, 8, 3, '2025-08-21', 3, '0.0000', 'H17'),
(1229, 9, 1, '2025-08-21', 3, '8.0000', 'F18'),
(1230, 9, 2, '2025-08-21', 3, '0.0000', 'G18'),
(1231, 9, 3, '2025-08-21', 3, '8.0000', 'H18'),
(1232, 10, 1, '2025-08-21', 3, '0.0000', 'F19'),
(1233, 10, 2, '2025-08-21', 3, '0.0000', 'G19'),
(1234, 10, 3, '2025-08-21', 3, '0.0000', 'H19'),
(1235, 13, 1, '2025-08-21', 3, '1.0000', 'F22'),
(1236, 13, 2, '2025-08-21', 3, '0.0000', 'G22'),
(1237, 13, 3, '2025-08-21', 3, '1.0000', 'H22'),
(1238, 25, 3, '2025-08-21', 3, '0.0000', 'H34'),
(1239, 30, 1, '2025-08-21', 3, '169.1800', 'F39'),
(1240, 30, 2, '2025-08-21', 3, '169.1800', 'G39'),
(1241, 30, 3, '2025-08-21', 3, '338.3700', 'H39'),
(1242, 31, 1, '2025-08-21', 3, '0.0000', 'F40'),
(1243, 31, 2, '2025-08-21', 3, '0.0000', 'G40'),
(1244, 31, 3, '2025-08-21', 3, '0.0000', 'H40'),
(1245, 1, 1, '2025-08-23', 1, '16200.0000', 'F10'),
(1246, 3, 1, '2025-08-23', 1, '24250.0000', 'F12'),
(1247, 4, 1, '2025-08-23', 1, '23080.0000', 'F13'),
(1248, 3, 1, '2025-08-23', 2, '0.0000', 'F12'),
(1249, 4, 1, '2025-08-23', 2, '0.0000', 'F13'),
(1250, 3, 1, '2025-08-23', 3, '0.0000', 'F12'),
(1251, 4, 1, '2025-08-23', 3, '0.0000', 'F13'),
(1252, 1, 1, '2025-08-28', 1, '16200.0000', 'F10'),
(1253, 1, 1, '2025-08-28', 2, '16200.0000', 'F10'),
(1254, 1, 1, '2025-08-28', 3, '16200.0000', 'F10'),
(1255, 3, 1, '2025-08-28', 1, '16200.0000', 'F12'),
(1256, 4, 1, '2025-08-28', 1, '16200.0000', 'F13'),
(1257, 3, 1, '2025-08-28', 2, '16200.0000', 'F12'),
(1258, 4, 1, '2025-08-28', 2, '16200.0000', 'F13'),
(1259, 3, 1, '2025-08-28', 3, '16200.0000', 'F12'),
(1260, 4, 1, '2025-08-28', 3, '16200.0000', 'F13'),
(1261, 2, 1, '2025-08-23', 1, '8050.0000', 'F11'),
(1262, 7, 1, '2025-08-23', 1, '8.0000', 'F16'),
(1263, 7, 2, '2025-08-23', 1, '8.0000', 'G16'),
(1264, 7, 3, '2025-08-23', 1, '16.0000', 'H16'),
(1265, 8, 1, '2025-08-23', 1, '0.0000', 'F17'),
(1266, 8, 2, '2025-08-23', 1, '0.0000', 'G17'),
(1267, 8, 3, '2025-08-23', 1, '0.0000', 'H17'),
(1268, 9, 1, '2025-08-23', 1, '8.0000', 'F18'),
(1269, 9, 2, '2025-08-23', 1, '0.0000', 'G18'),
(1270, 9, 3, '2025-08-23', 1, '8.0000', 'H18'),
(1271, 10, 1, '2025-08-23', 1, '0.0000', 'F19'),
(1272, 10, 2, '2025-08-23', 1, '0.0000', 'G19'),
(1273, 10, 3, '2025-08-23', 1, '0.0000', 'H19'),
(1274, 13, 1, '2025-08-23', 1, '1.0000', 'F22'),
(1275, 13, 2, '2025-08-23', 1, '0.0000', 'G22'),
(1276, 13, 3, '2025-08-23', 1, '1.0000', 'H22'),
(1277, 25, 3, '2025-08-23', 1, '0.0000', 'H34'),
(1278, 30, 1, '2025-08-23', 1, '217.1800', 'F39'),
(1279, 30, 2, '2025-08-23', 1, '217.1800', 'G39'),
(1280, 30, 3, '2025-08-23', 1, '434.3700', 'H39'),
(1281, 31, 1, '2025-08-23', 1, '0.0000', 'F40'),
(1282, 31, 2, '2025-08-23', 1, '0.0000', 'G40'),
(1283, 31, 3, '2025-08-23', 1, '0.0000', 'H40'),
(1284, 6, 1, '2025-08-22', 1, '3.2914', 'F15'),
(1285, 6, 2, '2025-08-22', 1, '6.2661', 'G15'),
(1286, 7, 1, '2025-08-29', 1, '4.5000', 'F16'),
(1287, 7, 2, '2025-08-29', 1, '8.0000', 'G16'),
(1288, 7, 3, '2025-08-29', 1, '12.5000', 'H16'),
(1289, 8, 1, '2025-08-29', 1, '0.0000', 'F17'),
(1290, 8, 2, '2025-08-29', 1, '0.0000', 'G17'),
(1291, 8, 3, '2025-08-29', 1, '0.0000', 'H17'),
(1292, 9, 1, '2025-08-29', 1, '2.5000', 'F18'),
(1293, 9, 2, '2025-08-29', 1, '0.0000', 'G18'),
(1294, 9, 3, '2025-08-29', 1, '2.5000', 'H18'),
(1295, 10, 1, '2025-08-29', 1, '0.0000', 'F19'),
(1296, 10, 2, '2025-08-29', 1, '0.0000', 'G19'),
(1297, 10, 3, '2025-08-29', 1, '0.0000', 'H19'),
(1298, 13, 1, '2025-08-29', 1, '0.0000', 'F22'),
(1299, 13, 2, '2025-08-29', 1, '0.0000', 'G22'),
(1300, 13, 3, '2025-08-29', 1, '0.0000', 'H22'),
(1301, 25, 3, '2025-08-29', 1, '0.0000', 'H34'),
(1302, 30, 1, '2025-08-29', 1, '341.6800', 'F39'),
(1303, 30, 2, '2025-08-29', 1, '361.1800', 'G39'),
(1304, 30, 3, '2025-08-29', 1, '702.8700', 'H39'),
(1305, 31, 1, '2025-08-29', 1, '0.0000', 'F40'),
(1306, 31, 2, '2025-08-29', 1, '0.0000', 'G40'),
(1307, 31, 3, '2025-08-29', 1, '0.0000', 'H40'),
(1308, 7, 1, '2025-08-29', 2, '0.0000', 'F16'),
(1309, 7, 2, '2025-08-29', 2, '8.0000', 'G16'),
(1310, 7, 3, '2025-08-29', 2, '8.0000', 'H16'),
(1311, 8, 1, '2025-08-29', 2, '0.0000', 'F17'),
(1312, 8, 2, '2025-08-29', 2, '0.0000', 'G17'),
(1313, 8, 3, '2025-08-29', 2, '0.0000', 'H17'),
(1314, 9, 1, '2025-08-29', 2, '0.0000', 'F18'),
(1315, 9, 2, '2025-08-29', 2, '0.0000', 'G18'),
(1316, 9, 3, '2025-08-29', 2, '0.0000', 'H18'),
(1317, 10, 1, '2025-08-29', 2, '0.0000', 'F19'),
(1318, 10, 2, '2025-08-29', 2, '0.0000', 'G19'),
(1319, 10, 3, '2025-08-29', 2, '0.0000', 'H19'),
(1320, 13, 1, '2025-08-29', 2, '0.0000', 'F22'),
(1321, 13, 2, '2025-08-29', 2, '0.0000', 'G22'),
(1322, 13, 3, '2025-08-29', 2, '0.0000', 'H22'),
(1323, 25, 3, '2025-08-29', 2, '0.0000', 'H34'),
(1324, 30, 1, '2025-08-29', 2, '341.6800', 'F39'),
(1325, 30, 2, '2025-08-29', 2, '361.1800', 'G39'),
(1326, 30, 3, '2025-08-29', 2, '702.8700', 'H39'),
(1327, 31, 1, '2025-08-29', 2, '0.0000', 'F40'),
(1328, 31, 2, '2025-08-29', 2, '0.0000', 'G40'),
(1329, 31, 3, '2025-08-29', 2, '0.0000', 'H40'),
(1330, 7, 1, '2025-08-29', 3, '0.0000', 'F16'),
(1331, 7, 2, '2025-08-29', 3, '8.0000', 'G16'),
(1332, 7, 3, '2025-08-29', 3, '8.0000', 'H16'),
(1333, 8, 1, '2025-08-29', 3, '0.0000', 'F17'),
(1334, 8, 2, '2025-08-29', 3, '0.0000', 'G17'),
(1335, 8, 3, '2025-08-29', 3, '0.0000', 'H17'),
(1336, 9, 1, '2025-08-29', 3, '0.0000', 'F18'),
(1337, 9, 2, '2025-08-29', 3, '0.0000', 'G18'),
(1338, 9, 3, '2025-08-29', 3, '0.0000', 'H18'),
(1339, 10, 1, '2025-08-29', 3, '0.0000', 'F19'),
(1340, 10, 2, '2025-08-29', 3, '0.0000', 'G19'),
(1341, 10, 3, '2025-08-29', 3, '0.0000', 'H19'),
(1342, 13, 1, '2025-08-29', 3, '0.0000', 'F22'),
(1343, 13, 2, '2025-08-29', 3, '0.0000', 'G22'),
(1344, 13, 3, '2025-08-29', 3, '0.0000', 'H22'),
(1345, 25, 3, '2025-08-29', 3, '0.0000', 'H34'),
(1346, 30, 1, '2025-08-29', 3, '341.6800', 'F39'),
(1347, 30, 2, '2025-08-29', 3, '361.1800', 'G39'),
(1348, 30, 3, '2025-08-29', 3, '702.8700', 'H39'),
(1349, 31, 1, '2025-08-29', 3, '0.0000', 'F40'),
(1350, 31, 2, '2025-08-29', 3, '0.0000', 'G40'),
(1351, 31, 3, '2025-08-29', 3, '0.0000', 'H40'),
(1352, 33, 3, '2025-08-22', 1, '73155.3271', 'H42');

-- --------------------------------------------------------

--
-- Структура таблицы `pgu_result_params`
--

CREATE TABLE `pgu_result_params` (
  `id` int NOT NULL,
  `name` varchar(255) CHARACTER SET utf8mb4 COLLATE utf8mb4_unicode_ci NOT NULL,
  `unit` varchar(50) CHARACTER SET utf8mb4 COLLATE utf8mb4_unicode_ci DEFAULT NULL,
  `symbol` varchar(50) CHARACTER SET utf8mb4 COLLATE utf8mb4_unicode_ci DEFAULT NULL,
  `row_num` varchar(20) COLLATE utf8mb4_unicode_ci DEFAULT NULL
) ENGINE=InnoDB DEFAULT CHARSET=utf8mb4 COLLATE=utf8mb4_unicode_ci;

--
-- Дамп данных таблицы `pgu_result_params`
--

INSERT INTO `pgu_result_params` (`id`, `name`, `unit`, `symbol`, `row_num`) VALUES
(38, 'Электрическая нагрузка ПГУ, MW, брутто', 'MW', 'Nпгубр', '47'),
(39, 'Электрическая нагрузка ПГУ, MW, нетто', 'MW', 'Nпгун', '48'),
(40, 'Электрическая нагрузка ГТУ, MW, нетто', 'MW', 'Nгтун', '49'),
(41, 'Электрическая нагрузка ПТУ, MW, нетто', 'MW', 'Nптун', '50'),
(42, 'Исходно-номинальный УРТ ПГУ, g/kWh', 'g/kWh', 'bэ(ином)пгу', '51'),
(43, 'Фактический расход топлива за месяц на ПГУ в пересчете на условное, т.усл.топл./мес', 'т.усл.топл./мес', 'Впгуф', '52'),
(44, 'на изменение cosφГТ, MW', 'MW', 'ΔNcosφгт', '54'),
(45, 'на изменение cosφПТ, MW', 'MW', 'ΔNcosφпт', '55'),
(46, 'на отпуск тепла на блоки, MW', 'MW', 'ΔNт.бл', '56'),
(47, 'на изменение температуры мокрого термометра в градирню, MW', 'MW', 'ΔNбл', '57'),
(48, 'на давление топливного газа, MW', 'MW', 'ΔNРт.газа', '58'),
(49, 'на температуру топливного газа, MW', 'MW', 'ΔNtт.газа', '59'),
(50, 'на температуру окружающей среды и относительную влажность (при Вкл испар. охл.)', NULL, 'ktн.в', '60'),
(51, 'на температуру на входе компрессора (при Откл. испар. охл.)', NULL, 'ktвх.к', '61'),
(52, 'на изменение барометрического давления и температуры на входе компрессора (при Вкл и Откл испар. охл.)', NULL, 'kРбар', '62'),
(53, 'на относительную влажность и температуру на входе компрессора (при Откл испар. охл.)', NULL, 'kφвх.к', '63'),
(54, 'на отклонение низшей теплоты сгорания топлива', NULL, 'kQнр', '64'),
(55, 'на изменение частоты ГТ (при Вкл и Откл испар. охл.)', NULL, 'kν', '65'),
(56, 'Кривая деградации ГТУ', NULL, 'kd', '66'),
(57, 'Кривая деградации ГТУ, MW', 'MW', 'ΔNkd', '67'),
(58, 'на занос КВОУ', NULL, 'kΔNквоу', '68'),
(59, 'на включение антиобледенительной системы (АОС)', NULL, 'kΔNаос', '69'),
(60, 'Расчетная мощность, приведённая к фактическим внешним условиям ПГУ, MW', 'MW', 'N′пгу', '70'),
(61, 'Изменение мощности ПГУ на внешние факторы, MW', 'MW', 'ΔN', '71'),
(62, 'Расход топлива на изменение мощности за счёт изменения внешних факторов, т.усл.топл.', 'т.усл.топл.', 'ΔB', '72'),
(63, 'Исходно-номинальный расход топлива на ПГУ по энергетическим характеристикам, т.усл.топл.', 'т.усл.топл.', 'Вт', '73'),
(64, 'Расход топлива на тепловую нагрузку, т.усл.топл.', 'т.усл.топл.', 'ΔBтепл', '74'),
(65, 'Расход топлива на ПГУ с учётом влияния внешних факторов и тепловой нагрузки, т.усл.топл.', 'т.усл.топл.', 'В′т', '75'),
(66, 'Мощность тепла топлива ПГУ, MW', 'MW', 'Nтоп', '76'),
(67, 'КПД нетто ПГУ (установки), %', '%', 'ηбрпгу', '77'),
(68, 'Электрические СН ПГУ, %', '%', 'эснпгу', '78'),
(69, 'Электрические СН ПГУ, MW', 'MW', 'Nснпгу', '79'),
(70, 'Номинальный удельный расход топлива на отпуск электроэнергии, приведённый к внешним факторам, g/kWh', 'g/kWh', 'bэ(ном)', '80'),
(71, 'Затраты топлива на пуски ПГУ по диспетчерскому графику, g/kWh', 'g/kWh', 'Δbпуск', '81'),
(72, 'Номинальный удельный расход топлива на отпуск электроэнергии с учётом пусков, g/kWh', 'g/kWh', 'b′э(ном)', '82'),
(73, 'Фактический удельный расход топлива на отпуск электроэнергии с учётом пусков, g/kWh', 'g/kWh', 'b′э(факт)', '83'),
(74, 'Экономия (+)/пережог (-) топлива, g/kWh', 'g/kWh', 'b′э(ном)', '84');

-- --------------------------------------------------------

--
-- Структура таблицы `pgu_result_values`
--

CREATE TABLE `pgu_result_values` (
  `id` bigint NOT NULL,
  `param_id` int NOT NULL,
  `pgu_id` int NOT NULL,
  `date` date NOT NULL,
  `shift_id` int DEFAULT NULL COMMENT 'NULL для суточных расчетов',
  `value` decimal(15,6) NOT NULL,
  `user_id` int DEFAULT NULL,
  `period_type` enum('shift','day','period') CHARACTER SET utf8mb4 COLLATE utf8mb4_unicode_ci NOT NULL,
  `period_start` date DEFAULT NULL,
  `period_end` date DEFAULT NULL,
  `created_at` timestamp NULL DEFAULT CURRENT_TIMESTAMP,
  `updated_at` timestamp NULL DEFAULT CURRENT_TIMESTAMP ON UPDATE CURRENT_TIMESTAMP,
  `cell` varchar(20) COLLATE utf8mb4_unicode_ci DEFAULT NULL
) ENGINE=InnoDB DEFAULT CHARSET=utf8mb4 COLLATE=utf8mb4_unicode_ci;

--
-- Дамп данных таблицы `pgu_result_values`
--

INSERT INTO `pgu_result_values` (`id`, `param_id`, `pgu_id`, `date`, `shift_id`, `value`, `user_id`, `period_type`, `period_start`, `period_end`, `created_at`, `updated_at`, `cell`) VALUES
(9537, 46, 1, '2025-08-29', 1, '0.000000', 1, 'shift', NULL, NULL, '2025-08-29 01:48:46', '2025-08-29 01:48:46', 'F56'),
(9538, 46, 2, '2025-08-29', 1, '0.000000', 1, 'shift', NULL, NULL, '2025-08-29 01:48:46', '2025-08-29 01:48:46', 'G56'),
(9539, 50, 1, '2025-08-29', 1, '1.000000', 1, 'shift', NULL, NULL, '2025-08-29 01:48:46', '2025-08-29 01:48:46', 'F60'),
(9540, 50, 2, '2025-08-29', 1, '1.000000', 1, 'shift', NULL, NULL, '2025-08-29 01:48:46', '2025-08-29 01:48:46', 'G60'),
(9541, 51, 1, '2025-08-29', 1, '1.000000', 1, 'shift', NULL, NULL, '2025-08-29 01:48:46', '2025-08-29 01:48:46', 'F61'),
(9542, 51, 2, '2025-08-29', 1, '1.000000', 1, 'shift', NULL, NULL, '2025-08-29 01:48:46', '2025-08-29 01:48:46', 'G61'),
(9543, 52, 1, '2025-08-29', 1, '5.717500', 1, 'shift', NULL, NULL, '2025-08-29 01:48:46', '2025-08-29 01:48:46', 'F62'),
(9544, 52, 2, '2025-08-29', 1, '11.614400', 1, 'shift', NULL, NULL, '2025-08-29 01:48:46', '2025-08-29 01:48:46', 'G62'),
(9545, 53, 1, '2025-08-29', 1, '1.000000', 1, 'shift', NULL, NULL, '2025-08-29 01:48:46', '2025-08-29 01:48:46', 'F63'),
(9546, 53, 2, '2025-08-29', 1, '1.000000', 1, 'shift', NULL, NULL, '2025-08-29 01:48:46', '2025-08-29 01:48:46', 'G63'),
(9547, 54, 1, '2025-08-29', 1, '0.949400', 1, 'shift', NULL, NULL, '2025-08-29 01:48:46', '2025-08-29 01:48:46', 'F64'),
(9548, 54, 2, '2025-08-29', 1, '0.949400', 1, 'shift', NULL, NULL, '2025-08-29 01:48:46', '2025-08-29 01:48:46', 'G64'),
(9549, 55, 1, '2025-08-29', 1, '1.000000', 1, 'shift', NULL, NULL, '2025-08-29 01:48:46', '2025-08-29 01:48:46', 'F65'),
(9550, 55, 2, '2025-08-29', 1, '1.000000', 1, 'shift', NULL, NULL, '2025-08-29 01:48:46', '2025-08-29 01:48:46', 'G65'),
(9551, 56, 1, '2025-08-29', 1, '1.001900', 1, 'shift', NULL, NULL, '2025-08-29 01:48:46', '2025-08-29 01:48:46', 'F66'),
(9552, 56, 2, '2025-08-29', 1, '1.002000', 1, 'shift', NULL, NULL, '2025-08-29 01:48:46', '2025-08-29 01:48:46', 'G66'),
(9553, 59, 1, '2025-08-29', 1, '1.000000', 1, 'shift', NULL, NULL, '2025-08-29 01:48:46', '2025-08-29 01:48:46', 'F69'),
(9554, 59, 2, '2025-08-29', 1, '1.000000', 1, 'shift', NULL, NULL, '2025-08-29 01:48:46', '2025-08-29 01:48:46', 'G69'),
(11763, 38, 1, '2025-08-22', 2, '50.312500', 1, 'shift', NULL, NULL, '2025-09-04 07:18:59', '2025-09-04 07:18:59', 'F47'),
(11764, 38, 2, '2025-08-22', 2, '272.812500', 1, 'shift', NULL, NULL, '2025-09-04 07:18:59', '2025-09-04 07:18:59', 'G47'),
(11765, 38, 3, '2025-08-22', 2, '323.125000', 1, 'shift', NULL, NULL, '2025-09-04 07:18:59', '2025-09-04 07:18:59', 'H47'),
(11766, 39, 1, '2025-08-22', 2, '38.612500', 1, 'shift', NULL, NULL, '2025-09-04 07:18:59', '2025-09-04 07:18:59', 'F48'),
(11767, 39, 2, '2025-08-22', 2, '252.337500', 1, 'shift', NULL, NULL, '2025-09-04 07:18:59', '2025-09-04 07:18:59', 'G48'),
(11768, 39, 3, '2025-08-22', 2, '290.950000', 1, 'shift', NULL, NULL, '2025-09-04 07:18:59', '2025-09-04 07:18:59', 'H48'),
(11769, 40, 2, '2025-08-22', 2, '161.775000', 1, 'shift', NULL, NULL, '2025-09-04 07:18:59', '2025-09-04 07:18:59', 'G49'),
(11770, 41, 1, '2025-08-22', 2, '50.312500', 1, 'shift', NULL, NULL, '2025-09-04 07:18:59', '2025-09-04 07:18:59', 'F50'),
(11771, 41, 2, '2025-08-22', 2, '90.562500', 1, 'shift', NULL, NULL, '2025-09-04 07:18:59', '2025-09-04 07:18:59', 'G50'),
(11772, 41, 3, '2025-08-22', 2, '140.875000', 1, 'shift', NULL, NULL, '2025-09-04 07:18:59', '2025-09-04 07:18:59', 'H50'),
(11773, 42, 1, '2025-08-22', 2, '343.475300', 1, 'shift', NULL, NULL, '2025-09-04 07:18:59', '2025-09-04 07:18:59', 'F51'),
(11774, 42, 2, '2025-08-22', 2, '234.746900', 1, 'shift', NULL, NULL, '2025-09-04 07:18:59', '2025-09-04 07:18:59', 'G51'),
(11775, 42, 3, '2025-08-22', 2, '249.176400', 1, 'shift', NULL, NULL, '2025-09-04 07:18:59', '2025-09-04 07:18:59', 'H51'),
(11776, 46, 1, '2025-08-22', 2, '0.000000', 1, 'shift', NULL, NULL, '2025-09-04 07:18:59', '2025-09-04 07:18:59', 'F56'),
(11777, 46, 2, '2025-08-22', 2, '0.000000', 1, 'shift', NULL, NULL, '2025-09-04 07:18:59', '2025-09-04 07:18:59', 'G56'),
(11778, 50, 1, '2025-08-22', 2, '0.969900', 1, 'shift', NULL, NULL, '2025-09-04 07:18:59', '2025-09-04 07:18:59', 'F60'),
(11779, 50, 2, '2025-08-22', 2, '1.000000', 1, 'shift', NULL, NULL, '2025-09-04 07:18:59', '2025-09-04 07:18:59', 'G60'),
(11780, 51, 1, '2025-08-22', 2, '1.000000', 1, 'shift', NULL, NULL, '2025-09-04 07:18:59', '2025-09-04 07:18:59', 'F61'),
(11781, 51, 2, '2025-08-22', 2, '1.000000', 1, 'shift', NULL, NULL, '2025-09-04 07:18:59', '2025-09-04 07:18:59', 'G61'),
(11782, 52, 1, '2025-08-22', 2, '12.051000', 1, 'shift', NULL, NULL, '2025-09-04 07:18:59', '2025-09-04 07:18:59', 'F62'),
(11783, 52, 2, '2025-08-22', 2, '12.051000', 1, 'shift', NULL, NULL, '2025-09-04 07:18:59', '2025-09-04 07:18:59', 'G62'),
(11784, 53, 1, '2025-08-22', 2, '1.000000', 1, 'shift', NULL, NULL, '2025-09-04 07:18:59', '2025-09-04 07:18:59', 'F63'),
(11785, 53, 2, '2025-08-22', 2, '1.000000', 1, 'shift', NULL, NULL, '2025-09-04 07:18:59', '2025-09-04 07:18:59', 'G63'),
(11786, 54, 1, '2025-08-22', 2, '0.949400', 1, 'shift', NULL, NULL, '2025-09-04 07:18:59', '2025-09-04 07:18:59', 'F64'),
(11787, 54, 2, '2025-08-22', 2, '0.949400', 1, 'shift', NULL, NULL, '2025-09-04 07:18:59', '2025-09-04 07:18:59', 'G64'),
(11788, 55, 1, '2025-08-22', 2, '1.000000', 1, 'shift', NULL, NULL, '2025-09-04 07:18:59', '2025-09-04 07:18:59', 'F65'),
(11789, 55, 2, '2025-08-22', 2, '1.000000', 1, 'shift', NULL, NULL, '2025-09-04 07:18:59', '2025-09-04 07:18:59', 'G65'),
(11790, 56, 1, '2025-08-22', 2, '1.001100', 1, 'shift', NULL, NULL, '2025-09-04 07:18:59', '2025-09-04 07:18:59', 'F66'),
(11791, 56, 2, '2025-08-22', 2, '1.001100', 1, 'shift', NULL, NULL, '2025-09-04 07:18:59', '2025-09-04 07:18:59', 'G66'),
(11792, 57, 2, '2025-08-22', 2, '-0.178000', 1, 'shift', NULL, NULL, '2025-09-04 07:18:59', '2025-09-04 07:18:59', 'G67'),
(11793, 59, 1, '2025-08-22', 2, '1.000000', 1, 'shift', NULL, NULL, '2025-09-04 07:18:59', '2025-09-04 07:18:59', 'F69'),
(11794, 59, 2, '2025-08-22', 2, '1.000000', 1, 'shift', NULL, NULL, '2025-09-04 07:18:59', '2025-09-04 07:18:59', 'G69'),
(11795, 63, 1, '2025-08-22', 2, '106.099500', 1, 'shift', NULL, NULL, '2025-09-04 07:18:59', '2025-09-04 07:18:59', 'F73'),
(11796, 63, 2, '2025-08-22', 2, '473.883600', 1, 'shift', NULL, NULL, '2025-09-04 07:18:59', '2025-09-04 07:18:59', 'G73'),
(11797, 63, 3, '2025-08-22', 2, '579.983100', 1, 'shift', NULL, NULL, '2025-09-04 07:19:00', '2025-09-04 07:19:00', 'H73'),
(11798, 38, 1, '2025-08-22', 3, '150.937500', 1, 'shift', NULL, NULL, '2025-09-04 07:19:00', '2025-09-04 07:19:00', 'F47'),
(11799, 38, 2, '2025-08-22', 3, '292.937500', 1, 'shift', NULL, NULL, '2025-09-04 07:19:00', '2025-09-04 07:19:00', 'G47'),
(11800, 38, 3, '2025-08-22', 3, '443.875000', 1, 'shift', NULL, NULL, '2025-09-04 07:19:00', '2025-09-04 07:19:00', 'H47'),
(11801, 39, 1, '2025-08-22', 3, '136.312500', 1, 'shift', NULL, NULL, '2025-09-04 07:19:00', '2025-09-04 07:19:00', 'F48'),
(11802, 39, 2, '2025-08-22', 3, '275.387500', 1, 'shift', NULL, NULL, '2025-09-04 07:19:00', '2025-09-04 07:19:00', 'G48'),
(11803, 39, 3, '2025-08-22', 3, '411.700000', 1, 'shift', NULL, NULL, '2025-09-04 07:19:00', '2025-09-04 07:19:00', 'H48'),
(11804, 40, 2, '2025-08-22', 3, '164.700000', 1, 'shift', NULL, NULL, '2025-09-04 07:19:00', '2025-09-04 07:19:00', 'G49'),
(11805, 41, 1, '2025-08-22', 3, '150.937500', 1, 'shift', NULL, NULL, '2025-09-04 07:19:00', '2025-09-04 07:19:00', 'F50'),
(11806, 41, 2, '2025-08-22', 3, '110.687500', 1, 'shift', NULL, NULL, '2025-09-04 07:19:00', '2025-09-04 07:19:00', 'G50'),
(11807, 41, 3, '2025-08-22', 3, '261.625000', 1, 'shift', NULL, NULL, '2025-09-04 07:19:00', '2025-09-04 07:19:00', 'H50'),
(11808, 42, 1, '2025-08-22', 3, '263.233200', 1, 'shift', NULL, NULL, '2025-09-04 07:19:00', '2025-09-04 07:19:00', 'F51'),
(11809, 42, 2, '2025-08-22', 3, '233.517000', 1, 'shift', NULL, NULL, '2025-09-04 07:19:00', '2025-09-04 07:19:00', 'G51'),
(11810, 42, 3, '2025-08-22', 3, '243.355900', 1, 'shift', NULL, NULL, '2025-09-04 07:19:00', '2025-09-04 07:19:00', 'H51'),
(11811, 46, 1, '2025-08-22', 3, '0.000000', 1, 'shift', NULL, NULL, '2025-09-04 07:19:00', '2025-09-04 07:19:00', 'F56'),
(11812, 46, 2, '2025-08-22', 3, '0.000000', 1, 'shift', NULL, NULL, '2025-09-04 07:19:00', '2025-09-04 07:19:00', 'G56'),
(11813, 50, 1, '2025-08-22', 3, '0.969900', 1, 'shift', NULL, NULL, '2025-09-04 07:19:00', '2025-09-04 07:19:00', 'F60'),
(11814, 50, 2, '2025-08-22', 3, '1.000000', 1, 'shift', NULL, NULL, '2025-09-04 07:19:00', '2025-09-04 07:19:00', 'G60'),
(11815, 51, 1, '2025-08-22', 3, '1.000000', 1, 'shift', NULL, NULL, '2025-09-04 07:19:00', '2025-09-04 07:19:00', 'F61'),
(11816, 51, 2, '2025-08-22', 3, '1.000000', 1, 'shift', NULL, NULL, '2025-09-04 07:19:00', '2025-09-04 07:19:00', 'G61'),
(11817, 52, 1, '2025-08-22', 3, '12.051000', 1, 'shift', NULL, NULL, '2025-09-04 07:19:00', '2025-09-04 07:19:00', 'F62'),
(11818, 52, 2, '2025-08-22', 3, '12.051000', 1, 'shift', NULL, NULL, '2025-09-04 07:19:00', '2025-09-04 07:19:00', 'G62'),
(11819, 53, 1, '2025-08-22', 3, '1.000000', 1, 'shift', NULL, NULL, '2025-09-04 07:19:00', '2025-09-04 07:19:00', 'F63'),
(11820, 53, 2, '2025-08-22', 3, '1.000000', 1, 'shift', NULL, NULL, '2025-09-04 07:19:00', '2025-09-04 07:19:00', 'G63'),
(11821, 54, 1, '2025-08-22', 3, '0.949400', 1, 'shift', NULL, NULL, '2025-09-04 07:19:00', '2025-09-04 07:19:00', 'F64'),
(11822, 54, 2, '2025-08-22', 3, '0.949400', 1, 'shift', NULL, NULL, '2025-09-04 07:19:00', '2025-09-04 07:19:00', 'G64'),
(11823, 55, 1, '2025-08-22', 3, '1.000000', 1, 'shift', NULL, NULL, '2025-09-04 07:19:00', '2025-09-04 07:19:00', 'F65'),
(11824, 55, 2, '2025-08-22', 3, '1.000000', 1, 'shift', NULL, NULL, '2025-09-04 07:19:00', '2025-09-04 07:19:00', 'G65'),
(11825, 56, 1, '2025-08-22', 3, '1.001100', 1, 'shift', NULL, NULL, '2025-09-04 07:19:00', '2025-09-04 07:19:00', 'F66'),
(11826, 56, 2, '2025-08-22', 3, '1.001100', 1, 'shift', NULL, NULL, '2025-09-04 07:19:00', '2025-09-04 07:19:00', 'G66'),
(11827, 57, 2, '2025-08-22', 3, '-0.181200', 1, 'shift', NULL, NULL, '2025-09-04 07:19:00', '2025-09-04 07:19:00', 'G67'),
(11828, 59, 1, '2025-08-22', 3, '1.000000', 1, 'shift', NULL, NULL, '2025-09-04 07:19:00', '2025-09-04 07:19:00', 'F69'),
(11829, 59, 2, '2025-08-22', 3, '1.000000', 1, 'shift', NULL, NULL, '2025-09-04 07:19:00', '2025-09-04 07:19:00', 'G69'),
(11830, 63, 1, '2025-08-22', 3, '287.055800', 1, 'shift', NULL, NULL, '2025-09-04 07:19:00', '2025-09-04 07:19:00', 'F73'),
(11831, 63, 2, '2025-08-22', 3, '514.461300', 1, 'shift', NULL, NULL, '2025-09-04 07:19:00', '2025-09-04 07:19:00', 'G73'),
(11832, 63, 3, '2025-08-22', 3, '801.517100', 1, 'shift', NULL, NULL, '2025-09-04 07:19:00', '2025-09-04 07:19:00', 'H73'),
(11833, 38, 1, '2025-08-22', 1, '404.604700', 1, 'shift', NULL, NULL, '2025-09-04 17:04:07', '2025-09-04 17:04:07', 'F47'),
(11834, 38, 2, '2025-08-22', 1, '262.634800', 1, 'shift', NULL, NULL, '2025-09-04 17:04:07', '2025-09-04 17:04:07', 'G47'),
(11835, 38, 3, '2025-08-22', 1, '667.092100', 1, 'shift', NULL, NULL, '2025-09-04 17:04:07', '2025-09-04 17:04:07', 'H47'),
(11836, 39, 1, '2025-08-22', 1, '389.948800', 1, 'shift', NULL, NULL, '2025-09-04 17:04:07', '2025-09-04 17:04:07', 'F48'),
(11837, 39, 2, '2025-08-22', 1, '245.084200', 1, 'shift', NULL, NULL, '2025-09-04 17:04:07', '2025-09-04 17:04:07', 'G48'),
(11838, 39, 3, '2025-08-22', 1, '634.882500', 1, 'shift', NULL, NULL, '2025-09-04 17:04:07', '2025-09-04 17:04:07', 'H48'),
(11839, 40, 1, '2025-08-22', 1, '188.272700', 1, 'shift', NULL, NULL, '2025-09-04 17:04:07', '2025-09-04 17:04:07', 'F49'),
(11840, 40, 2, '2025-08-22', 1, '144.455400', 1, 'shift', NULL, NULL, '2025-09-04 17:04:07', '2025-09-04 17:04:07', 'G49'),
(11841, 40, 3, '2025-08-22', 1, '332.682600', 1, 'shift', NULL, NULL, '2025-09-04 17:04:07', '2025-09-04 17:04:07', 'H49'),
(11842, 41, 1, '2025-08-22', 1, '201.676000', 1, 'shift', NULL, NULL, '2025-09-04 17:04:07', '2025-09-04 17:04:07', 'F50'),
(11843, 41, 2, '2025-08-22', 1, '100.628800', 1, 'shift', NULL, NULL, '2025-09-04 17:04:07', '2025-09-04 17:04:07', 'G50'),
(11844, 41, 3, '2025-08-22', 1, '302.199900', 1, 'shift', NULL, NULL, '2025-09-04 17:04:07', '2025-09-04 17:04:07', 'H50'),
(11845, 42, 1, '2025-08-22', 1, '222.200700', 1, 'shift', NULL, NULL, '2025-09-04 17:04:07', '2025-09-04 17:04:07', 'F51'),
(11846, 42, 2, '2025-08-22', 1, '235.323700', 1, 'shift', NULL, NULL, '2025-09-04 17:04:07', '2025-09-04 17:04:07', 'G51'),
(11847, 42, 3, '2025-08-22', 1, '227.271800', 1, 'shift', NULL, NULL, '2025-09-04 17:04:07', '2025-09-04 17:04:07', 'H51'),
(11848, 43, 1, '2025-08-22', 1, '35202.505000', 1, 'shift', NULL, NULL, '2025-09-04 17:04:07', '2025-09-04 17:04:07', 'F52'),
(11849, 43, 2, '2025-08-22', 1, '37952.822100', 1, 'shift', NULL, NULL, '2025-09-04 17:04:07', '2025-09-04 17:04:07', 'G52'),
(11850, 43, 3, '2025-08-22', 1, '73155.327100', 1, 'shift', NULL, NULL, '2025-09-04 17:04:07', '2025-09-04 17:04:07', 'H52'),
(11851, 44, 1, '2025-08-22', 1, '-0.119000', 1, 'shift', NULL, NULL, '2025-09-04 17:04:07', '2025-09-04 17:04:07', 'F54'),
(11852, 44, 2, '2025-08-22', 1, '-0.083300', 1, 'shift', NULL, NULL, '2025-09-04 17:04:07', '2025-09-04 17:04:07', 'G54'),
(11853, 45, 1, '2025-08-22', 1, '12.786100', 1, 'shift', NULL, NULL, '2025-09-04 17:04:07', '2025-09-04 17:04:07', 'F55'),
(11854, 45, 2, '2025-08-22', 1, '-0.038600', 1, 'shift', NULL, NULL, '2025-09-04 17:04:07', '2025-09-04 17:04:07', 'G55'),
(11855, 46, 1, '2025-08-22', 1, '0.000000', 1, 'shift', NULL, NULL, '2025-09-04 17:04:07', '2025-09-04 17:04:07', 'F56'),
(11856, 46, 2, '2025-08-22', 1, '0.000000', 1, 'shift', NULL, NULL, '2025-09-04 17:04:07', '2025-09-04 17:04:07', 'G56'),
(11857, 47, 1, '2025-08-22', 1, '-0.283200', 1, 'shift', NULL, NULL, '2025-09-04 17:04:07', '2025-09-04 17:04:07', 'F57'),
(11858, 47, 2, '2025-08-22', 1, '-0.283200', 1, 'shift', NULL, NULL, '2025-09-04 17:04:07', '2025-09-04 17:04:07', 'G57'),
(11859, 48, 1, '2025-08-22', 1, '-0.144400', 1, 'shift', NULL, NULL, '2025-09-04 17:04:07', '2025-09-04 17:04:07', 'F58'),
(11860, 48, 2, '2025-08-22', 1, '-0.144400', 1, 'shift', NULL, NULL, '2025-09-04 17:04:07', '2025-09-04 17:04:07', 'G58'),
(11861, 49, 1, '2025-08-22', 1, '0.066700', 1, 'shift', NULL, NULL, '2025-09-04 17:04:07', '2025-09-04 17:04:07', 'F59'),
(11862, 49, 2, '2025-08-22', 1, '0.066700', 1, 'shift', NULL, NULL, '2025-09-04 17:04:07', '2025-09-04 17:04:07', 'G59'),
(11863, 50, 1, '2025-08-22', 1, '1.041900', 1, 'shift', NULL, NULL, '2025-09-04 17:04:07', '2025-09-04 17:04:07', 'F60'),
(11864, 50, 2, '2025-08-22', 1, '1.042800', 1, 'shift', NULL, NULL, '2025-09-04 17:04:07', '2025-09-04 17:04:07', 'G60'),
(11865, 51, 1, '2025-08-22', 1, '1.000000', 1, 'shift', NULL, NULL, '2025-09-04 17:04:07', '2025-09-04 17:04:07', 'F61'),
(11866, 51, 2, '2025-08-22', 1, '1.000000', 1, 'shift', NULL, NULL, '2025-09-04 17:04:07', '2025-09-04 17:04:07', 'G61'),
(11867, 52, 1, '2025-08-22', 1, '1.004300', 1, 'shift', NULL, NULL, '2025-09-04 17:04:07', '2025-09-04 17:04:07', 'F62'),
(11868, 52, 2, '2025-08-22', 1, '1.004400', 1, 'shift', NULL, NULL, '2025-09-04 17:04:07', '2025-09-04 17:04:07', 'G62'),
(11869, 53, 1, '2025-08-22', 1, '1.000000', 1, 'shift', NULL, NULL, '2025-09-04 17:04:07', '2025-09-04 17:04:07', 'F63'),
(11870, 53, 2, '2025-08-22', 1, '1.000000', 1, 'shift', NULL, NULL, '2025-09-04 17:04:07', '2025-09-04 17:04:07', 'G63'),
(11871, 54, 1, '2025-08-22', 1, '1.000800', 1, 'shift', NULL, NULL, '2025-09-04 17:04:07', '2025-09-04 17:04:07', 'F64'),
(11872, 54, 2, '2025-08-22', 1, '1.000800', 1, 'shift', NULL, NULL, '2025-09-04 17:04:07', '2025-09-04 17:04:07', 'G64'),
(11873, 55, 1, '2025-08-22', 1, '1.000000', 1, 'shift', NULL, NULL, '2025-09-04 17:04:07', '2025-09-04 17:04:07', 'F65'),
(11874, 55, 2, '2025-08-22', 1, '1.000000', 1, 'shift', NULL, NULL, '2025-09-04 17:04:07', '2025-09-04 17:04:07', 'G65'),
(11875, 56, 1, '2025-08-22', 1, '1.001000', 1, 'shift', NULL, NULL, '2025-09-04 17:04:07', '2025-09-04 17:04:07', 'F66'),
(11876, 56, 2, '2025-08-22', 1, '1.001100', 1, 'shift', NULL, NULL, '2025-09-04 17:04:07', '2025-09-04 17:04:07', 'G66'),
(11877, 57, 1, '2025-08-22', 1, '-0.188300', 1, 'shift', NULL, NULL, '2025-09-04 17:04:08', '2025-09-04 17:04:08', 'F67'),
(11878, 57, 2, '2025-08-22', 1, '-0.158900', 1, 'shift', NULL, NULL, '2025-09-04 17:04:08', '2025-09-04 17:04:08', 'G67'),
(11879, 58, 1, '2025-08-22', 1, '1.008300', 1, 'shift', NULL, NULL, '2025-09-04 17:04:08', '2025-09-04 17:04:08', 'F68'),
(11880, 58, 2, '2025-08-22', 1, '1.000700', 1, 'shift', NULL, NULL, '2025-09-04 17:04:08', '2025-09-04 17:04:08', 'G68'),
(11881, 59, 1, '2025-08-22', 1, '1.000000', 1, 'shift', NULL, NULL, '2025-09-04 17:04:08', '2025-09-04 17:04:08', 'F69'),
(11882, 59, 2, '2025-08-22', 1, '1.000000', 1, 'shift', NULL, NULL, '2025-09-04 17:04:08', '2025-09-04 17:04:08', 'G69'),
(11883, 60, 1, '2025-08-22', 1, '412.579500', 1, 'shift', NULL, NULL, '2025-09-04 17:04:08', '2025-09-04 17:04:08', 'F70'),
(11884, 60, 2, '2025-08-22', 1, '251.517600', 1, 'shift', NULL, NULL, '2025-09-04 17:04:08', '2025-09-04 17:04:08', 'G70'),
(11885, 60, 3, '2025-08-22', 1, '663.929800', 1, 'shift', NULL, NULL, '2025-09-04 17:04:08', '2025-09-04 17:04:08', 'H70'),
(11886, 61, 1, '2025-08-22', 1, '22.630800', 1, 'shift', NULL, NULL, '2025-09-04 17:04:08', '2025-09-04 17:04:08', 'F71'),
(11887, 61, 2, '2025-08-22', 1, '6.433400', 1, 'shift', NULL, NULL, '2025-09-04 17:04:08', '2025-09-04 17:04:08', 'G71'),
(11888, 61, 3, '2025-08-22', 1, '29.047300', 1, 'shift', NULL, NULL, '2025-09-04 17:04:08', '2025-09-04 17:04:08', 'H71'),
(11889, 62, 1, '2025-08-22', 1, '40.143600', 1, 'shift', NULL, NULL, '2025-09-04 17:04:08', '2025-09-04 17:04:08', 'F72'),
(11890, 62, 2, '2025-08-22', 1, '12.110900', 1, 'shift', NULL, NULL, '2025-09-04 17:04:08', '2025-09-04 17:04:08', 'G72'),
(11891, 62, 3, '2025-08-22', 1, '52.254500', 1, 'shift', NULL, NULL, '2025-09-04 17:04:08', '2025-09-04 17:04:08', 'H72'),
(11892, 63, 1, '2025-08-22', 1, '691.710600', 1, 'shift', NULL, NULL, '2025-09-04 17:04:08', '2025-09-04 17:04:08', 'F73'),
(11893, 63, 2, '2025-08-22', 1, '461.375700', 1, 'shift', NULL, NULL, '2025-09-04 17:04:08', '2025-09-04 17:04:08', 'G73'),
(11894, 63, 3, '2025-08-22', 1, '1153.086400', 1, 'shift', NULL, NULL, '2025-09-04 17:04:08', '2025-09-04 17:04:08', 'H73'),
(11895, 64, 1, '2025-08-22', 1, '86.031500', 1, 'shift', NULL, NULL, '2025-09-04 17:04:08', '2025-09-04 17:04:08', 'F74'),
(11896, 64, 2, '2025-08-22', 1, '70.436400', 1, 'shift', NULL, NULL, '2025-09-04 17:04:08', '2025-09-04 17:04:08', 'G74'),
(11897, 64, 3, '2025-08-22', 1, '156.467900', 1, 'shift', NULL, NULL, '2025-09-04 17:04:08', '2025-09-04 17:04:08', 'H74'),
(11898, 65, 1, '2025-08-22', 1, '817.885700', 1, 'shift', NULL, NULL, '2025-09-04 17:04:08', '2025-09-04 17:04:08', 'F75'),
(11899, 65, 2, '2025-08-22', 1, '545.767500', 1, 'shift', NULL, NULL, '2025-09-04 17:04:08', '2025-09-04 17:04:08', 'G75'),
(11900, 65, 3, '2025-08-22', 1, '1363.653200', 1, 'shift', NULL, NULL, '2025-09-04 17:04:08', '2025-09-04 17:04:08', 'H75'),
(11901, 66, 1, '2025-08-22', 1, '833.912800', 1, 'shift', NULL, NULL, '2025-09-04 17:04:08', '2025-09-04 17:04:08', 'F76'),
(11902, 66, 2, '2025-08-22', 1, '555.307500', 1, 'shift', NULL, NULL, '2025-09-04 17:04:08', '2025-09-04 17:04:08', 'G76'),
(11903, 66, 3, '2025-08-22', 1, '1389.220300', 1, 'shift', NULL, NULL, '2025-09-04 17:04:08', '2025-09-04 17:04:08', 'H76'),
(11904, 67, 1, '2025-08-22', 1, '49.475100', 1, 'shift', NULL, NULL, '2025-09-04 17:04:08', '2025-09-04 17:04:08', 'F77'),
(11905, 67, 2, '2025-08-22', 1, '45.293400', 1, 'shift', NULL, NULL, '2025-09-04 17:04:08', '2025-09-04 17:04:08', 'G77'),
(11906, 67, 3, '2025-08-22', 1, '47.791500', 1, 'shift', NULL, NULL, '2025-09-04 17:04:08', '2025-09-04 17:04:08', 'H77'),
(11907, 68, 1, '2025-08-22', 1, '-11.978500', 1, 'shift', NULL, NULL, '2025-09-04 17:04:08', '2025-09-04 17:04:08', 'F78'),
(11908, 68, 2, '2025-08-22', 1, '2.493100', 1, 'shift', NULL, NULL, '2025-09-04 17:04:08', '2025-09-04 17:04:08', 'G78'),
(11909, 68, 3, '2025-08-22', 1, '1.753000', 1, 'shift', NULL, NULL, '2025-09-04 17:04:08', '2025-09-04 17:04:08', 'H78'),
(11910, 69, 1, '2025-08-22', 1, '-49.421000', 1, 'shift', NULL, NULL, '2025-09-04 17:04:08', '2025-09-04 17:04:08', 'F79'),
(11911, 69, 2, '2025-08-22', 1, '6.270500', 1, 'shift', NULL, NULL, '2025-09-04 17:04:08', '2025-09-04 17:04:08', 'G79'),
(11912, 69, 3, '2025-08-22', 1, '-43.150600', 1, 'shift', NULL, NULL, '2025-09-04 17:04:08', '2025-09-04 17:04:08', 'H79'),
(11913, 70, 1, '2025-08-22', 1, '248.321000', 1, 'shift', NULL, NULL, '2025-09-04 17:04:08', '2025-09-04 17:04:08', 'F80'),
(11914, 70, 2, '2025-08-22', 1, '271.247500', 1, 'shift', NULL, NULL, '2025-09-04 17:04:08', '2025-09-04 17:04:08', 'G80'),
(11915, 70, 3, '2025-08-22', 1, '257.068800', 1, 'shift', NULL, NULL, '2025-09-04 17:04:08', '2025-09-04 17:04:08', 'H80'),
(11916, 71, 1, '2025-08-22', 1, '0.000000', 1, 'shift', NULL, NULL, '2025-09-04 17:04:08', '2025-09-04 17:04:08', 'F81'),
(11917, 71, 2, '2025-08-22', 1, '0.000000', 1, 'shift', NULL, NULL, '2025-09-04 17:04:08', '2025-09-04 17:04:08', 'G81'),
(11918, 71, 3, '2025-08-22', 1, '0.000000', 1, 'shift', NULL, NULL, '2025-09-04 17:04:08', '2025-09-04 17:04:08', 'H81'),
(11919, 72, 1, '2025-08-22', 1, '248.321000', 1, 'shift', NULL, NULL, '2025-09-04 17:04:08', '2025-09-04 17:04:08', 'F82'),
(11920, 72, 2, '2025-08-22', 1, '271.247500', 1, 'shift', NULL, NULL, '2025-09-04 17:04:08', '2025-09-04 17:04:08', 'G82'),
(11921, 72, 3, '2025-08-22', 1, '257.068800', 1, 'shift', NULL, NULL, '2025-09-04 17:04:08', '2025-09-04 17:04:08', 'H82'),
(11922, 73, 1, '2025-08-22', 1, '11280.589000', 1, 'shift', NULL, NULL, '2025-09-04 17:04:08', '2025-09-04 17:04:08', 'F83'),
(11923, 73, 2, '2025-08-22', 1, '19321.833000', 1, 'shift', NULL, NULL, '2025-09-04 17:04:08', '2025-09-04 17:04:08', 'G83'),
(11924, 73, 3, '2025-08-22', 1, '14387.980800', 1, 'shift', NULL, NULL, '2025-09-04 17:04:08', '2025-09-04 17:04:08', 'H83'),
(11925, 74, 1, '2025-08-22', 1, '-11032.268000', 1, 'shift', NULL, NULL, '2025-09-04 17:04:08', '2025-09-04 17:04:08', 'F84'),
(11926, 74, 2, '2025-08-22', 1, '-19050.585500', 1, 'shift', NULL, NULL, '2025-09-04 17:04:08', '2025-09-04 17:04:08', 'G84'),
(11927, 74, 3, '2025-08-22', 1, '-14130.912000', 1, 'shift', NULL, NULL, '2025-09-04 17:04:08', '2025-09-04 17:04:08', 'H84');

-- --------------------------------------------------------

--
-- Структура таблицы `shifts`
--

CREATE TABLE `shifts` (
  `id` int NOT NULL,
  `name` varchar(20) CHARACTER SET utf8mb4 COLLATE utf8mb4_unicode_ci NOT NULL,
  `start_time` time NOT NULL,
  `end_time` time NOT NULL
) ENGINE=InnoDB DEFAULT CHARSET=utf8mb4 COLLATE=utf8mb4_unicode_ci;

--
-- Дамп данных таблицы `shifts`
--

INSERT INTO `shifts` (`id`, `name`, `start_time`, `end_time`) VALUES
(1, 'Смена 1', '00:00:00', '07:59:59'),
(2, 'Смена 2', '08:00:00', '15:59:59'),
(3, 'Смена 3', '16:00:00', '23:59:59');

-- --------------------------------------------------------

--
-- Структура таблицы `start_reasons`
--

CREATE TABLE `start_reasons` (
  `id` int NOT NULL,
  `name` varchar(255) NOT NULL,
  `description` text
) ENGINE=InnoDB DEFAULT CHARSET=utf8mb4 COLLATE=utf8mb4_0900_ai_ci;

--
-- Дамп данных таблицы `start_reasons`
--

INSERT INTO `start_reasons` (`id`, `name`, `description`) VALUES
(1, 'Холодный', 'Пуск оборудования из холодного состояния'),
(2, 'Неостывший', 'Пуск оборудования из неостывшего состояния'),
(3, 'Горячий', 'Пуск оборудования из горячего состояния');

-- --------------------------------------------------------

--
-- Структура таблицы `stop_reasons`
--

CREATE TABLE `stop_reasons` (
  `id` int NOT NULL,
  `name` varchar(100) CHARACTER SET utf8mb4 COLLATE utf8mb4_unicode_ci NOT NULL,
  `description` text CHARACTER SET utf8mb4 COLLATE utf8mb4_unicode_ci
) ENGINE=InnoDB DEFAULT CHARSET=utf8mb4 COLLATE=utf8mb4_unicode_ci;

--
-- Дамп данных таблицы `stop_reasons`
--

INSERT INTO `stop_reasons` (`id`, `name`, `description`) VALUES
(1, 'аварийный', 'Вынужденный останов из-за аварии'),
(2, 'плановый', 'Плановая остановка для ТО'),
(3, 'резерв', 'Перевод оборудования в резерв');

-- --------------------------------------------------------

--
-- Структура таблицы `tg_parameters`
--

CREATE TABLE `tg_parameters` (
  `id` int NOT NULL,
  `name` varchar(100) CHARACTER SET utf8mb4 COLLATE utf8mb4_unicode_ci NOT NULL,
  `description` text CHARACTER SET utf8mb4 COLLATE utf8mb4_unicode_ci,
  `unit` varchar(50) CHARACTER SET utf8mb4 COLLATE utf8mb4_unicode_ci DEFAULT NULL,
  `equipment_type_id` int NOT NULL
) ENGINE=InnoDB DEFAULT CHARSET=utf8mb4 COLLATE=utf8mb4_unicode_ci;

-- --------------------------------------------------------

--
-- Структура таблицы `tg_parameter_values`
--

CREATE TABLE `tg_parameter_values` (
  `id` int NOT NULL,
  `parameter_id` int NOT NULL,
  `equipment_id` int NOT NULL,
  `value` decimal(10,2) NOT NULL,
  `date` date NOT NULL,
  `shift_id` int NOT NULL,
  `user_id` int NOT NULL,
  `created_at` timestamp NULL DEFAULT CURRENT_TIMESTAMP,
  `cell` varchar(20) CHARACTER SET utf8mb4 COLLATE utf8mb4_unicode_ci DEFAULT NULL
) ENGINE=InnoDB DEFAULT CHARSET=utf8mb4 COLLATE=utf8mb4_unicode_ci;

-- --------------------------------------------------------

--
-- Структура таблицы `tg_result_params`
--

CREATE TABLE `tg_result_params` (
  `id` int NOT NULL,
  `name` varchar(255) CHARACTER SET utf8mb4 COLLATE utf8mb4_unicode_ci NOT NULL,
  `unit` varchar(50) CHARACTER SET utf8mb4 COLLATE utf8mb4_unicode_ci DEFAULT NULL,
  `symbol` varchar(50) CHARACTER SET utf8mb4 COLLATE utf8mb4_unicode_ci DEFAULT NULL,
  `row_num` varchar(20) COLLATE utf8mb4_unicode_ci DEFAULT NULL,
  `category` enum('3a','3b','4') COLLATE utf8mb4_unicode_ci DEFAULT NULL
) ENGINE=InnoDB DEFAULT CHARSET=utf8mb4 COLLATE=utf8mb4_unicode_ci;

--
-- Дамп данных таблицы `tg_result_params`
--

INSERT INTO `tg_result_params` (`id`, `name`, `unit`, `symbol`, `row_num`, `category`) VALUES
(26, 'Выработка электроэнергии, тысяч kW.h: турбоагрегатом', 'тыс. kW·h', 'Эта', '11', '3a'),
(27, 'Отпуск электроэнергии с шин, тысяч kW.h', 'тыс. kW·h', 'Эот', '13', '3a'),
(28, 'Число часов работы, h турбоагрегатом', 'h', 'tтраб', '15', '3a'),
(29, 'Расход питательной воды', 't', 'Gпв', '17', '3a'),
(30, 'Количество пусков т/агрегатов по диспетчерскому графику', NULL, 'nтпуск', '18', '3a'),
(31, 'Средний расход охлаждающей воды через конденсатор турбоагрегата', 'м3/ч', 'Wохл', '19', '3a'),
(32, 'Средняя температура охлаждающей воды на входе в конденсатор', '°C', 't1в', '20', '3a'),
(33, 'Средняя температура охлаждающей воды на выходе из конденсатора', '°C', 't2в', '21', '3a'),
(34, 'Продолжительность работы турбоагрегата от даты разработки нормативной характеристики', 'h', 'tтрес', '22', '3a'),
(35, 'Средняя электрическая нагрузка турбоагрегата (факт)', 'MW', 'Nф', '26', '3a'),
(36, 'Исходно-нормативный расход свежего пара', 't/h', 'D0', '29', '3a'),
(37, 'Исходно-нормативный расход пара в конденсатор', 't/h', 'D2', '30', '3a'),
(38, 'Исходно-нормативное значение удельного расхода тепла брутто на турбоагрегат', 'kcal/kWh', 'qтбр(исх)', '31', '3a'),
(39, 'Поправка на температуру охлаждающей воды', 'kcal/kWh', 'Δqтбр(tов)', '33', '3a'),
(40, 'Поправка на изменение расхода охлаждающей воды', 'kcal/kWh', 'Δqтбр(Wов)', '34', '3a'),
(41, 'Поправка на отработанный ресурс времени (старения)', 'kcal/kWh', 'Δqтбр(рес)', '35', '3a'),
(42, 'Поправка на недогрев питательной воды из-за отсутствия ПВД-7 на блоке №7', 'kcal/kWh', 'Δqтбр(пвд-7)', '36', '3a'),
(43, 'Поправка на работу БИУ', 'kcal/kWh', 'Δqтбр(ИУ)', '37', '3a'),
(44, 'Номинальное значение удельного расхода тепла брутто, с учетом работы БИУ', 'kcal/kWh', 'qтiбр(ном)', '39', '3a'),
(45, 'Исходно-нормативное относительное значение расхода электроэнергии на СН т/агрегата блоков', 'MW', 'Nсн K-200', '41', '3a'),
(46, 'Исходно-нормативное относительное значение расхода электроэнергии на СН т/агрегата блоков, %', '%', 'Эсн K-200', '42', '3a'),
(47, 'Расход электроэнергии на СН \"прочие\" т/агрегата', 'MW', 'Nпр', '44', '3a'),
(48, 'Расход электроэнергии на СН \"прочие\" т/агрегата, %', '%', 'Эпр', '45', '3a'),
(49, 'Суммарный расход электроэнергии на СН с учетом допуска на эксплуатационные условия', 'MW', 'Nтсн(исх)', '48', '3a'),
(50, 'Номинальное относительное значение расхода электроэнергии на СН подгруппы т/агрегатов', '%', 'Этсн(ном)', '49', '3a'),
(51, 'Расчетный расход тепла на турбину', 'Gcal/h', 'Qo', '50', '3a'),
(52, 'Номинальное относительное значение расхода тепла на СН подгруппы т/агрегатов', '%', 'qсн(н)т(пг)', '51', '3a'),
(53, 'Номинальное значение удельного расхода тепла нетто по подгруппе турбоагрегатов', 'kcal/kWh', 'qн(н)т(пг)', '52', '3a');

-- --------------------------------------------------------

--
-- Структура таблицы `tg_result_values`
--

CREATE TABLE `tg_result_values` (
  `id` bigint NOT NULL,
  `param_id` int NOT NULL,
  `tg_id` int NOT NULL COMMENT '7 - ТГ7, 8 - ТГ8, 9 - ОЧ-130',
  `date` date NOT NULL,
  `shift_id` int DEFAULT NULL COMMENT 'NULL для суточных расчетов',
  `value` decimal(15,6) NOT NULL,
  `user_id` int DEFAULT NULL,
  `period_type` enum('shift','day','period') CHARACTER SET utf8mb4 COLLATE utf8mb4_unicode_ci NOT NULL,
  `period_start` date DEFAULT NULL,
  `period_end` date DEFAULT NULL,
  `created_at` timestamp NULL DEFAULT CURRENT_TIMESTAMP,
  `updated_at` timestamp NULL DEFAULT CURRENT_TIMESTAMP ON UPDATE CURRENT_TIMESTAMP,
  `cell` varchar(20) CHARACTER SET utf8mb4 COLLATE utf8mb4_unicode_ci DEFAULT NULL COMMENT 'Ячейка в Excel (например F47, G47, H47)'
) ENGINE=InnoDB DEFAULT CHARSET=utf8mb4 COLLATE=utf8mb4_unicode_ci COMMENT='Значения результатов расчетов ТГ';

-- --------------------------------------------------------

--
-- Структура таблицы `users`
--

CREATE TABLE `users` (
  `id` int NOT NULL,
  `username` varchar(50) CHARACTER SET utf8mb4 COLLATE utf8mb4_unicode_ci NOT NULL,
  `password` varchar(255) CHARACTER SET utf8mb4 COLLATE utf8mb4_unicode_ci NOT NULL,
  `role` enum('рядовой','инженер','менеджер') CHARACTER SET utf8mb4 COLLATE utf8mb4_unicode_ci NOT NULL DEFAULT 'рядовой',
  `created_at` timestamp NULL DEFAULT CURRENT_TIMESTAMP,
  `updated_at` timestamp NULL DEFAULT CURRENT_TIMESTAMP ON UPDATE CURRENT_TIMESTAMP
) ENGINE=InnoDB DEFAULT CHARSET=utf8mb4 COLLATE=utf8mb4_unicode_ci;

--
-- Дамп данных таблицы `users`
--

INSERT INTO `users` (`id`, `username`, `password`, `role`, `created_at`, `updated_at`) VALUES
(1, 'admin', '$2y$10$50xU1GGHHTQaXHez3cbu6evqKxXjTOyN234Hp.7F5nam1Fu/MBtSe', 'менеджер', '2025-05-08 21:58:52', '2025-07-23 20:10:52'),
(2, 'user', '$2y$10$T0hBIF2eFbet4w0XWUeAFOBuLNUjhzHn1jtWUD1.aLmJxIIBh6i8W', 'рядовой', '2025-08-25 10:31:36', '2025-08-25 10:31:36');

--
-- Индексы сохранённых таблиц
--

--
-- Индексы таблицы `equipment`
--
ALTER TABLE `equipment`
  ADD PRIMARY KEY (`id`),
  ADD KEY `type_id` (`type_id`);

--
-- Индексы таблицы `equipment_events`
--
ALTER TABLE `equipment_events`
  ADD PRIMARY KEY (`id`),
  ADD KEY `shift_id` (`shift_id`),
  ADD KEY `user_id` (`user_id`),
  ADD KEY `reason_id` (`reason_id`),
  ADD KEY `idx_eq_time` (`equipment_id`,`event_time`);

--
-- Индексы таблицы `equipment_tool_events`
--
ALTER TABLE `equipment_tool_events`
  ADD PRIMARY KEY (`id`),
  ADD KEY `idx_equipment_tool` (`equipment_id`,`tool_type`),
  ADD KEY `idx_equipment_time` (`equipment_id`,`event_time`),
  ADD KEY `shift_id` (`shift_id`),
  ADD KEY `user_id` (`user_id`);

--
-- Индексы таблицы `equipment_types`
--
ALTER TABLE `equipment_types`
  ADD PRIMARY KEY (`id`),
  ADD UNIQUE KEY `name` (`name`);

--
-- Индексы таблицы `functions`
--
ALTER TABLE `functions`
  ADD PRIMARY KEY (`id`);

--
-- Индексы таблицы `function_coefficients`
--
ALTER TABLE `function_coefficients`
  ADD PRIMARY KEY (`id`),
  ADD UNIQUE KEY `ux_set_index` (`coeff_set_id`,`coeff_index`),
  ADD KEY `idx_set` (`coeff_set_id`);

--
-- Индексы таблицы `function_coeff_sets`
--
ALTER TABLE `function_coeff_sets`
  ADD PRIMARY KEY (`id`),
  ADD UNIQUE KEY `ux_func_x` (`function_id`,`x_value`),
  ADD KEY `idx_func` (`function_id`);

--
-- Индексы таблицы `meters`
--
ALTER TABLE `meters`
  ADD PRIMARY KEY (`id`),
  ADD KEY `meter_type_id` (`meter_type_id`),
  ADD KEY `equipment_id` (`equipment_id`);

--
-- Индексы таблицы `meter_readings`
--
ALTER TABLE `meter_readings`
  ADD PRIMARY KEY (`id`),
  ADD UNIQUE KEY `ux_reading_meter_date` (`meter_id`,`date`),
  ADD KEY `meter_id` (`meter_id`);

--
-- Индексы таблицы `meter_reading_history`
--
ALTER TABLE `meter_reading_history`
  ADD PRIMARY KEY (`history_id`),
  ADD KEY `reading_id` (`reading_id`);

--
-- Индексы таблицы `meter_replacements`
--
ALTER TABLE `meter_replacements`
  ADD PRIMARY KEY (`id`),
  ADD KEY `meter_id` (`meter_id`);

--
-- Индексы таблицы `meter_replacement_cancellations`
--
ALTER TABLE `meter_replacement_cancellations`
  ADD PRIMARY KEY (`id`),
  ADD KEY `fk_cancellation_meter` (`meter_id`),
  ADD KEY `fk_cancellation_replacement` (`replacement_id`),
  ADD KEY `fk_cancellation_user` (`user_id`);

--
-- Индексы таблицы `meter_reserve_assignments`
--
ALTER TABLE `meter_reserve_assignments`
  ADD PRIMARY KEY (`id`),
  ADD KEY `idx_reserve_time` (`reserve_meter_id`,`start_time`),
  ADD KEY `idx_primary_time` (`primary_meter_id`,`start_time`);

--
-- Индексы таблицы `meter_types`
--
ALTER TABLE `meter_types`
  ADD PRIMARY KEY (`id`);

--
-- Индексы таблицы `parameters`
--
ALTER TABLE `parameters`
  ADD PRIMARY KEY (`id`),
  ADD KEY `equipment_type_id` (`equipment_type_id`);

--
-- Индексы таблицы `parameter_values`
--
ALTER TABLE `parameter_values`
  ADD PRIMARY KEY (`id`),
  ADD UNIQUE KEY `unique_parameter_value` (`parameter_id`,`equipment_id`,`date`,`shift_id`),
  ADD KEY `equipment_id` (`equipment_id`),
  ADD KEY `shift_id` (`shift_id`),
  ADD KEY `user_id` (`user_id`);

--
-- Индексы таблицы `pgu_fullparams`
--
ALTER TABLE `pgu_fullparams`
  ADD PRIMARY KEY (`id`);

--
-- Индексы таблицы `pgu_fullparam_values`
--
ALTER TABLE `pgu_fullparam_values`
  ADD PRIMARY KEY (`id`);

--
-- Индексы таблицы `pgu_result_params`
--
ALTER TABLE `pgu_result_params`
  ADD PRIMARY KEY (`id`),
  ADD UNIQUE KEY `name` (`name`);

--
-- Индексы таблицы `pgu_result_values`
--
ALTER TABLE `pgu_result_values`
  ADD PRIMARY KEY (`id`),
  ADD UNIQUE KEY `unique_pgu_result` (`param_id`,`pgu_id`,`date`,`shift_id`),
  ADD KEY `idx_pgu_pgu_date` (`pgu_id`,`date`),
  ADD KEY `idx_pgu_param_date` (`param_id`,`date`),
  ADD KEY `idx_pgu_period_type_date` (`period_type`,`date`),
  ADD KEY `idx_pgu_period_range` (`period_start`,`period_end`),
  ADD KEY `fk_pgu_result_shift` (`shift_id`),
  ADD KEY `fk_pgu_result_user` (`user_id`);

--
-- Индексы таблицы `shifts`
--
ALTER TABLE `shifts`
  ADD PRIMARY KEY (`id`),
  ADD UNIQUE KEY `name` (`name`);

--
-- Индексы таблицы `start_reasons`
--
ALTER TABLE `start_reasons`
  ADD PRIMARY KEY (`id`);

--
-- Индексы таблицы `stop_reasons`
--
ALTER TABLE `stop_reasons`
  ADD PRIMARY KEY (`id`),
  ADD UNIQUE KEY `name` (`name`);

--
-- Индексы таблицы `tg_parameters`
--
ALTER TABLE `tg_parameters`
  ADD PRIMARY KEY (`id`),
  ADD KEY `equipment_type_id` (`equipment_type_id`);

--
-- Индексы таблицы `tg_parameter_values`
--
ALTER TABLE `tg_parameter_values`
  ADD PRIMARY KEY (`id`),
  ADD UNIQUE KEY `unique_tg_parameter_value` (`parameter_id`,`equipment_id`,`date`,`shift_id`),
  ADD KEY `equipment_id` (`equipment_id`),
  ADD KEY `shift_id` (`shift_id`),
  ADD KEY `user_id` (`user_id`);

--
-- Индексы таблицы `tg_result_params`
--
ALTER TABLE `tg_result_params`
  ADD PRIMARY KEY (`id`),
  ADD UNIQUE KEY `name` (`name`);

--
-- Индексы таблицы `tg_result_values`
--
ALTER TABLE `tg_result_values`
  ADD PRIMARY KEY (`id`),
  ADD KEY `idx_tg_result_values_date` (`date`),
  ADD KEY `idx_tg_result_values_param_tg` (`param_id`,`tg_id`),
  ADD KEY `idx_tg_result_values_shift` (`shift_id`),
  ADD KEY `idx_tg_result_values_period` (`period_type`),
  ADD KEY `idx_tg_result_values_cell` (`cell`);

--
-- Индексы таблицы `users`
--
ALTER TABLE `users`
  ADD PRIMARY KEY (`id`),
  ADD UNIQUE KEY `username` (`username`);

--
-- AUTO_INCREMENT для сохранённых таблиц
--

--
-- AUTO_INCREMENT для таблицы `equipment`
--
ALTER TABLE `equipment`
  MODIFY `id` int NOT NULL AUTO_INCREMENT, AUTO_INCREMENT=8;

--
-- AUTO_INCREMENT для таблицы `equipment_events`
--
ALTER TABLE `equipment_events`
  MODIFY `id` int NOT NULL AUTO_INCREMENT, AUTO_INCREMENT=332;

--
-- AUTO_INCREMENT для таблицы `equipment_tool_events`
--
ALTER TABLE `equipment_tool_events`
  MODIFY `id` int NOT NULL AUTO_INCREMENT, AUTO_INCREMENT=134;

--
-- AUTO_INCREMENT для таблицы `equipment_types`
--
ALTER TABLE `equipment_types`
  MODIFY `id` int NOT NULL AUTO_INCREMENT, AUTO_INCREMENT=3;

--
-- AUTO_INCREMENT для таблицы `functions`
--
ALTER TABLE `functions`
  MODIFY `id` int NOT NULL AUTO_INCREMENT, AUTO_INCREMENT=18;

--
-- AUTO_INCREMENT для таблицы `function_coefficients`
--
ALTER TABLE `function_coefficients`
  MODIFY `id` int NOT NULL AUTO_INCREMENT, AUTO_INCREMENT=202;

--
-- AUTO_INCREMENT для таблицы `function_coeff_sets`
--
ALTER TABLE `function_coeff_sets`
  MODIFY `id` int NOT NULL AUTO_INCREMENT, AUTO_INCREMENT=47;

--
-- AUTO_INCREMENT для таблицы `meters`
--
ALTER TABLE `meters`
  MODIFY `id` int NOT NULL AUTO_INCREMENT, AUTO_INCREMENT=60;

--
-- AUTO_INCREMENT для таблицы `meter_readings`
--
ALTER TABLE `meter_readings`
  MODIFY `id` bigint NOT NULL AUTO_INCREMENT, AUTO_INCREMENT=150;

--
-- AUTO_INCREMENT для таблицы `meter_reading_history`
--
ALTER TABLE `meter_reading_history`
  MODIFY `history_id` bigint NOT NULL AUTO_INCREMENT;

--
-- AUTO_INCREMENT для таблицы `meter_replacements`
--
ALTER TABLE `meter_replacements`
  MODIFY `id` bigint NOT NULL AUTO_INCREMENT, AUTO_INCREMENT=44;

--
-- AUTO_INCREMENT для таблицы `meter_replacement_cancellations`
--
ALTER TABLE `meter_replacement_cancellations`
  MODIFY `id` bigint NOT NULL AUTO_INCREMENT, AUTO_INCREMENT=6;

--
-- AUTO_INCREMENT для таблицы `meter_reserve_assignments`
--
ALTER TABLE `meter_reserve_assignments`
  MODIFY `id` bigint NOT NULL AUTO_INCREMENT, AUTO_INCREMENT=18;

--
-- AUTO_INCREMENT для таблицы `meter_types`
--
ALTER TABLE `meter_types`
  MODIFY `id` int NOT NULL AUTO_INCREMENT, AUTO_INCREMENT=5;

--
-- AUTO_INCREMENT для таблицы `parameters`
--
ALTER TABLE `parameters`
  MODIFY `id` int NOT NULL AUTO_INCREMENT, AUTO_INCREMENT=49;

--
-- AUTO_INCREMENT для таблицы `parameter_values`
--
ALTER TABLE `parameter_values`
  MODIFY `id` int NOT NULL AUTO_INCREMENT, AUTO_INCREMENT=215;

--
-- AUTO_INCREMENT для таблицы `pgu_fullparams`
--
ALTER TABLE `pgu_fullparams`
  MODIFY `id` int NOT NULL AUTO_INCREMENT, AUTO_INCREMENT=35;

--
-- AUTO_INCREMENT для таблицы `pgu_fullparam_values`
--
ALTER TABLE `pgu_fullparam_values`
  MODIFY `id` bigint NOT NULL AUTO_INCREMENT, AUTO_INCREMENT=1353;

--
-- AUTO_INCREMENT для таблицы `pgu_result_params`
--
ALTER TABLE `pgu_result_params`
  MODIFY `id` int NOT NULL AUTO_INCREMENT, AUTO_INCREMENT=75;

--
-- AUTO_INCREMENT для таблицы `pgu_result_values`
--
ALTER TABLE `pgu_result_values`
  MODIFY `id` bigint NOT NULL AUTO_INCREMENT, AUTO_INCREMENT=11928;

--
-- AUTO_INCREMENT для таблицы `shifts`
--
ALTER TABLE `shifts`
  MODIFY `id` int NOT NULL AUTO_INCREMENT, AUTO_INCREMENT=4;

--
-- AUTO_INCREMENT для таблицы `start_reasons`
--
ALTER TABLE `start_reasons`
  MODIFY `id` int NOT NULL AUTO_INCREMENT, AUTO_INCREMENT=4;

--
-- AUTO_INCREMENT для таблицы `stop_reasons`
--
ALTER TABLE `stop_reasons`
  MODIFY `id` int NOT NULL AUTO_INCREMENT, AUTO_INCREMENT=4;

--
-- AUTO_INCREMENT для таблицы `tg_parameters`
--
ALTER TABLE `tg_parameters`
  MODIFY `id` int NOT NULL AUTO_INCREMENT, AUTO_INCREMENT=49;

--
-- AUTO_INCREMENT для таблицы `tg_parameter_values`
--
ALTER TABLE `tg_parameter_values`
  MODIFY `id` int NOT NULL AUTO_INCREMENT, AUTO_INCREMENT=187;

--
-- AUTO_INCREMENT для таблицы `tg_result_params`
--
ALTER TABLE `tg_result_params`
  MODIFY `id` int NOT NULL AUTO_INCREMENT, AUTO_INCREMENT=54;

--
-- AUTO_INCREMENT для таблицы `tg_result_values`
--
ALTER TABLE `tg_result_values`
  MODIFY `id` bigint NOT NULL AUTO_INCREMENT;

--
-- AUTO_INCREMENT для таблицы `users`
--
ALTER TABLE `users`
  MODIFY `id` int NOT NULL AUTO_INCREMENT, AUTO_INCREMENT=3;

--
-- Ограничения внешнего ключа сохраненных таблиц
--

--
-- Ограничения внешнего ключа таблицы `equipment`
--
ALTER TABLE `equipment`
  ADD CONSTRAINT `equipment_ibfk_1` FOREIGN KEY (`type_id`) REFERENCES `equipment_types` (`id`);

--
-- Ограничения внешнего ключа таблицы `equipment_events`
--
ALTER TABLE `equipment_events`
  ADD CONSTRAINT `equipment_events_ibfk_1` FOREIGN KEY (`equipment_id`) REFERENCES `equipment` (`id`) ON DELETE CASCADE,
  ADD CONSTRAINT `equipment_events_ibfk_2` FOREIGN KEY (`shift_id`) REFERENCES `shifts` (`id`),
  ADD CONSTRAINT `equipment_events_ibfk_3` FOREIGN KEY (`user_id`) REFERENCES `users` (`id`),
  ADD CONSTRAINT `equipment_events_ibfk_4` FOREIGN KEY (`reason_id`) REFERENCES `stop_reasons` (`id`);

--
-- Ограничения внешнего ключа таблицы `equipment_tool_events`
--
ALTER TABLE `equipment_tool_events`
  ADD CONSTRAINT `equipment_tool_events_ibfk_1` FOREIGN KEY (`equipment_id`) REFERENCES `equipment` (`id`) ON DELETE CASCADE,
  ADD CONSTRAINT `equipment_tool_events_ibfk_2` FOREIGN KEY (`shift_id`) REFERENCES `shifts` (`id`),
  ADD CONSTRAINT `equipment_tool_events_ibfk_3` FOREIGN KEY (`user_id`) REFERENCES `users` (`id`);

--
-- Ограничения внешнего ключа таблицы `function_coefficients`
--
ALTER TABLE `function_coefficients`
  ADD CONSTRAINT `fk_coeffs_coeffset` FOREIGN KEY (`coeff_set_id`) REFERENCES `function_coeff_sets` (`id`) ON DELETE CASCADE;

--
-- Ограничения внешнего ключа таблицы `function_coeff_sets`
--
ALTER TABLE `function_coeff_sets`
  ADD CONSTRAINT `fk_coeffsets_function` FOREIGN KEY (`function_id`) REFERENCES `functions` (`id`) ON DELETE CASCADE;

--
-- Ограничения внешнего ключа таблицы `meters`
--
ALTER TABLE `meters`
  ADD CONSTRAINT `fk_meters_equipment` FOREIGN KEY (`equipment_id`) REFERENCES `equipment` (`id`) ON UPDATE CASCADE,
  ADD CONSTRAINT `fk_meters_type` FOREIGN KEY (`meter_type_id`) REFERENCES `meter_types` (`id`) ON UPDATE CASCADE;

--
-- Ограничения внешнего ключа таблицы `meter_readings`
--
ALTER TABLE `meter_readings`
  ADD CONSTRAINT `fk_readings_meter` FOREIGN KEY (`meter_id`) REFERENCES `meters` (`id`) ON DELETE CASCADE ON UPDATE CASCADE;

--
-- Ограничения внешнего ключа таблицы `meter_reading_history`
--
ALTER TABLE `meter_reading_history`
  ADD CONSTRAINT `fk_history_reading` FOREIGN KEY (`reading_id`) REFERENCES `meter_readings` (`id`) ON DELETE CASCADE ON UPDATE CASCADE;

--
-- Ограничения внешнего ключа таблицы `meter_replacements`
--
ALTER TABLE `meter_replacements`
  ADD CONSTRAINT `fk_repl_meter` FOREIGN KEY (`meter_id`) REFERENCES `meters` (`id`) ON DELETE CASCADE ON UPDATE CASCADE;

--
-- Ограничения внешнего ключа таблицы `meter_replacement_cancellations`
--
ALTER TABLE `meter_replacement_cancellations`
  ADD CONSTRAINT `fk_cancellation_meter` FOREIGN KEY (`meter_id`) REFERENCES `meters` (`id`) ON DELETE CASCADE ON UPDATE CASCADE,
  ADD CONSTRAINT `fk_cancellation_replacement` FOREIGN KEY (`replacement_id`) REFERENCES `meter_replacements` (`id`) ON DELETE CASCADE ON UPDATE CASCADE,
  ADD CONSTRAINT `fk_cancellation_user` FOREIGN KEY (`user_id`) REFERENCES `users` (`id`) ON DELETE SET NULL ON UPDATE CASCADE;

--
-- Ограничения внешнего ключа таблицы `parameters`
--
ALTER TABLE `parameters`
  ADD CONSTRAINT `parameters_ibfk_1` FOREIGN KEY (`equipment_type_id`) REFERENCES `equipment_types` (`id`);

--
-- Ограничения внешнего ключа таблицы `parameter_values`
--
ALTER TABLE `parameter_values`
  ADD CONSTRAINT `parameter_values_ibfk_1` FOREIGN KEY (`parameter_id`) REFERENCES `parameters` (`id`),
  ADD CONSTRAINT `parameter_values_ibfk_2` FOREIGN KEY (`equipment_id`) REFERENCES `equipment` (`id`),
  ADD CONSTRAINT `parameter_values_ibfk_3` FOREIGN KEY (`shift_id`) REFERENCES `shifts` (`id`),
  ADD CONSTRAINT `parameter_values_ibfk_4` FOREIGN KEY (`user_id`) REFERENCES `users` (`id`);

--
-- Ограничения внешнего ключа таблицы `pgu_result_values`
--
ALTER TABLE `pgu_result_values`
  ADD CONSTRAINT `fk_pgu_result_param` FOREIGN KEY (`param_id`) REFERENCES `pgu_result_params` (`id`) ON DELETE CASCADE,
  ADD CONSTRAINT `fk_pgu_result_shift` FOREIGN KEY (`shift_id`) REFERENCES `shifts` (`id`) ON DELETE SET NULL,
  ADD CONSTRAINT `fk_pgu_result_user` FOREIGN KEY (`user_id`) REFERENCES `users` (`id`) ON DELETE SET NULL;

--
-- Ограничения внешнего ключа таблицы `tg_parameters`
--
ALTER TABLE `tg_parameters`
  ADD CONSTRAINT `tg_parameters_ibfk_1` FOREIGN KEY (`equipment_type_id`) REFERENCES `equipment_types` (`id`);

--
-- Ограничения внешнего ключа таблицы `tg_parameter_values`
--
ALTER TABLE `tg_parameter_values`
  ADD CONSTRAINT `tg_parameter_values_ibfk_1` FOREIGN KEY (`parameter_id`) REFERENCES `tg_parameters` (`id`),
  ADD CONSTRAINT `tg_parameter_values_ibfk_2` FOREIGN KEY (`equipment_id`) REFERENCES `equipment` (`id`),
  ADD CONSTRAINT `tg_parameter_values_ibfk_3` FOREIGN KEY (`shift_id`) REFERENCES `shifts` (`id`),
  ADD CONSTRAINT `tg_parameter_values_ibfk_4` FOREIGN KEY (`user_id`) REFERENCES `users` (`id`);
COMMIT;

/*!40101 SET CHARACTER_SET_CLIENT=@OLD_CHARACTER_SET_CLIENT */;
/*!40101 SET CHARACTER_SET_RESULTS=@OLD_CHARACTER_SET_RESULTS */;
/*!40101 SET COLLATION_CONNECTION=@OLD_COLLATION_CONNECTION */;
